student_id,term_id,current_average,prior_average,trend_delta,attendance,status,rule_version,review_required,top_decile_cutoff,reason_codes
1,1,78.47,,,86.46,On Track,EW-Prototype-v1,True,95.07,STABLE_OR_IMPROVING
2,1,79.6,,,88.69,On Track,EW-Prototype-v1,True,95.07,STABLE_OR_IMPROVING
3,1,95.35,,,95.45,Top Performer,EW-Prototype-v1,True,95.07,TOP_DECILE_SCORE;EXEMPLARY_ATTENDANCE
4,1,63.5,,,85.3,On Track,EW-Prototype-v1,True,95.07,STABLE_OR_IMPROVING
5,1,51.64,,,91.0,At Risk,EW-Prototype-v1,True,95.07,SCORE_BELOW_60
6,1,79.17,,,90.65,On Track,EW-Prototype-v1,True,95.07,STABLE_OR_IMPROVING
7,1,78.8,,,87.85,On Track,EW-Prototype-v1,True,95.07,STABLE_OR_IMPROVING
8,1,95.07,,,93.3,Top Performer,EW-Prototype-v1,True,95.07,TOP_DECILE_SCORE;EXEMPLARY_ATTENDANCE
9,1,63.32,,,82.53,On Track,EW-Prototype-v1,True,95.07,STABLE_OR_IMPROVING
10,1,52.94,,,86.45,At Risk,EW-Prototype-v1,True,95.07,SCORE_BELOW_60
11,1,79.4,,,86.85,On Track,EW-Prototype-v1,True,95.07,STABLE_OR_IMPROVING
12,1,79.24,,,86.84,On Track,EW-Prototype-v1,True,95.07,STABLE_OR_IMPROVING
13,1,94.43,,,95.05,On Track,EW-Prototype-v1,True,95.07,STABLE_OR_IMPROVING
14,1,63.25,,,81.67,On Track,EW-Prototype-v1,True,95.07,STABLE_OR_IMPROVING
15,1,54.49,,,90.15,At Risk,EW-Prototype-v1,True,95.07,SCORE_BELOW_60
16,1,80.22,,,84.13,On Track,EW-Prototype-v1,True,95.07,STABLE_OR_IMPROVING
17,1,77.24,,,84.91,On Track,EW-Prototype-v1,True,95.07,STABLE_OR_IMPROVING
18,1,95.07,,,93.76,On Track,EW-Prototype-v1,True,95.07,STABLE_OR_IMPROVING
19,1,63.47,,,80.57,On Track,EW-Prototype-v1,True,95.07,STABLE_OR_IMPROVING
20,1,51.16,,,87.1,At Risk,EW-Prototype-v1,True,95.07,SCORE_BELOW_60
21,1,81.82,,,87.2,On Track,EW-Prototype-v1,True,95.07,STABLE_OR_IMPROVING
22,1,76.51,,,83.89,On Track,EW-Prototype-v1,True,95.07,STABLE_OR_IMPROVING
23,1,96.17,,,97.14,Top Performer,EW-Prototype-v1,True,95.07,TOP_DECILE_SCORE;EXEMPLARY_ATTENDANCE
24,1,63.46,,,85.95,On Track,EW-Prototype-v1,True,95.07,STABLE_OR_IMPROVING
25,1,52.16,,,83.07,At Risk,EW-Prototype-v1,True,95.07,SCORE_BELOW_60
26,1,81.23,,,83.53,On Track,EW-Prototype-v1,True,95.07,STABLE_OR_IMPROVING
27,1,76.76,,,80.45,On Track,EW-Prototype-v1,True,95.07,STABLE_OR_IMPROVING
28,1,95.52,,,96.8,Top Performer,EW-Prototype-v1,True,95.07,TOP_DECILE_SCORE;EXEMPLARY_ATTENDANCE
29,1,63.34,,,86.94,On Track,EW-Prototype-v1,True,95.07,STABLE_OR_IMPROVING
30,1,50.32,,,85.45,At Risk,EW-Prototype-v1,True,95.07,SCORE_BELOW_60
31,1,81.56,,,85.1,On Track,EW-Prototype-v1,True,95.07,STABLE_OR_IMPROVING
32,1,76.39,,,83.2,On Track,EW-Prototype-v1,True,95.07,STABLE_OR_IMPROVING
33,1,93.75,,,95.64,On Track,EW-Prototype-v1,True,95.07,STABLE_OR_IMPROVING
34,1,63.37,,,81.77,On Track,EW-Prototype-v1,True,95.07,STABLE_OR_IMPROVING
35,1,51.83,,,83.73,At Risk,EW-Prototype-v1,True,95.07,SCORE_BELOW_60
36,1,79.89,,,88.12,On Track,EW-Prototype-v1,True,95.07,STABLE_OR_IMPROVING
37,1,78.38,,,87.28,On Track,EW-Prototype-v1,True,95.07,STABLE_OR_IMPROVING
38,1,96.68,,,94.17,Top Performer,EW-Prototype-v1,True,95.07,TOP_DECILE_SCORE;EXEMPLARY_ATTENDANCE
39,1,63.47,,,86.65,On Track,EW-Prototype-v1,True,95.07,STABLE_OR_IMPROVING
40,1,52.75,,,91.15,At Risk,EW-Prototype-v1,True,95.07,SCORE_BELOW_60
41,1,78.35,,,86.89,On Track,EW-Prototype-v1,True,95.07,STABLE_OR_IMPROVING
42,1,78.21,,,85.85,On Track,EW-Prototype-v1,True,95.07,STABLE_OR_IMPROVING
43,1,95.8,,,93.67,Top Performer,EW-Prototype-v1,True,95.07,TOP_DECILE_SCORE;EXEMPLARY_ATTENDANCE
44,1,63.48,,,87.46,On Track,EW-Prototype-v1,True,95.07,STABLE_OR_IMPROVING
45,1,53.36,,,86.3,At Risk,EW-Prototype-v1,True,95.07,SCORE_BELOW_60
46,1,79.51,,,90.3,On Track,EW-Prototype-v1,True,95.07,STABLE_OR_IMPROVING
47,1,76.68,,,87.1,On Track,EW-Prototype-v1,True,95.07,STABLE_OR_IMPROVING
48,1,95.06,,,92.56,On Track,EW-Prototype-v1,True,95.07,STABLE_OR_IMPROVING
49,1,63.15,,,87.87,On Track,EW-Prototype-v1,True,95.07,STABLE_OR_IMPROVING
50,1,52.44,,,87.09,At Risk,EW-Prototype-v1,True,95.07,SCORE_BELOW_60
51,1,79.5,,,84.73,On Track,EW-Prototype-v1,True,95.07,STABLE_OR_IMPROVING
52,1,79.28,,,84.18,On Track,EW-Prototype-v1,True,95.07,STABLE_OR_IMPROVING
53,1,93.99,,,94.76,On Track,EW-Prototype-v1,True,95.07,STABLE_OR_IMPROVING
54,1,63.38,,,84.23,On Track,EW-Prototype-v1,True,95.07,STABLE_OR_IMPROVING
55,1,50.34,,,83.92,At Risk,EW-Prototype-v1,True,95.07,SCORE_BELOW_60
56,1,79.21,,,83.27,On Track,EW-Prototype-v1,True,95.07,STABLE_OR_IMPROVING
57,1,78.53,,,85.23,On Track,EW-Prototype-v1,True,95.07,STABLE_OR_IMPROVING
58,1,94.45,,,93.73,On Track,EW-Prototype-v1,True,95.07,STABLE_OR_IMPROVING
59,1,63.16,,,83.55,On Track,EW-Prototype-v1,True,95.07,STABLE_OR_IMPROVING
60,1,50.71,,,90.5,At Risk,EW-Prototype-v1,True,95.07,SCORE_BELOW_60
61,1,80.28,,,84.84,On Track,EW-Prototype-v1,True,95.07,STABLE_OR_IMPROVING
62,1,78.48,,,87.21,On Track,EW-Prototype-v1,True,95.07,STABLE_OR_IMPROVING
63,1,94.89,,,94.91,On Track,EW-Prototype-v1,True,95.07,STABLE_OR_IMPROVING
64,1,63.67,,,86.91,On Track,EW-Prototype-v1,True,95.07,STABLE_OR_IMPROVING
65,1,50.75,,,82.49,At Risk,EW-Prototype-v1,True,95.07,SCORE_BELOW_60
66,1,78.33,,,86.34,On Track,EW-Prototype-v1,True,95.07,STABLE_OR_IMPROVING
67,1,78.98,,,88.37,On Track,EW-Prototype-v1,True,95.07,STABLE_OR_IMPROVING
68,1,95.48,,,95.02,Top Performer,EW-Prototype-v1,True,95.07,TOP_DECILE_SCORE;EXEMPLARY_ATTENDANCE
69,1,63.4,,,86.49,On Track,EW-Prototype-v1,True,95.07,STABLE_OR_IMPROVING
70,1,51.55,,,86.4,At Risk,EW-Prototype-v1,True,95.07,SCORE_BELOW_60
71,1,79.82,,,84.5,On Track,EW-Prototype-v1,True,95.07,STABLE_OR_IMPROVING
72,1,77.68,,,86.5,On Track,EW-Prototype-v1,True,95.07,STABLE_OR_IMPROVING
73,1,94.33,,,94.22,On Track,EW-Prototype-v1,True,95.07,STABLE_OR_IMPROVING
74,1,63.29,,,81.92,On Track,EW-Prototype-v1,True,95.07,STABLE_OR_IMPROVING
75,1,50.86,,,85.41,At Risk,EW-Prototype-v1,True,95.07,SCORE_BELOW_60
76,1,79.83,,,86.28,On Track,EW-Prototype-v1,True,95.07,STABLE_OR_IMPROVING
77,1,79.71,,,88.42,On Track,EW-Prototype-v1,True,95.07,STABLE_OR_IMPROVING
78,1,94.88,,,93.15,On Track,EW-Prototype-v1,True,95.07,STABLE_OR_IMPROVING
79,1,63.39,,,83.87,On Track,EW-Prototype-v1,True,95.07,STABLE_OR_IMPROVING
80,1,51.89,,,81.88,At Risk,EW-Prototype-v1,True,95.07,SCORE_BELOW_60
81,1,79.42,,,86.33,On Track,EW-Prototype-v1,True,95.07,STABLE_OR_IMPROVING
82,1,76.79,,,87.46,On Track,EW-Prototype-v1,True,95.07,STABLE_OR_IMPROVING
83,1,94.76,,,94.01,On Track,EW-Prototype-v1,True,95.07,STABLE_OR_IMPROVING
84,1,63.42,,,90.1,On Track,EW-Prototype-v1,True,95.07,STABLE_OR_IMPROVING
85,1,52.07,,,82.53,At Risk,EW-Prototype-v1,True,95.07,SCORE_BELOW_60
86,1,80.58,,,85.04,On Track,EW-Prototype-v1,True,95.07,STABLE_OR_IMPROVING
87,1,76.56,,,85.27,On Track,EW-Prototype-v1,True,95.07,STABLE_OR_IMPROVING
88,1,95.07,,,90.92,Top Performer,EW-Prototype-v1,True,95.07,TOP_DECILE_SCORE;EXEMPLARY_ATTENDANCE
89,1,63.35,,,89.54,On Track,EW-Prototype-v1,True,95.07,STABLE_OR_IMPROVING
90,1,53.52,,,89.18,At Risk,EW-Prototype-v1,True,95.07,SCORE_BELOW_60
91,1,80.6,,,86.69,On Track,EW-Prototype-v1,True,95.07,STABLE_OR_IMPROVING
92,1,77.97,,,87.19,On Track,EW-Prototype-v1,True,95.07,STABLE_OR_IMPROVING
93,1,95.74,,,96.79,Top Performer,EW-Prototype-v1,True,95.07,TOP_DECILE_SCORE;EXEMPLARY_ATTENDANCE
94,1,63.46,,,83.46,On Track,EW-Prototype-v1,True,95.07,STABLE_OR_IMPROVING
95,1,51.42,,,84.18,At Risk,EW-Prototype-v1,True,95.07,SCORE_BELOW_60
96,1,81.36,,,87.3,On Track,EW-Prototype-v1,True,95.07,STABLE_OR_IMPROVING
97,1,78.91,,,84.96,On Track,EW-Prototype-v1,True,95.07,STABLE_OR_IMPROVING
98,1,96.15,,,92.78,Top Performer,EW-Prototype-v1,True,95.07,TOP_DECILE_SCORE;EXEMPLARY_ATTENDANCE
99,1,63.43,,,85.59,On Track,EW-Prototype-v1,True,95.07,STABLE_OR_IMPROVING
100,1,52.28,,,85.83,At Risk,EW-Prototype-v1,True,95.07,SCORE_BELOW_60
101,1,80.89,,,84.64,On Track,EW-Prototype-v1,True,95.07,STABLE_OR_IMPROVING
102,1,78.42,,,85.41,On Track,EW-Prototype-v1,True,95.07,STABLE_OR_IMPROVING
103,1,95.84,,,93.21,Top Performer,EW-Prototype-v1,True,95.07,TOP_DECILE_SCORE;EXEMPLARY_ATTENDANCE
104,1,63.52,,,84.53,On Track,EW-Prototype-v1,True,95.07,STABLE_OR_IMPROVING
105,1,51.66,,,81.91,At Risk,EW-Prototype-v1,True,95.07,SCORE_BELOW_60
106,1,79.29,,,85.79,On Track,EW-Prototype-v1,True,95.07,STABLE_OR_IMPROVING
107,1,78.03,,,79.34,On Track,EW-Prototype-v1,True,95.07,STABLE_OR_IMPROVING
108,1,93.16,,,95.73,On Track,EW-Prototype-v1,True,95.07,STABLE_OR_IMPROVING
109,1,63.35,,,82.96,On Track,EW-Prototype-v1,True,95.07,STABLE_OR_IMPROVING
110,1,52.24,,,85.43,At Risk,EW-Prototype-v1,True,95.07,SCORE_BELOW_60
111,1,80.11,,,89.41,On Track,EW-Prototype-v1,True,95.07,STABLE_OR_IMPROVING
112,1,78.15,,,84.93,On Track,EW-Prototype-v1,True,95.07,STABLE_OR_IMPROVING
113,1,94.33,,,93.33,On Track,EW-Prototype-v1,True,95.07,STABLE_OR_IMPROVING
114,1,63.45,,,84.99,On Track,EW-Prototype-v1,True,95.07,STABLE_OR_IMPROVING
115,1,49.87,,,82.99,At Risk,EW-Prototype-v1,True,95.07,SCORE_BELOW_60
116,1,77.27,,,90.6,On Track,EW-Prototype-v1,True,95.07,STABLE_OR_IMPROVING
117,1,75.58,,,87.61,On Track,EW-Prototype-v1,True,95.07,STABLE_OR_IMPROVING
118,1,95.9,,,94.59,Top Performer,EW-Prototype-v1,True,95.07,TOP_DECILE_SCORE;EXEMPLARY_ATTENDANCE
119,1,63.37,,,85.49,On Track,EW-Prototype-v1,True,95.07,STABLE_OR_IMPROVING
120,1,51.54,,,86.05,At Risk,EW-Prototype-v1,True,95.07,SCORE_BELOW_60
121,1,80.38,,,86.35,On Track,EW-Prototype-v1,True,95.07,STABLE_OR_IMPROVING
122,1,77.65,,,87.6,On Track,EW-Prototype-v1,True,95.07,STABLE_OR_IMPROVING
123,1,95.99,,,94.84,Top Performer,EW-Prototype-v1,True,95.07,TOP_DECILE_SCORE;EXEMPLARY_ATTENDANCE
124,1,63.3,,,87.02,On Track,EW-Prototype-v1,True,95.07,STABLE_OR_IMPROVING
125,1,52.17,,,90.57,At Risk,EW-Prototype-v1,True,95.07,SCORE_BELOW_60
126,1,81.44,,,91.68,On Track,EW-Prototype-v1,True,95.07,STABLE_OR_IMPROVING
127,1,78.27,,,82.39,On Track,EW-Prototype-v1,True,95.07,STABLE_OR_IMPROVING
128,1,94.51,,,94.45,On Track,EW-Prototype-v1,True,95.07,STABLE_OR_IMPROVING
129,1,63.29,,,84.72,On Track,EW-Prototype-v1,True,95.07,STABLE_OR_IMPROVING
130,1,52.65,,,84.44,At Risk,EW-Prototype-v1,True,95.07,SCORE_BELOW_60
131,1,79.6,,,83.91,On Track,EW-Prototype-v1,True,95.07,STABLE_OR_IMPROVING
132,1,77.61,,,87.0,On Track,EW-Prototype-v1,True,95.07,STABLE_OR_IMPROVING
133,1,95.19,,,97.51,Top Performer,EW-Prototype-v1,True,95.07,TOP_DECILE_SCORE;EXEMPLARY_ATTENDANCE
134,1,63.38,,,90.4,On Track,EW-Prototype-v1,True,95.07,STABLE_OR_IMPROVING
135,1,49.87,,,90.21,At Risk,EW-Prototype-v1,True,95.07,SCORE_BELOW_60
136,1,79.21,,,83.46,On Track,EW-Prototype-v1,True,95.07,STABLE_OR_IMPROVING
137,1,77.35,,,89.89,On Track,EW-Prototype-v1,True,95.07,STABLE_OR_IMPROVING
138,1,95.21,,,97.91,Top Performer,EW-Prototype-v1,True,95.07,TOP_DECILE_SCORE;EXEMPLARY_ATTENDANCE
139,1,63.32,,,86.28,On Track,EW-Prototype-v1,True,95.07,STABLE_OR_IMPROVING
140,1,50.77,,,89.07,At Risk,EW-Prototype-v1,True,95.07,SCORE_BELOW_60
141,1,80.64,,,83.45,On Track,EW-Prototype-v1,True,95.07,STABLE_OR_IMPROVING
142,1,76.66,,,88.95,On Track,EW-Prototype-v1,True,95.07,STABLE_OR_IMPROVING
143,1,95.82,,,93.7,Top Performer,EW-Prototype-v1,True,95.07,TOP_DECILE_SCORE;EXEMPLARY_ATTENDANCE
144,1,63.33,,,88.75,On Track,EW-Prototype-v1,True,95.07,STABLE_OR_IMPROVING
145,1,52.85,,,88.87,At Risk,EW-Prototype-v1,True,95.07,SCORE_BELOW_60
146,1,79.79,,,87.64,On Track,EW-Prototype-v1,True,95.07,STABLE_OR_IMPROVING
147,1,76.05,,,80.39,On Track,EW-Prototype-v1,True,95.07,STABLE_OR_IMPROVING
148,1,95.74,,,96.63,Top Performer,EW-Prototype-v1,True,95.07,TOP_DECILE_SCORE;EXEMPLARY_ATTENDANCE
149,1,63.41,,,85.33,On Track,EW-Prototype-v1,True,95.07,STABLE_OR_IMPROVING
150,1,51.31,,,86.27,At Risk,EW-Prototype-v1,True,95.07,SCORE_BELOW_60
151,1,80.86,,,86.92,On Track,EW-Prototype-v1,True,95.07,STABLE_OR_IMPROVING
152,1,77.69,,,86.79,On Track,EW-Prototype-v1,True,95.07,STABLE_OR_IMPROVING
153,1,93.06,,,97.78,On Track,EW-Prototype-v1,True,95.07,STABLE_OR_IMPROVING
154,1,63.43,,,87.31,On Track,EW-Prototype-v1,True,95.07,STABLE_OR_IMPROVING
155,1,52.51,,,86.82,At Risk,EW-Prototype-v1,True,95.07,SCORE_BELOW_60
156,1,80.44,,,84.4,On Track,EW-Prototype-v1,True,95.07,STABLE_OR_IMPROVING
157,1,79.43,,,88.51,On Track,EW-Prototype-v1,True,95.07,STABLE_OR_IMPROVING
158,1,95.53,,,93.2,Top Performer,EW-Prototype-v1,True,95.07,TOP_DECILE_SCORE;EXEMPLARY_ATTENDANCE
159,1,63.56,,,86.59,On Track,EW-Prototype-v1,True,95.07,STABLE_OR_IMPROVING
160,1,52.18,,,84.58,At Risk,EW-Prototype-v1,True,95.07,SCORE_BELOW_60
161,1,80.16,,,85.28,On Track,EW-Prototype-v1,True,95.07,STABLE_OR_IMPROVING
162,1,78.53,,,85.31,On Track,EW-Prototype-v1,True,95.07,STABLE_OR_IMPROVING
163,1,95.26,,,96.08,Top Performer,EW-Prototype-v1,True,95.07,TOP_DECILE_SCORE;EXEMPLARY_ATTENDANCE
164,1,63.46,,,85.26,On Track,EW-Prototype-v1,True,95.07,STABLE_OR_IMPROVING
165,1,52.44,,,83.71,At Risk,EW-Prototype-v1,True,95.07,SCORE_BELOW_60
166,1,80.0,,,80.75,On Track,EW-Prototype-v1,True,95.07,STABLE_OR_IMPROVING
167,1,77.88,,,84.86,On Track,EW-Prototype-v1,True,95.07,STABLE_OR_IMPROVING
168,1,95.52,,,94.27,Top Performer,EW-Prototype-v1,True,95.07,TOP_DECILE_SCORE;EXEMPLARY_ATTENDANCE
169,1,63.43,,,85.63,On Track,EW-Prototype-v1,True,95.07,STABLE_OR_IMPROVING
170,1,53.92,,,84.05,At Risk,EW-Prototype-v1,True,95.07,SCORE_BELOW_60
171,1,78.78,,,81.92,On Track,EW-Prototype-v1,True,95.07,STABLE_OR_IMPROVING
172,1,77.89,,,85.72,On Track,EW-Prototype-v1,True,95.07,STABLE_OR_IMPROVING
173,1,95.71,,,94.55,Top Performer,EW-Prototype-v1,True,95.07,TOP_DECILE_SCORE;EXEMPLARY_ATTENDANCE
174,1,63.45,,,91.07,On Track,EW-Prototype-v1,True,95.07,STABLE_OR_IMPROVING
175,1,52.73,,,84.13,At Risk,EW-Prototype-v1,True,95.07,SCORE_BELOW_60
176,1,80.38,,,85.55,On Track,EW-Prototype-v1,True,95.07,STABLE_OR_IMPROVING
177,1,76.96,,,89.84,On Track,EW-Prototype-v1,True,95.07,STABLE_OR_IMPROVING
178,1,96.79,,,96.03,Top Performer,EW-Prototype-v1,True,95.07,TOP_DECILE_SCORE;EXEMPLARY_ATTENDANCE
179,1,63.46,,,84.83,On Track,EW-Prototype-v1,True,95.07,STABLE_OR_IMPROVING
180,1,53.22,,,85.52,At Risk,EW-Prototype-v1,True,95.07,SCORE_BELOW_60
181,1,79.98,,,87.11,On Track,EW-Prototype-v1,True,95.07,STABLE_OR_IMPROVING
182,1,78.83,,,83.54,On Track,EW-Prototype-v1,True,95.07,STABLE_OR_IMPROVING
183,1,94.91,,,93.67,On Track,EW-Prototype-v1,True,95.07,STABLE_OR_IMPROVING
184,1,63.41,,,82.46,On Track,EW-Prototype-v1,True,95.07,STABLE_OR_IMPROVING
185,1,51.22,,,90.01,At Risk,EW-Prototype-v1,True,95.07,SCORE_BELOW_60
186,1,81.67,,,86.42,On Track,EW-Prototype-v1,True,95.07,STABLE_OR_IMPROVING
187,1,79.13,,,89.48,On Track,EW-Prototype-v1,True,95.07,STABLE_OR_IMPROVING
188,1,95.01,,,93.96,On Track,EW-Prototype-v1,True,95.07,STABLE_OR_IMPROVING
189,1,63.4,,,88.21,On Track,EW-Prototype-v1,True,95.07,STABLE_OR_IMPROVING
190,1,51.37,,,86.11,At Risk,EW-Prototype-v1,True,95.07,SCORE_BELOW_60
191,1,79.35,,,85.72,On Track,EW-Prototype-v1,True,95.07,STABLE_OR_IMPROVING
192,1,77.68,,,89.7,On Track,EW-Prototype-v1,True,95.07,STABLE_OR_IMPROVING
193,1,94.54,,,93.82,On Track,EW-Prototype-v1,True,95.07,STABLE_OR_IMPROVING
194,1,63.57,,,87.85,On Track,EW-Prototype-v1,True,95.07,STABLE_OR_IMPROVING
195,1,49.4,,,82.99,At Risk,EW-Prototype-v1,True,95.07,SCORE_BELOW_60
196,1,79.96,,,87.41,On Track,EW-Prototype-v1,True,95.07,STABLE_OR_IMPROVING
197,1,79.51,,,85.96,On Track,EW-Prototype-v1,True,95.07,STABLE_OR_IMPROVING
198,1,95.14,,,96.55,Top Performer,EW-Prototype-v1,True,95.07,TOP_DECILE_SCORE;EXEMPLARY_ATTENDANCE
199,1,63.48,,,86.18,On Track,EW-Prototype-v1,True,95.07,STABLE_OR_IMPROVING
200,1,52.27,,,85.4,At Risk,EW-Prototype-v1,True,95.07,SCORE_BELOW_60
201,1,79.85,,,83.86,On Track,EW-Prototype-v1,True,95.07,STABLE_OR_IMPROVING
202,1,77.58,,,84.25,On Track,EW-Prototype-v1,True,95.07,STABLE_OR_IMPROVING
203,1,93.44,,,97.6,On Track,EW-Prototype-v1,True,95.07,STABLE_OR_IMPROVING
204,1,63.31,,,92.66,On Track,EW-Prototype-v1,True,95.07,STABLE_OR_IMPROVING
205,1,52.77,,,85.94,At Risk,EW-Prototype-v1,True,95.07,SCORE_BELOW_60
206,1,81.08,,,88.57,On Track,EW-Prototype-v1,True,95.07,STABLE_OR_IMPROVING
207,1,79.06,,,83.11,On Track,EW-Prototype-v1,True,95.07,STABLE_OR_IMPROVING
208,1,93.04,,,94.99,On Track,EW-Prototype-v1,True,95.07,STABLE_OR_IMPROVING
209,1,63.58,,,87.12,On Track,EW-Prototype-v1,True,95.07,STABLE_OR_IMPROVING
210,1,50.47,,,86.41,At Risk,EW-Prototype-v1,True,95.07,SCORE_BELOW_60
211,1,82.06,,,85.57,On Track,EW-Prototype-v1,True,95.07,STABLE_OR_IMPROVING
212,1,76.52,,,80.63,On Track,EW-Prototype-v1,True,95.07,STABLE_OR_IMPROVING
213,1,96.05,,,93.82,Top Performer,EW-Prototype-v1,True,95.07,TOP_DECILE_SCORE;EXEMPLARY_ATTENDANCE
214,1,63.39,,,87.72,On Track,EW-Prototype-v1,True,95.07,STABLE_OR_IMPROVING
215,1,52.1,,,85.82,At Risk,EW-Prototype-v1,True,95.07,SCORE_BELOW_60
216,1,80.66,,,84.14,On Track,EW-Prototype-v1,True,95.07,STABLE_OR_IMPROVING
217,1,79.9,,,85.32,On Track,EW-Prototype-v1,True,95.07,STABLE_OR_IMPROVING
218,1,94.99,,,94.41,On Track,EW-Prototype-v1,True,95.07,STABLE_OR_IMPROVING
219,1,63.34,,,84.72,On Track,EW-Prototype-v1,True,95.07,STABLE_OR_IMPROVING
220,1,50.14,,,88.81,At Risk,EW-Prototype-v1,True,95.07,SCORE_BELOW_60
221,1,79.65,,,92.43,On Track,EW-Prototype-v1,True,95.07,STABLE_OR_IMPROVING
222,1,77.58,,,84.74,On Track,EW-Prototype-v1,True,95.07,STABLE_OR_IMPROVING
223,1,93.9,,,91.35,On Track,EW-Prototype-v1,True,95.07,STABLE_OR_IMPROVING
224,1,63.33,,,86.68,On Track,EW-Prototype-v1,True,95.07,STABLE_OR_IMPROVING
225,1,52.93,,,80.75,At Risk,EW-Prototype-v1,True,95.07,SCORE_BELOW_60
226,1,80.96,,,86.49,On Track,EW-Prototype-v1,True,95.07,STABLE_OR_IMPROVING
227,1,76.76,,,90.18,On Track,EW-Prototype-v1,True,95.07,STABLE_OR_IMPROVING
228,1,94.94,,,92.37,On Track,EW-Prototype-v1,True,95.07,STABLE_OR_IMPROVING
229,1,63.43,,,83.42,On Track,EW-Prototype-v1,True,95.07,STABLE_OR_IMPROVING
230,1,52.49,,,83.84,At Risk,EW-Prototype-v1,True,95.07,SCORE_BELOW_60
231,1,80.68,,,85.89,On Track,EW-Prototype-v1,True,95.07,STABLE_OR_IMPROVING
232,1,77.25,,,83.99,On Track,EW-Prototype-v1,True,95.07,STABLE_OR_IMPROVING
233,1,96.18,,,91.03,Top Performer,EW-Prototype-v1,True,95.07,TOP_DECILE_SCORE;EXEMPLARY_ATTENDANCE
234,1,63.47,,,85.82,On Track,EW-Prototype-v1,True,95.07,STABLE_OR_IMPROVING
235,1,52.0,,,84.66,At Risk,EW-Prototype-v1,True,95.07,SCORE_BELOW_60
236,1,78.29,,,88.61,On Track,EW-Prototype-v1,True,95.07,STABLE_OR_IMPROVING
237,1,77.89,,,81.46,On Track,EW-Prototype-v1,True,95.07,STABLE_OR_IMPROVING
238,1,94.29,,,93.13,On Track,EW-Prototype-v1,True,95.07,STABLE_OR_IMPROVING
239,1,63.52,,,92.34,On Track,EW-Prototype-v1,True,95.07,STABLE_OR_IMPROVING
240,1,50.48,,,88.24,At Risk,EW-Prototype-v1,True,95.07,SCORE_BELOW_60
241,1,81.74,,,86.88,On Track,EW-Prototype-v1,True,95.07,STABLE_OR_IMPROVING
242,1,78.6,,,83.44,On Track,EW-Prototype-v1,True,95.07,STABLE_OR_IMPROVING
243,1,95.46,,,94.19,Top Performer,EW-Prototype-v1,True,95.07,TOP_DECILE_SCORE;EXEMPLARY_ATTENDANCE
244,1,63.4,,,82.34,On Track,EW-Prototype-v1,True,95.07,STABLE_OR_IMPROVING
245,1,52.19,,,84.28,At Risk,EW-Prototype-v1,True,95.07,SCORE_BELOW_60
246,1,80.48,,,87.35,On Track,EW-Prototype-v1,True,95.07,STABLE_OR_IMPROVING
247,1,79.6,,,87.64,On Track,EW-Prototype-v1,True,95.07,STABLE_OR_IMPROVING
248,1,94.46,,,97.29,On Track,EW-Prototype-v1,True,95.07,STABLE_OR_IMPROVING
249,1,63.36,,,92.24,On Track,EW-Prototype-v1,True,95.07,STABLE_OR_IMPROVING
250,1,52.35,,,88.43,At Risk,EW-Prototype-v1,True,95.07,SCORE_BELOW_60
251,1,80.13,,,89.79,On Track,EW-Prototype-v1,True,95.07,STABLE_OR_IMPROVING
252,1,76.94,,,85.89,On Track,EW-Prototype-v1,True,95.07,STABLE_OR_IMPROVING
253,1,96.03,,,95.13,Top Performer,EW-Prototype-v1,True,95.07,TOP_DECILE_SCORE;EXEMPLARY_ATTENDANCE
254,1,63.23,,,84.05,On Track,EW-Prototype-v1,True,95.07,STABLE_OR_IMPROVING
255,1,52.9,,,83.91,At Risk,EW-Prototype-v1,True,95.07,SCORE_BELOW_60
256,1,78.94,,,89.88,On Track,EW-Prototype-v1,True,95.07,STABLE_OR_IMPROVING
257,1,78.42,,,85.81,On Track,EW-Prototype-v1,True,95.07,STABLE_OR_IMPROVING
258,1,94.45,,,95.28,On Track,EW-Prototype-v1,True,95.07,STABLE_OR_IMPROVING
259,1,63.36,,,87.04,On Track,EW-Prototype-v1,True,95.07,STABLE_OR_IMPROVING
260,1,52.14,,,81.52,At Risk,EW-Prototype-v1,True,95.07,SCORE_BELOW_60
261,1,80.32,,,83.1,On Track,EW-Prototype-v1,True,95.07,STABLE_OR_IMPROVING
262,1,77.44,,,90.51,On Track,EW-Prototype-v1,True,95.07,STABLE_OR_IMPROVING
263,1,93.75,,,94.45,On Track,EW-Prototype-v1,True,95.07,STABLE_OR_IMPROVING
264,1,63.56,,,87.4,On Track,EW-Prototype-v1,True,95.07,STABLE_OR_IMPROVING
265,1,50.99,,,87.04,At Risk,EW-Prototype-v1,True,95.07,SCORE_BELOW_60
266,1,79.7,,,81.61,On Track,EW-Prototype-v1,True,95.07,STABLE_OR_IMPROVING
267,1,78.63,,,89.21,On Track,EW-Prototype-v1,True,95.07,STABLE_OR_IMPROVING
268,1,94.01,,,94.15,On Track,EW-Prototype-v1,True,95.07,STABLE_OR_IMPROVING
269,1,63.45,,,84.07,On Track,EW-Prototype-v1,True,95.07,STABLE_OR_IMPROVING
270,1,53.6,,,85.77,At Risk,EW-Prototype-v1,True,95.07,SCORE_BELOW_60
271,1,80.56,,,90.92,On Track,EW-Prototype-v1,True,95.07,STABLE_OR_IMPROVING
272,1,79.04,,,86.76,On Track,EW-Prototype-v1,True,95.07,STABLE_OR_IMPROVING
273,1,95.54,,,95.23,Top Performer,EW-Prototype-v1,True,95.07,TOP_DECILE_SCORE;EXEMPLARY_ATTENDANCE
274,1,63.53,,,85.82,On Track,EW-Prototype-v1,True,95.07,STABLE_OR_IMPROVING
275,1,52.89,,,85.85,At Risk,EW-Prototype-v1,True,95.07,SCORE_BELOW_60
276,1,78.82,,,91.62,On Track,EW-Prototype-v1,True,95.07,STABLE_OR_IMPROVING
277,1,77.96,,,88.01,On Track,EW-Prototype-v1,True,95.07,STABLE_OR_IMPROVING
278,1,93.32,,,96.71,On Track,EW-Prototype-v1,True,95.07,STABLE_OR_IMPROVING
279,1,63.46,,,88.33,On Track,EW-Prototype-v1,True,95.07,STABLE_OR_IMPROVING
280,1,51.07,,,86.93,At Risk,EW-Prototype-v1,True,95.07,SCORE_BELOW_60
281,1,80.43,,,83.66,On Track,EW-Prototype-v1,True,95.07,STABLE_OR_IMPROVING
282,1,78.28,,,86.53,On Track,EW-Prototype-v1,True,95.07,STABLE_OR_IMPROVING
283,1,95.4,,,94.92,Top Performer,EW-Prototype-v1,True,95.07,TOP_DECILE_SCORE;EXEMPLARY_ATTENDANCE
284,1,63.42,,,81.92,On Track,EW-Prototype-v1,True,95.07,STABLE_OR_IMPROVING
285,1,51.94,,,89.69,At Risk,EW-Prototype-v1,True,95.07,SCORE_BELOW_60
286,1,79.6,,,84.85,On Track,EW-Prototype-v1,True,95.07,STABLE_OR_IMPROVING
287,1,79.24,,,86.98,On Track,EW-Prototype-v1,True,95.07,STABLE_OR_IMPROVING
288,1,94.54,,,94.95,On Track,EW-Prototype-v1,True,95.07,STABLE_OR_IMPROVING
289,1,63.39,,,84.15,On Track,EW-Prototype-v1,True,95.07,STABLE_OR_IMPROVING
290,1,52.57,,,85.3,At Risk,EW-Prototype-v1,True,95.07,SCORE_BELOW_60
291,1,80.65,,,86.23,On Track,EW-Prototype-v1,True,95.07,STABLE_OR_IMPROVING
292,1,77.91,,,85.2,On Track,EW-Prototype-v1,True,95.07,STABLE_OR_IMPROVING
293,1,94.14,,,95.01,On Track,EW-Prototype-v1,True,95.07,STABLE_OR_IMPROVING
294,1,63.53,,,85.85,On Track,EW-Prototype-v1,True,95.07,STABLE_OR_IMPROVING
295,1,52.41,,,88.66,At Risk,EW-Prototype-v1,True,95.07,SCORE_BELOW_60
296,1,78.75,,,89.35,On Track,EW-Prototype-v1,True,95.07,STABLE_OR_IMPROVING
297,1,76.92,,,87.63,On Track,EW-Prototype-v1,True,95.07,STABLE_OR_IMPROVING
298,1,95.95,,,94.33,Top Performer,EW-Prototype-v1,True,95.07,TOP_DECILE_SCORE;EXEMPLARY_ATTENDANCE
299,1,63.51,,,85.49,On Track,EW-Prototype-v1,True,95.07,STABLE_OR_IMPROVING
300,1,51.01,,,86.35,At Risk,EW-Prototype-v1,True,95.07,SCORE_BELOW_60
301,1,80.65,,,83.35,On Track,EW-Prototype-v1,True,95.07,STABLE_OR_IMPROVING
302,1,75.98,,,89.53,On Track,EW-Prototype-v1,True,95.07,STABLE_OR_IMPROVING
303,1,93.75,,,96.74,On Track,EW-Prototype-v1,True,95.07,STABLE_OR_IMPROVING
304,1,63.25,,,84.74,On Track,EW-Prototype-v1,True,95.07,STABLE_OR_IMPROVING
305,1,51.71,,,84.27,At Risk,EW-Prototype-v1,True,95.07,SCORE_BELOW_60
306,1,78.42,,,84.32,On Track,EW-Prototype-v1,True,95.07,STABLE_OR_IMPROVING
307,1,77.53,,,90.73,On Track,EW-Prototype-v1,True,95.07,STABLE_OR_IMPROVING
308,1,93.87,,,95.8,On Track,EW-Prototype-v1,True,95.07,STABLE_OR_IMPROVING
309,1,63.37,,,83.27,On Track,EW-Prototype-v1,True,95.07,STABLE_OR_IMPROVING
310,1,50.78,,,88.49,At Risk,EW-Prototype-v1,True,95.07,SCORE_BELOW_60
311,1,80.16,,,85.54,On Track,EW-Prototype-v1,True,95.07,STABLE_OR_IMPROVING
312,1,76.23,,,88.69,On Track,EW-Prototype-v1,True,95.07,STABLE_OR_IMPROVING
313,1,95.47,,,91.7,Top Performer,EW-Prototype-v1,True,95.07,TOP_DECILE_SCORE;EXEMPLARY_ATTENDANCE
314,1,63.46,,,87.79,On Track,EW-Prototype-v1,True,95.07,STABLE_OR_IMPROVING
315,1,53.22,,,88.31,At Risk,EW-Prototype-v1,True,95.07,SCORE_BELOW_60
316,1,79.46,,,88.04,On Track,EW-Prototype-v1,True,95.07,STABLE_OR_IMPROVING
317,1,77.13,,,83.12,On Track,EW-Prototype-v1,True,95.07,STABLE_OR_IMPROVING
318,1,94.09,,,95.44,On Track,EW-Prototype-v1,True,95.07,STABLE_OR_IMPROVING
319,1,63.36,,,86.91,On Track,EW-Prototype-v1,True,95.07,STABLE_OR_IMPROVING
320,1,49.49,,,86.48,At Risk,EW-Prototype-v1,True,95.07,SCORE_BELOW_60
321,1,79.5,,,84.63,On Track,EW-Prototype-v1,True,95.07,STABLE_OR_IMPROVING
322,1,77.59,,,80.59,On Track,EW-Prototype-v1,True,95.07,STABLE_OR_IMPROVING
323,1,93.68,,,93.63,On Track,EW-Prototype-v1,True,95.07,STABLE_OR_IMPROVING
324,1,63.16,,,80.8,On Track,EW-Prototype-v1,True,95.07,STABLE_OR_IMPROVING
325,1,51.58,,,90.14,At Risk,EW-Prototype-v1,True,95.07,SCORE_BELOW_60
326,1,79.28,,,86.98,On Track,EW-Prototype-v1,True,95.07,STABLE_OR_IMPROVING
327,1,76.45,,,83.94,On Track,EW-Prototype-v1,True,95.07,STABLE_OR_IMPROVING
328,1,95.7,,,96.07,Top Performer,EW-Prototype-v1,True,95.07,TOP_DECILE_SCORE;EXEMPLARY_ATTENDANCE
329,1,63.5,,,86.63,On Track,EW-Prototype-v1,True,95.07,STABLE_OR_IMPROVING
330,1,52.68,,,86.47,At Risk,EW-Prototype-v1,True,95.07,SCORE_BELOW_60
331,1,78.18,,,88.2,On Track,EW-Prototype-v1,True,95.07,STABLE_OR_IMPROVING
332,1,78.88,,,88.14,On Track,EW-Prototype-v1,True,95.07,STABLE_OR_IMPROVING
333,1,95.34,,,93.31,Top Performer,EW-Prototype-v1,True,95.07,TOP_DECILE_SCORE;EXEMPLARY_ATTENDANCE
334,1,63.36,,,84.81,On Track,EW-Prototype-v1,True,95.07,STABLE_OR_IMPROVING
335,1,51.89,,,89.31,At Risk,EW-Prototype-v1,True,95.07,SCORE_BELOW_60
336,1,78.51,,,88.67,On Track,EW-Prototype-v1,True,95.07,STABLE_OR_IMPROVING
337,1,77.6,,,87.4,On Track,EW-Prototype-v1,True,95.07,STABLE_OR_IMPROVING
338,1,95.66,,,95.36,Top Performer,EW-Prototype-v1,True,95.07,TOP_DECILE_SCORE;EXEMPLARY_ATTENDANCE
339,1,63.46,,,85.9,On Track,EW-Prototype-v1,True,95.07,STABLE_OR_IMPROVING
340,1,51.43,,,88.06,At Risk,EW-Prototype-v1,True,95.07,SCORE_BELOW_60
341,1,80.37,,,89.95,On Track,EW-Prototype-v1,True,95.07,STABLE_OR_IMPROVING
342,1,76.48,,,82.21,On Track,EW-Prototype-v1,True,95.07,STABLE_OR_IMPROVING
343,1,95.43,,,96.09,Top Performer,EW-Prototype-v1,True,95.07,TOP_DECILE_SCORE;EXEMPLARY_ATTENDANCE
344,1,63.35,,,86.73,On Track,EW-Prototype-v1,True,95.07,STABLE_OR_IMPROVING
345,1,51.82,,,83.73,At Risk,EW-Prototype-v1,True,95.07,SCORE_BELOW_60
346,1,78.68,,,89.32,On Track,EW-Prototype-v1,True,95.07,STABLE_OR_IMPROVING
347,1,77.32,,,82.49,On Track,EW-Prototype-v1,True,95.07,STABLE_OR_IMPROVING
348,1,95.73,,,96.28,Top Performer,EW-Prototype-v1,True,95.07,TOP_DECILE_SCORE;EXEMPLARY_ATTENDANCE
349,1,63.46,,,86.31,On Track,EW-Prototype-v1,True,95.07,STABLE_OR_IMPROVING
350,1,51.64,,,85.64,At Risk,EW-Prototype-v1,True,95.07,SCORE_BELOW_60
351,1,81.42,,,79.52,On Track,EW-Prototype-v1,True,95.07,STABLE_OR_IMPROVING
352,1,78.79,,,85.23,On Track,EW-Prototype-v1,True,95.07,STABLE_OR_IMPROVING
353,1,95.84,,,96.16,Top Performer,EW-Prototype-v1,True,95.07,TOP_DECILE_SCORE;EXEMPLARY_ATTENDANCE
354,1,63.28,,,82.55,On Track,EW-Prototype-v1,True,95.07,STABLE_OR_IMPROVING
355,1,53.78,,,85.58,At Risk,EW-Prototype-v1,True,95.07,SCORE_BELOW_60
356,1,80.22,,,84.86,On Track,EW-Prototype-v1,True,95.07,STABLE_OR_IMPROVING
357,1,78.11,,,88.76,On Track,EW-Prototype-v1,True,95.07,STABLE_OR_IMPROVING
358,1,94.52,,,93.67,On Track,EW-Prototype-v1,True,95.07,STABLE_OR_IMPROVING
359,1,63.25,,,91.55,On Track,EW-Prototype-v1,True,95.07,STABLE_OR_IMPROVING
360,1,51.29,,,88.66,At Risk,EW-Prototype-v1,True,95.07,SCORE_BELOW_60
361,1,80.02,,,92.69,On Track,EW-Prototype-v1,True,95.07,STABLE_OR_IMPROVING
362,1,76.14,,,86.24,On Track,EW-Prototype-v1,True,95.07,STABLE_OR_IMPROVING
363,1,96.82,,,92.62,Top Performer,EW-Prototype-v1,True,95.07,TOP_DECILE_SCORE;EXEMPLARY_ATTENDANCE
364,1,63.31,,,87.48,On Track,EW-Prototype-v1,True,95.07,STABLE_OR_IMPROVING
365,1,52.31,,,85.44,At Risk,EW-Prototype-v1,True,95.07,SCORE_BELOW_60
366,1,80.43,,,84.96,On Track,EW-Prototype-v1,True,95.07,STABLE_OR_IMPROVING
367,1,77.57,,,88.64,On Track,EW-Prototype-v1,True,95.07,STABLE_OR_IMPROVING
368,1,95.06,,,97.09,On Track,EW-Prototype-v1,True,95.07,STABLE_OR_IMPROVING
369,1,63.43,,,84.6,On Track,EW-Prototype-v1,True,95.07,STABLE_OR_IMPROVING
370,1,51.34,,,84.69,At Risk,EW-Prototype-v1,True,95.07,SCORE_BELOW_60
371,1,80.99,,,81.54,On Track,EW-Prototype-v1,True,95.07,STABLE_OR_IMPROVING
372,1,77.53,,,90.37,On Track,EW-Prototype-v1,True,95.07,STABLE_OR_IMPROVING
373,1,93.66,,,96.42,On Track,EW-Prototype-v1,True,95.07,STABLE_OR_IMPROVING
374,1,63.4,,,86.33,On Track,EW-Prototype-v1,True,95.07,STABLE_OR_IMPROVING
375,1,51.98,,,84.79,At Risk,EW-Prototype-v1,True,95.07,SCORE_BELOW_60
376,1,81.54,,,86.23,On Track,EW-Prototype-v1,True,95.07,STABLE_OR_IMPROVING
377,1,78.5,,,88.74,On Track,EW-Prototype-v1,True,95.07,STABLE_OR_IMPROVING
378,1,95.82,,,95.08,Top Performer,EW-Prototype-v1,True,95.07,TOP_DECILE_SCORE;EXEMPLARY_ATTENDANCE
379,1,63.38,,,85.83,On Track,EW-Prototype-v1,True,95.07,STABLE_OR_IMPROVING
380,1,51.62,,,81.12,At Risk,EW-Prototype-v1,True,95.07,SCORE_BELOW_60
381,1,80.1,,,83.27,On Track,EW-Prototype-v1,True,95.07,STABLE_OR_IMPROVING
382,1,78.66,,,90.1,On Track,EW-Prototype-v1,True,95.07,STABLE_OR_IMPROVING
383,1,93.81,,,94.52,On Track,EW-Prototype-v1,True,95.07,STABLE_OR_IMPROVING
384,1,63.4,,,83.49,On Track,EW-Prototype-v1,True,95.07,STABLE_OR_IMPROVING
385,1,52.27,,,92.21,At Risk,EW-Prototype-v1,True,95.07,SCORE_BELOW_60
386,1,80.85,,,93.24,On Track,EW-Prototype-v1,True,95.07,STABLE_OR_IMPROVING
387,1,77.79,,,86.35,On Track,EW-Prototype-v1,True,95.07,STABLE_OR_IMPROVING
388,1,96.88,,,92.27,Top Performer,EW-Prototype-v1,True,95.07,TOP_DECILE_SCORE;EXEMPLARY_ATTENDANCE
389,1,63.52,,,83.43,On Track,EW-Prototype-v1,True,95.07,STABLE_OR_IMPROVING
390,1,51.1,,,84.46,At Risk,EW-Prototype-v1,True,95.07,SCORE_BELOW_60
391,1,79.84,,,85.91,On Track,EW-Prototype-v1,True,95.07,STABLE_OR_IMPROVING
392,1,77.55,,,87.95,On Track,EW-Prototype-v1,True,95.07,STABLE_OR_IMPROVING
393,1,96.06,,,93.72,Top Performer,EW-Prototype-v1,True,95.07,TOP_DECILE_SCORE;EXEMPLARY_ATTENDANCE
394,1,63.49,,,88.35,On Track,EW-Prototype-v1,True,95.07,STABLE_OR_IMPROVING
395,1,51.78,,,84.02,At Risk,EW-Prototype-v1,True,95.07,SCORE_BELOW_60
396,1,81.13,,,82.2,On Track,EW-Prototype-v1,True,95.07,STABLE_OR_IMPROVING
397,1,76.95,,,88.25,On Track,EW-Prototype-v1,True,95.07,STABLE_OR_IMPROVING
398,1,93.53,,,93.7,On Track,EW-Prototype-v1,True,95.07,STABLE_OR_IMPROVING
399,1,63.61,,,86.33,On Track,EW-Prototype-v1,True,95.07,STABLE_OR_IMPROVING
400,1,50.64,,,87.12,At Risk,EW-Prototype-v1,True,95.07,SCORE_BELOW_60
401,1,81.3,,,88.51,On Track,EW-Prototype-v1,True,95.07,STABLE_OR_IMPROVING
402,1,77.51,,,86.98,On Track,EW-Prototype-v1,True,95.07,STABLE_OR_IMPROVING
403,1,94.56,,,92.71,On Track,EW-Prototype-v1,True,95.07,STABLE_OR_IMPROVING
404,1,63.33,,,84.11,On Track,EW-Prototype-v1,True,95.07,STABLE_OR_IMPROVING
405,1,,,,86.69,Insufficient Data,EW-Prototype-v1,True,95.07,MISSING_MARKS
406,1,,,,82.96,Insufficient Data,EW-Prototype-v1,True,95.07,MISSING_MARKS
407,1,,,,85.0,Insufficient Data,EW-Prototype-v1,True,95.07,MISSING_MARKS
408,1,,,,95.44,Insufficient Data,EW-Prototype-v1,True,95.07,MISSING_MARKS
409,1,,,,81.61,Insufficient Data,EW-Prototype-v1,True,95.07,MISSING_MARKS
410,1,,,,85.56,Insufficient Data,EW-Prototype-v1,True,95.07,MISSING_MARKS
411,1,,,,82.15,Insufficient Data,EW-Prototype-v1,True,95.07,MISSING_MARKS
412,1,,,,90.2,Insufficient Data,EW-Prototype-v1,True,95.07,MISSING_MARKS
413,1,,,,93.38,Insufficient Data,EW-Prototype-v1,True,95.07,MISSING_MARKS
414,1,,,,82.86,Insufficient Data,EW-Prototype-v1,True,95.07,MISSING_MARKS
415,1,,,,89.81,Insufficient Data,EW-Prototype-v1,True,95.07,MISSING_MARKS
416,1,,,,85.64,Insufficient Data,EW-Prototype-v1,True,95.07,MISSING_MARKS
417,1,,,,84.45,Insufficient Data,EW-Prototype-v1,True,95.07,MISSING_MARKS
418,1,,,,94.95,Insufficient Data,EW-Prototype-v1,True,95.07,MISSING_MARKS
419,1,,,,87.53,Insufficient Data,EW-Prototype-v1,True,95.07,MISSING_MARKS
420,1,,,,89.21,Insufficient Data,EW-Prototype-v1,True,95.07,MISSING_MARKS
421,1,,,,82.57,Insufficient Data,EW-Prototype-v1,True,95.07,MISSING_MARKS
422,1,,,,85.28,Insufficient Data,EW-Prototype-v1,True,95.07,MISSING_MARKS
423,1,,,,94.16,Insufficient Data,EW-Prototype-v1,True,95.07,MISSING_MARKS
424,1,,,,86.21,Insufficient Data,EW-Prototype-v1,True,95.07,MISSING_MARKS
425,1,,,,91.78,Insufficient Data,EW-Prototype-v1,True,95.07,MISSING_MARKS
426,1,,,,87.03,Insufficient Data,EW-Prototype-v1,True,95.07,MISSING_MARKS
427,1,,,,83.35,Insufficient Data,EW-Prototype-v1,True,95.07,MISSING_MARKS
428,1,,,,93.03,Insufficient Data,EW-Prototype-v1,True,95.07,MISSING_MARKS
429,1,,,,88.83,Insufficient Data,EW-Prototype-v1,True,95.07,MISSING_MARKS
430,1,,,,81.19,Insufficient Data,EW-Prototype-v1,True,95.07,MISSING_MARKS
431,1,,,,83.03,Insufficient Data,EW-Prototype-v1,True,95.07,MISSING_MARKS
432,1,,,,86.75,Insufficient Data,EW-Prototype-v1,True,95.07,MISSING_MARKS
433,1,,,,94.23,Insufficient Data,EW-Prototype-v1,True,95.07,MISSING_MARKS
434,1,,,,83.77,Insufficient Data,EW-Prototype-v1,True,95.07,MISSING_MARKS
435,1,,,,82.06,Insufficient Data,EW-Prototype-v1,True,95.07,MISSING_MARKS
436,1,,,,82.1,Insufficient Data,EW-Prototype-v1,True,95.07,MISSING_MARKS
437,1,,,,82.91,Insufficient Data,EW-Prototype-v1,True,95.07,MISSING_MARKS
438,1,,,,97.21,Insufficient Data,EW-Prototype-v1,True,95.07,MISSING_MARKS
439,1,,,,87.92,Insufficient Data,EW-Prototype-v1,True,95.07,MISSING_MARKS
440,1,,,,85.77,Insufficient Data,EW-Prototype-v1,True,95.07,MISSING_MARKS
441,1,,,,86.22,Insufficient Data,EW-Prototype-v1,True,95.07,MISSING_MARKS
442,1,,,,79.91,Insufficient Data,EW-Prototype-v1,True,95.07,MISSING_MARKS
443,1,,,,97.18,Insufficient Data,EW-Prototype-v1,True,95.07,MISSING_MARKS
444,1,,,,87.52,Insufficient Data,EW-Prototype-v1,True,95.07,MISSING_MARKS
445,1,,,,87.67,Insufficient Data,EW-Prototype-v1,True,95.07,MISSING_MARKS
446,1,,,,87.41,Insufficient Data,EW-Prototype-v1,True,95.07,MISSING_MARKS
447,1,,,,84.75,Insufficient Data,EW-Prototype-v1,True,95.07,MISSING_MARKS
448,1,,,,96.02,Insufficient Data,EW-Prototype-v1,True,95.07,MISSING_MARKS
449,1,,,,80.85,Insufficient Data,EW-Prototype-v1,True,95.07,MISSING_MARKS
450,1,,,,87.15,Insufficient Data,EW-Prototype-v1,True,95.07,MISSING_MARKS
451,1,,,,87.58,Insufficient Data,EW-Prototype-v1,True,95.07,MISSING_MARKS
452,1,,,,82.56,Insufficient Data,EW-Prototype-v1,True,95.07,MISSING_MARKS
453,1,,,,96.92,Insufficient Data,EW-Prototype-v1,True,95.07,MISSING_MARKS
454,1,,,,89.58,Insufficient Data,EW-Prototype-v1,True,95.07,MISSING_MARKS
455,1,,,,81.54,Insufficient Data,EW-Prototype-v1,True,95.07,MISSING_MARKS
456,1,,,,85.0,Insufficient Data,EW-Prototype-v1,True,95.07,MISSING_MARKS
457,1,,,,80.21,Insufficient Data,EW-Prototype-v1,True,95.07,MISSING_MARKS
458,1,,,,93.29,Insufficient Data,EW-Prototype-v1,True,95.07,MISSING_MARKS
459,1,,,,85.7,Insufficient Data,EW-Prototype-v1,True,95.07,MISSING_MARKS
460,1,,,,82.44,Insufficient Data,EW-Prototype-v1,True,95.07,MISSING_MARKS
461,1,,,,84.8,Insufficient Data,EW-Prototype-v1,True,95.07,MISSING_MARKS
462,1,,,,86.81,Insufficient Data,EW-Prototype-v1,True,95.07,MISSING_MARKS
463,1,,,,94.22,Insufficient Data,EW-Prototype-v1,True,95.07,MISSING_MARKS
464,1,,,,87.99,Insufficient Data,EW-Prototype-v1,True,95.07,MISSING_MARKS
465,1,,,,84.91,Insufficient Data,EW-Prototype-v1,True,95.07,MISSING_MARKS
466,1,,,,86.56,Insufficient Data,EW-Prototype-v1,True,95.07,MISSING_MARKS
467,1,,,,90.09,Insufficient Data,EW-Prototype-v1,True,95.07,MISSING_MARKS
468,1,,,,95.06,Insufficient Data,EW-Prototype-v1,True,95.07,MISSING_MARKS
469,1,,,,84.03,Insufficient Data,EW-Prototype-v1,True,95.07,MISSING_MARKS
470,1,,,,90.75,Insufficient Data,EW-Prototype-v1,True,95.07,MISSING_MARKS
471,1,,,,89.22,Insufficient Data,EW-Prototype-v1,True,95.07,MISSING_MARKS
472,1,,,,89.39,Insufficient Data,EW-Prototype-v1,True,95.07,MISSING_MARKS
473,1,,,,96.46,Insufficient Data,EW-Prototype-v1,True,95.07,MISSING_MARKS
474,1,,,,87.33,Insufficient Data,EW-Prototype-v1,True,95.07,MISSING_MARKS
475,1,,,,90.63,Insufficient Data,EW-Prototype-v1,True,95.07,MISSING_MARKS
476,1,,,,87.39,Insufficient Data,EW-Prototype-v1,True,95.07,MISSING_MARKS
477,1,,,,79.62,Insufficient Data,EW-Prototype-v1,True,95.07,MISSING_MARKS
478,1,,,,95.56,Insufficient Data,EW-Prototype-v1,True,95.07,MISSING_MARKS
479,1,,,,89.03,Insufficient Data,EW-Prototype-v1,True,95.07,MISSING_MARKS
480,1,,,,85.49,Insufficient Data,EW-Prototype-v1,True,95.07,MISSING_MARKS
1,2,78.23,78.47,-0.24,87.98,Watch,EW-Prototype-v1,True,94.87,NEGATIVE_MOMENTUM
2,2,79.02,79.6,-0.58,87.17,Watch,EW-Prototype-v1,True,94.87,NEGATIVE_MOMENTUM
3,2,93.58,95.35,-1.77,92.58,Watch,EW-Prototype-v1,True,94.87,NEGATIVE_MOMENTUM
4,2,63.74,63.5,0.23,84.46,On Track,EW-Prototype-v1,True,94.87,STABLE_OR_IMPROVING
5,2,53.41,51.64,1.77,90.39,At Risk,EW-Prototype-v1,True,94.87,SCORE_BELOW_60
6,2,76.81,79.17,-2.35,87.17,Watch,EW-Prototype-v1,True,94.87,NEGATIVE_MOMENTUM
7,2,76.71,78.8,-2.09,84.66,Watch,EW-Prototype-v1,True,94.87,NEGATIVE_MOMENTUM
8,2,95.73,95.07,0.66,93.24,Top Performer,EW-Prototype-v1,True,94.87,TOP_DECILE_SCORE;EXEMPLARY_ATTENDANCE
9,2,63.8,63.32,0.48,84.61,On Track,EW-Prototype-v1,True,94.87,STABLE_OR_IMPROVING
10,2,51.47,52.94,-1.46,87.72,At Risk,EW-Prototype-v1,True,94.87,SCORE_BELOW_60
11,2,76.9,79.4,-2.5,85.34,Watch,EW-Prototype-v1,True,94.87,NEGATIVE_MOMENTUM
12,2,79.51,79.24,0.28,92.57,On Track,EW-Prototype-v1,True,94.87,STABLE_OR_IMPROVING
13,2,94.25,94.43,-0.18,92.41,Watch,EW-Prototype-v1,True,94.87,NEGATIVE_MOMENTUM
14,2,63.79,63.25,0.54,90.98,On Track,EW-Prototype-v1,True,94.87,STABLE_OR_IMPROVING
15,2,50.87,54.49,-3.62,86.89,At Risk,EW-Prototype-v1,True,94.87,SCORE_BELOW_60
16,2,77.21,80.22,-3.01,87.59,Watch,EW-Prototype-v1,True,94.87,NEGATIVE_MOMENTUM
17,2,77.11,77.24,-0.13,90.4,Watch,EW-Prototype-v1,True,94.87,NEGATIVE_MOMENTUM
18,2,95.62,95.07,0.56,92.3,Top Performer,EW-Prototype-v1,True,94.87,TOP_DECILE_SCORE;EXEMPLARY_ATTENDANCE
19,2,63.78,63.47,0.31,86.74,On Track,EW-Prototype-v1,True,94.87,STABLE_OR_IMPROVING
20,2,51.78,51.16,0.62,84.51,At Risk,EW-Prototype-v1,True,94.87,SCORE_BELOW_60
21,2,76.57,81.82,-5.25,86.61,Watch,EW-Prototype-v1,True,94.87,NEGATIVE_MOMENTUM
22,2,77.42,76.51,0.91,83.51,On Track,EW-Prototype-v1,True,94.87,STABLE_OR_IMPROVING
23,2,95.66,96.17,-0.5,94.33,Top Performer,EW-Prototype-v1,True,94.87,TOP_DECILE_SCORE;EXEMPLARY_ATTENDANCE
24,2,63.68,63.46,0.22,85.02,On Track,EW-Prototype-v1,True,94.87,STABLE_OR_IMPROVING
25,2,51.54,52.16,-0.62,89.86,At Risk,EW-Prototype-v1,True,94.87,SCORE_BELOW_60
26,2,76.35,81.23,-4.88,82.33,Watch,EW-Prototype-v1,True,94.87,NEGATIVE_MOMENTUM
27,2,80.31,76.76,3.56,84.0,On Track,EW-Prototype-v1,True,94.87,STABLE_OR_IMPROVING
28,2,95.56,95.52,0.04,94.86,Top Performer,EW-Prototype-v1,True,94.87,TOP_DECILE_SCORE;EXEMPLARY_ATTENDANCE
29,2,63.93,63.34,0.59,86.2,On Track,EW-Prototype-v1,True,94.87,STABLE_OR_IMPROVING
30,2,51.56,50.32,1.24,88.05,At Risk,EW-Prototype-v1,True,94.87,SCORE_BELOW_60
31,2,77.53,81.56,-4.03,86.15,Watch,EW-Prototype-v1,True,94.87,NEGATIVE_MOMENTUM
32,2,77.96,76.39,1.57,90.22,On Track,EW-Prototype-v1,True,94.87,STABLE_OR_IMPROVING
33,2,96.63,93.75,2.88,95.76,Top Performer,EW-Prototype-v1,True,94.87,TOP_DECILE_SCORE;EXEMPLARY_ATTENDANCE
34,2,63.95,63.37,0.58,81.53,On Track,EW-Prototype-v1,True,94.87,STABLE_OR_IMPROVING
35,2,50.58,51.83,-1.25,85.93,At Risk,EW-Prototype-v1,True,94.87,SCORE_BELOW_60
36,2,76.37,79.89,-3.52,87.44,Watch,EW-Prototype-v1,True,94.87,NEGATIVE_MOMENTUM
37,2,78.27,78.38,-0.11,81.68,Watch,EW-Prototype-v1,True,94.87,NEGATIVE_MOMENTUM
38,2,92.99,96.68,-3.69,93.42,Watch,EW-Prototype-v1,True,94.87,NEGATIVE_MOMENTUM
39,2,63.91,63.47,0.44,80.54,On Track,EW-Prototype-v1,True,94.87,STABLE_OR_IMPROVING
40,2,53.15,52.75,0.4,86.12,At Risk,EW-Prototype-v1,True,94.87,SCORE_BELOW_60
41,2,75.14,78.35,-3.22,80.62,Watch,EW-Prototype-v1,True,94.87,NEGATIVE_MOMENTUM
42,2,77.52,78.21,-0.69,85.5,Watch,EW-Prototype-v1,True,94.87,NEGATIVE_MOMENTUM
43,2,94.61,95.8,-1.19,95.19,Watch,EW-Prototype-v1,True,94.87,NEGATIVE_MOMENTUM
44,2,63.65,63.48,0.17,85.03,On Track,EW-Prototype-v1,True,94.87,STABLE_OR_IMPROVING
45,2,51.93,53.36,-1.43,83.2,At Risk,EW-Prototype-v1,True,94.87,SCORE_BELOW_60
46,2,76.85,79.51,-2.66,84.63,Watch,EW-Prototype-v1,True,94.87,NEGATIVE_MOMENTUM
47,2,79.43,76.68,2.75,87.45,On Track,EW-Prototype-v1,True,94.87,STABLE_OR_IMPROVING
48,2,95.82,95.06,0.76,95.4,Top Performer,EW-Prototype-v1,True,94.87,TOP_DECILE_SCORE;EXEMPLARY_ATTENDANCE
49,2,63.7,63.15,0.55,83.24,On Track,EW-Prototype-v1,True,94.87,STABLE_OR_IMPROVING
50,2,54.03,52.44,1.59,85.55,At Risk,EW-Prototype-v1,True,94.87,SCORE_BELOW_60
51,2,77.85,79.5,-1.64,89.18,Watch,EW-Prototype-v1,True,94.87,NEGATIVE_MOMENTUM
52,2,79.67,79.28,0.39,86.65,On Track,EW-Prototype-v1,True,94.87,STABLE_OR_IMPROVING
53,2,96.23,93.99,2.24,94.06,Top Performer,EW-Prototype-v1,True,94.87,TOP_DECILE_SCORE;EXEMPLARY_ATTENDANCE
54,2,63.71,63.38,0.32,83.34,On Track,EW-Prototype-v1,True,94.87,STABLE_OR_IMPROVING
55,2,51.82,50.34,1.49,88.68,At Risk,EW-Prototype-v1,True,94.87,SCORE_BELOW_60
56,2,76.51,79.21,-2.7,83.72,Watch,EW-Prototype-v1,True,94.87,NEGATIVE_MOMENTUM
57,2,78.12,78.53,-0.41,85.93,Watch,EW-Prototype-v1,True,94.87,NEGATIVE_MOMENTUM
58,2,95.0,94.45,0.55,95.9,Top Performer,EW-Prototype-v1,True,94.87,TOP_DECILE_SCORE;EXEMPLARY_ATTENDANCE
59,2,63.74,63.16,0.58,86.44,On Track,EW-Prototype-v1,True,94.87,STABLE_OR_IMPROVING
60,2,52.43,50.71,1.72,86.44,At Risk,EW-Prototype-v1,True,94.87,SCORE_BELOW_60
61,2,77.66,80.28,-2.61,87.97,Watch,EW-Prototype-v1,True,94.87,NEGATIVE_MOMENTUM
62,2,77.3,78.48,-1.17,90.65,Watch,EW-Prototype-v1,True,94.87,NEGATIVE_MOMENTUM
63,2,93.44,94.89,-1.45,94.99,Watch,EW-Prototype-v1,True,94.87,NEGATIVE_MOMENTUM
64,2,63.61,63.67,-0.06,85.87,Watch,EW-Prototype-v1,True,94.87,NEGATIVE_MOMENTUM
65,2,52.08,50.75,1.34,88.5,At Risk,EW-Prototype-v1,True,94.87,SCORE_BELOW_60
66,2,76.85,78.33,-1.48,85.45,Watch,EW-Prototype-v1,True,94.87,NEGATIVE_MOMENTUM
67,2,78.73,78.98,-0.26,84.45,Watch,EW-Prototype-v1,True,94.87,NEGATIVE_MOMENTUM
68,2,94.87,95.48,-0.61,92.11,Top Performer,EW-Prototype-v1,True,94.87,TOP_DECILE_SCORE;EXEMPLARY_ATTENDANCE
69,2,63.77,63.4,0.38,84.87,On Track,EW-Prototype-v1,True,94.87,STABLE_OR_IMPROVING
70,2,52.22,51.55,0.67,82.79,At Risk,EW-Prototype-v1,True,94.87,SCORE_BELOW_60
71,2,76.47,79.82,-3.35,85.54,Watch,EW-Prototype-v1,True,94.87,NEGATIVE_MOMENTUM
72,2,79.51,77.68,1.83,89.1,On Track,EW-Prototype-v1,True,94.87,STABLE_OR_IMPROVING
73,2,94.56,94.33,0.23,92.87,On Track,EW-Prototype-v1,True,94.87,STABLE_OR_IMPROVING
74,2,63.72,63.29,0.43,87.74,On Track,EW-Prototype-v1,True,94.87,STABLE_OR_IMPROVING
75,2,50.37,50.86,-0.49,83.61,At Risk,EW-Prototype-v1,True,94.87,SCORE_BELOW_60
76,2,76.8,79.83,-3.02,87.78,Watch,EW-Prototype-v1,True,94.87,NEGATIVE_MOMENTUM
77,2,81.35,79.71,1.64,84.48,On Track,EW-Prototype-v1,True,94.87,STABLE_OR_IMPROVING
78,2,95.42,94.88,0.53,96.78,Top Performer,EW-Prototype-v1,True,94.87,TOP_DECILE_SCORE;EXEMPLARY_ATTENDANCE
79,2,63.79,63.39,0.4,87.73,On Track,EW-Prototype-v1,True,94.87,STABLE_OR_IMPROVING
80,2,52.74,51.89,0.85,86.73,At Risk,EW-Prototype-v1,True,94.87,SCORE_BELOW_60
81,2,76.88,79.42,-2.53,86.77,Watch,EW-Prototype-v1,True,94.87,NEGATIVE_MOMENTUM
82,2,79.84,76.79,3.05,85.04,On Track,EW-Prototype-v1,True,94.87,STABLE_OR_IMPROVING
83,2,95.57,94.76,0.81,94.66,Top Performer,EW-Prototype-v1,True,94.87,TOP_DECILE_SCORE;EXEMPLARY_ATTENDANCE
84,2,63.73,63.42,0.3,85.82,On Track,EW-Prototype-v1,True,94.87,STABLE_OR_IMPROVING
85,2,50.99,52.07,-1.08,86.87,At Risk,EW-Prototype-v1,True,94.87,SCORE_BELOW_60
86,2,77.84,80.58,-2.74,81.6,Watch,EW-Prototype-v1,True,94.87,NEGATIVE_MOMENTUM
87,2,78.5,76.56,1.94,89.09,On Track,EW-Prototype-v1,True,94.87,STABLE_OR_IMPROVING
88,2,96.46,95.07,1.39,94.25,Top Performer,EW-Prototype-v1,True,94.87,TOP_DECILE_SCORE;EXEMPLARY_ATTENDANCE
89,2,63.74,63.35,0.38,84.24,On Track,EW-Prototype-v1,True,94.87,STABLE_OR_IMPROVING
90,2,53.16,53.52,-0.36,80.64,At Risk,EW-Prototype-v1,True,94.87,SCORE_BELOW_60
91,2,77.1,80.6,-3.5,82.92,Watch,EW-Prototype-v1,True,94.87,NEGATIVE_MOMENTUM
92,2,77.65,77.97,-0.31,86.55,Watch,EW-Prototype-v1,True,94.87,NEGATIVE_MOMENTUM
93,2,95.71,95.74,-0.03,93.81,Top Performer,EW-Prototype-v1,True,94.87,TOP_DECILE_SCORE;EXEMPLARY_ATTENDANCE
94,2,63.87,63.46,0.41,88.62,On Track,EW-Prototype-v1,True,94.87,STABLE_OR_IMPROVING
95,2,51.09,51.42,-0.32,84.49,At Risk,EW-Prototype-v1,True,94.87,SCORE_BELOW_60
96,2,76.81,81.36,-4.55,86.9,Watch,EW-Prototype-v1,True,94.87,NEGATIVE_MOMENTUM
97,2,78.44,78.91,-0.47,85.81,Watch,EW-Prototype-v1,True,94.87,NEGATIVE_MOMENTUM
98,2,95.1,96.15,-1.05,92.24,Top Performer,EW-Prototype-v1,True,94.87,TOP_DECILE_SCORE;EXEMPLARY_ATTENDANCE
99,2,63.78,63.43,0.35,83.49,On Track,EW-Prototype-v1,True,94.87,STABLE_OR_IMPROVING
100,2,53.1,52.28,0.82,88.63,At Risk,EW-Prototype-v1,True,94.87,SCORE_BELOW_60
101,2,75.6,80.89,-5.29,85.54,Watch,EW-Prototype-v1,True,94.87,NEGATIVE_MOMENTUM
102,2,76.87,78.42,-1.55,88.04,Watch,EW-Prototype-v1,True,94.87,NEGATIVE_MOMENTUM
103,2,94.46,95.84,-1.39,94.42,Watch,EW-Prototype-v1,True,94.87,NEGATIVE_MOMENTUM
104,2,63.78,63.52,0.26,83.02,On Track,EW-Prototype-v1,True,94.87,STABLE_OR_IMPROVING
105,2,52.14,51.66,0.48,83.06,At Risk,EW-Prototype-v1,True,94.87,SCORE_BELOW_60
106,2,75.74,79.29,-3.55,83.36,Watch,EW-Prototype-v1,True,94.87,NEGATIVE_MOMENTUM
107,2,77.88,78.03,-0.15,88.81,Watch,EW-Prototype-v1,True,94.87,NEGATIVE_MOMENTUM
108,2,95.01,93.16,1.85,94.6,Top Performer,EW-Prototype-v1,True,94.87,TOP_DECILE_SCORE;EXEMPLARY_ATTENDANCE
109,2,63.85,63.35,0.5,84.49,On Track,EW-Prototype-v1,True,94.87,STABLE_OR_IMPROVING
110,2,52.32,52.24,0.07,86.14,At Risk,EW-Prototype-v1,True,94.87,SCORE_BELOW_60
111,2,78.47,80.11,-1.64,86.26,Watch,EW-Prototype-v1,True,94.87,NEGATIVE_MOMENTUM
112,2,78.45,78.15,0.3,81.86,On Track,EW-Prototype-v1,True,94.87,STABLE_OR_IMPROVING
113,2,94.27,94.33,-0.06,92.59,Watch,EW-Prototype-v1,True,94.87,NEGATIVE_MOMENTUM
114,2,63.97,63.45,0.52,84.37,On Track,EW-Prototype-v1,True,94.87,STABLE_OR_IMPROVING
115,2,51.07,49.87,1.2,84.26,At Risk,EW-Prototype-v1,True,94.87,SCORE_BELOW_60
116,2,77.67,77.27,0.4,87.47,On Track,EW-Prototype-v1,True,94.87,STABLE_OR_IMPROVING
117,2,77.08,75.58,1.5,85.05,On Track,EW-Prototype-v1,True,94.87,STABLE_OR_IMPROVING
118,2,93.73,95.9,-2.17,93.71,Watch,EW-Prototype-v1,True,94.87,NEGATIVE_MOMENTUM
119,2,63.88,63.37,0.51,83.65,On Track,EW-Prototype-v1,True,94.87,STABLE_OR_IMPROVING
120,2,51.06,51.54,-0.48,90.49,At Risk,EW-Prototype-v1,True,94.87,SCORE_BELOW_60
121,2,75.15,80.38,-5.23,83.91,Watch,EW-Prototype-v1,True,94.87,NEGATIVE_MOMENTUM
122,2,78.61,77.65,0.95,84.56,On Track,EW-Prototype-v1,True,94.87,STABLE_OR_IMPROVING
123,2,94.75,95.99,-1.24,94.5,Watch,EW-Prototype-v1,True,94.87,NEGATIVE_MOMENTUM
124,2,63.77,63.3,0.47,81.05,On Track,EW-Prototype-v1,True,94.87,STABLE_OR_IMPROVING
125,2,53.04,52.17,0.87,81.9,At Risk,EW-Prototype-v1,True,94.87,SCORE_BELOW_60
126,2,78.21,81.44,-3.24,86.37,Watch,EW-Prototype-v1,True,94.87,NEGATIVE_MOMENTUM
127,2,78.61,78.27,0.35,87.28,On Track,EW-Prototype-v1,True,94.87,STABLE_OR_IMPROVING
128,2,96.0,94.51,1.49,94.79,Top Performer,EW-Prototype-v1,True,94.87,TOP_DECILE_SCORE;EXEMPLARY_ATTENDANCE
129,2,63.7,63.29,0.41,83.37,On Track,EW-Prototype-v1,True,94.87,STABLE_OR_IMPROVING
130,2,53.14,52.65,0.49,85.54,At Risk,EW-Prototype-v1,True,94.87,SCORE_BELOW_60
131,2,76.1,79.6,-3.5,83.43,Watch,EW-Prototype-v1,True,94.87,NEGATIVE_MOMENTUM
132,2,79.39,77.61,1.78,84.21,On Track,EW-Prototype-v1,True,94.87,STABLE_OR_IMPROVING
133,2,95.66,95.19,0.47,93.62,Top Performer,EW-Prototype-v1,True,94.87,TOP_DECILE_SCORE;EXEMPLARY_ATTENDANCE
134,2,63.88,63.38,0.5,83.49,On Track,EW-Prototype-v1,True,94.87,STABLE_OR_IMPROVING
135,2,53.28,49.87,3.42,81.05,At Risk,EW-Prototype-v1,True,94.87,SCORE_BELOW_60
136,2,75.87,79.21,-3.34,87.43,Watch,EW-Prototype-v1,True,94.87,NEGATIVE_MOMENTUM
137,2,78.37,77.35,1.02,81.51,On Track,EW-Prototype-v1,True,94.87,STABLE_OR_IMPROVING
138,2,94.4,95.21,-0.82,97.35,Watch,EW-Prototype-v1,True,94.87,NEGATIVE_MOMENTUM
139,2,63.96,63.32,0.64,85.78,On Track,EW-Prototype-v1,True,94.87,STABLE_OR_IMPROVING
140,2,51.02,50.77,0.25,84.61,At Risk,EW-Prototype-v1,True,94.87,SCORE_BELOW_60
141,2,77.4,80.64,-3.25,86.93,Watch,EW-Prototype-v1,True,94.87,NEGATIVE_MOMENTUM
142,2,78.97,76.66,2.31,87.05,On Track,EW-Prototype-v1,True,94.87,STABLE_OR_IMPROVING
143,2,95.17,95.82,-0.65,93.38,Top Performer,EW-Prototype-v1,True,94.87,TOP_DECILE_SCORE;EXEMPLARY_ATTENDANCE
144,2,63.7,63.33,0.37,84.84,On Track,EW-Prototype-v1,True,94.87,STABLE_OR_IMPROVING
145,2,53.3,52.85,0.45,85.02,At Risk,EW-Prototype-v1,True,94.87,SCORE_BELOW_60
146,2,75.91,79.79,-3.88,84.61,Watch,EW-Prototype-v1,True,94.87,NEGATIVE_MOMENTUM
147,2,79.88,76.05,3.82,92.47,On Track,EW-Prototype-v1,True,94.87,STABLE_OR_IMPROVING
148,2,95.03,95.74,-0.71,94.85,Top Performer,EW-Prototype-v1,True,94.87,TOP_DECILE_SCORE;EXEMPLARY_ATTENDANCE
149,2,63.71,63.41,0.3,90.77,On Track,EW-Prototype-v1,True,94.87,STABLE_OR_IMPROVING
150,2,53.64,51.31,2.32,90.35,At Risk,EW-Prototype-v1,True,94.87,SCORE_BELOW_60
151,2,76.85,80.86,-4.0,87.61,Watch,EW-Prototype-v1,True,94.87,NEGATIVE_MOMENTUM
152,2,79.77,77.69,2.09,85.98,On Track,EW-Prototype-v1,True,94.87,STABLE_OR_IMPROVING
153,2,95.43,93.06,2.37,93.17,Top Performer,EW-Prototype-v1,True,94.87,TOP_DECILE_SCORE;EXEMPLARY_ATTENDANCE
154,2,63.65,63.43,0.21,83.39,On Track,EW-Prototype-v1,True,94.87,STABLE_OR_IMPROVING
155,2,52.34,52.51,-0.18,85.91,At Risk,EW-Prototype-v1,True,94.87,SCORE_BELOW_60
156,2,76.25,80.44,-4.18,85.05,Watch,EW-Prototype-v1,True,94.87,NEGATIVE_MOMENTUM
157,2,78.17,79.43,-1.25,89.19,Watch,EW-Prototype-v1,True,94.87,NEGATIVE_MOMENTUM
158,2,94.72,95.53,-0.8,91.91,Watch,EW-Prototype-v1,True,94.87,NEGATIVE_MOMENTUM
159,2,63.86,63.56,0.3,86.62,On Track,EW-Prototype-v1,True,94.87,STABLE_OR_IMPROVING
160,2,52.59,52.18,0.41,83.86,At Risk,EW-Prototype-v1,True,94.87,SCORE_BELOW_60
161,2,78.01,80.16,-2.15,88.27,Watch,EW-Prototype-v1,True,94.87,NEGATIVE_MOMENTUM
162,2,79.23,78.53,0.7,84.5,On Track,EW-Prototype-v1,True,94.87,STABLE_OR_IMPROVING
163,2,93.74,95.26,-1.52,95.14,Watch,EW-Prototype-v1,True,94.87,NEGATIVE_MOMENTUM
164,2,63.84,63.46,0.38,84.2,On Track,EW-Prototype-v1,True,94.87,STABLE_OR_IMPROVING
165,2,51.6,52.44,-0.84,82.0,At Risk,EW-Prototype-v1,True,94.87,SCORE_BELOW_60
166,2,76.41,80.0,-3.58,90.17,Watch,EW-Prototype-v1,True,94.87,NEGATIVE_MOMENTUM
167,2,78.59,77.88,0.71,85.54,On Track,EW-Prototype-v1,True,94.87,STABLE_OR_IMPROVING
168,2,95.27,95.52,-0.25,93.08,Top Performer,EW-Prototype-v1,True,94.87,TOP_DECILE_SCORE;EXEMPLARY_ATTENDANCE
169,2,63.85,63.43,0.42,87.48,On Track,EW-Prototype-v1,True,94.87,STABLE_OR_IMPROVING
170,2,52.77,53.92,-1.16,86.1,At Risk,EW-Prototype-v1,True,94.87,SCORE_BELOW_60
171,2,76.86,78.78,-1.93,84.19,Watch,EW-Prototype-v1,True,94.87,NEGATIVE_MOMENTUM
172,2,80.06,77.89,2.17,83.32,On Track,EW-Prototype-v1,True,94.87,STABLE_OR_IMPROVING
173,2,94.88,95.71,-0.83,92.41,Top Performer,EW-Prototype-v1,True,94.87,TOP_DECILE_SCORE;EXEMPLARY_ATTENDANCE
174,2,63.78,63.45,0.33,89.92,On Track,EW-Prototype-v1,True,94.87,STABLE_OR_IMPROVING
175,2,51.54,52.73,-1.2,83.65,At Risk,EW-Prototype-v1,True,94.87,SCORE_BELOW_60
176,2,77.31,80.38,-3.07,84.07,Watch,EW-Prototype-v1,True,94.87,NEGATIVE_MOMENTUM
177,2,79.32,76.96,2.36,85.83,On Track,EW-Prototype-v1,True,94.87,STABLE_OR_IMPROVING
178,2,95.18,96.79,-1.61,95.18,Top Performer,EW-Prototype-v1,True,94.87,TOP_DECILE_SCORE;EXEMPLARY_ATTENDANCE
179,2,63.75,63.46,0.3,87.67,On Track,EW-Prototype-v1,True,94.87,STABLE_OR_IMPROVING
180,2,53.13,53.22,-0.09,88.9,At Risk,EW-Prototype-v1,True,94.87,SCORE_BELOW_60
181,2,79.7,79.98,-0.28,84.84,Watch,EW-Prototype-v1,True,94.87,NEGATIVE_MOMENTUM
182,2,79.41,78.83,0.57,86.0,On Track,EW-Prototype-v1,True,94.87,STABLE_OR_IMPROVING
183,2,94.87,94.91,-0.04,94.48,Watch,EW-Prototype-v1,True,94.87,NEGATIVE_MOMENTUM
184,2,63.91,63.41,0.5,86.72,On Track,EW-Prototype-v1,True,94.87,STABLE_OR_IMPROVING
185,2,51.91,51.22,0.69,84.63,At Risk,EW-Prototype-v1,True,94.87,SCORE_BELOW_60
186,2,78.68,81.67,-2.99,88.54,Watch,EW-Prototype-v1,True,94.87,NEGATIVE_MOMENTUM
187,2,78.76,79.13,-0.37,85.68,Watch,EW-Prototype-v1,True,94.87,NEGATIVE_MOMENTUM
188,2,94.23,95.01,-0.78,92.87,Watch,EW-Prototype-v1,True,94.87,NEGATIVE_MOMENTUM
189,2,63.78,63.4,0.38,89.2,On Track,EW-Prototype-v1,True,94.87,STABLE_OR_IMPROVING
190,2,51.68,51.37,0.31,83.76,At Risk,EW-Prototype-v1,True,94.87,SCORE_BELOW_60
191,2,76.69,79.35,-2.66,84.73,Watch,EW-Prototype-v1,True,94.87,NEGATIVE_MOMENTUM
192,2,78.84,77.68,1.16,88.93,On Track,EW-Prototype-v1,True,94.87,STABLE_OR_IMPROVING
193,2,94.57,94.54,0.03,95.11,On Track,EW-Prototype-v1,True,94.87,STABLE_OR_IMPROVING
194,2,63.73,63.57,0.16,84.86,On Track,EW-Prototype-v1,True,94.87,STABLE_OR_IMPROVING
195,2,52.45,49.4,3.05,83.9,At Risk,EW-Prototype-v1,True,94.87,SCORE_BELOW_60
196,2,75.83,79.96,-4.12,87.26,Watch,EW-Prototype-v1,True,94.87,NEGATIVE_MOMENTUM
197,2,78.09,79.51,-1.42,82.98,Watch,EW-Prototype-v1,True,94.87,NEGATIVE_MOMENTUM
198,2,95.52,95.14,0.38,93.13,Top Performer,EW-Prototype-v1,True,94.87,TOP_DECILE_SCORE;EXEMPLARY_ATTENDANCE
199,2,63.81,63.48,0.33,87.14,On Track,EW-Prototype-v1,True,94.87,STABLE_OR_IMPROVING
200,2,51.78,52.27,-0.49,85.77,At Risk,EW-Prototype-v1,True,94.87,SCORE_BELOW_60
201,2,75.87,79.85,-3.99,86.51,Watch,EW-Prototype-v1,True,94.87,NEGATIVE_MOMENTUM
202,2,79.36,77.58,1.78,91.76,On Track,EW-Prototype-v1,True,94.87,STABLE_OR_IMPROVING
203,2,94.47,93.44,1.04,95.05,On Track,EW-Prototype-v1,True,94.87,STABLE_OR_IMPROVING
204,2,63.83,63.31,0.52,85.72,On Track,EW-Prototype-v1,True,94.87,STABLE_OR_IMPROVING
205,2,53.62,52.77,0.85,85.68,At Risk,EW-Prototype-v1,True,94.87,SCORE_BELOW_60
206,2,79.29,81.08,-1.79,88.85,Watch,EW-Prototype-v1,True,94.87,NEGATIVE_MOMENTUM
207,2,77.44,79.06,-1.62,89.92,Watch,EW-Prototype-v1,True,94.87,NEGATIVE_MOMENTUM
208,2,94.95,93.04,1.91,94.11,Top Performer,EW-Prototype-v1,True,94.87,TOP_DECILE_SCORE;EXEMPLARY_ATTENDANCE
209,2,63.76,63.58,0.18,89.65,On Track,EW-Prototype-v1,True,94.87,STABLE_OR_IMPROVING
210,2,49.78,50.47,-0.69,87.1,At Risk,EW-Prototype-v1,True,94.87,SCORE_BELOW_60
211,2,77.09,82.06,-4.97,84.31,Watch,EW-Prototype-v1,True,94.87,NEGATIVE_MOMENTUM
212,2,78.47,76.52,1.95,82.39,On Track,EW-Prototype-v1,True,94.87,STABLE_OR_IMPROVING
213,2,92.81,96.05,-3.24,96.41,Watch,EW-Prototype-v1,True,94.87,NEGATIVE_MOMENTUM
214,2,63.74,63.39,0.35,83.35,On Track,EW-Prototype-v1,True,94.87,STABLE_OR_IMPROVING
215,2,52.06,52.1,-0.03,86.6,At Risk,EW-Prototype-v1,True,94.87,SCORE_BELOW_60
216,2,78.47,80.66,-2.18,88.77,Watch,EW-Prototype-v1,True,94.87,NEGATIVE_MOMENTUM
217,2,78.64,79.9,-1.26,86.07,Watch,EW-Prototype-v1,True,94.87,NEGATIVE_MOMENTUM
218,2,94.68,94.99,-0.32,94.93,Watch,EW-Prototype-v1,True,94.87,NEGATIVE_MOMENTUM
219,2,63.81,63.34,0.47,82.81,On Track,EW-Prototype-v1,True,94.87,STABLE_OR_IMPROVING
220,2,51.15,50.14,1.01,92.97,At Risk,EW-Prototype-v1,True,94.87,SCORE_BELOW_60
221,2,76.18,79.65,-3.47,88.35,Watch,EW-Prototype-v1,True,94.87,NEGATIVE_MOMENTUM
222,2,78.93,77.58,1.35,92.0,On Track,EW-Prototype-v1,True,94.87,STABLE_OR_IMPROVING
223,2,96.19,93.9,2.29,95.21,Top Performer,EW-Prototype-v1,True,94.87,TOP_DECILE_SCORE;EXEMPLARY_ATTENDANCE
224,2,63.8,63.33,0.46,88.95,On Track,EW-Prototype-v1,True,94.87,STABLE_OR_IMPROVING
225,2,51.86,52.93,-1.07,90.73,At Risk,EW-Prototype-v1,True,94.87,SCORE_BELOW_60
226,2,75.42,80.96,-5.55,83.72,Watch,EW-Prototype-v1,True,94.87,NEGATIVE_MOMENTUM
227,2,79.62,76.76,2.87,84.39,On Track,EW-Prototype-v1,True,94.87,STABLE_OR_IMPROVING
228,2,94.52,94.94,-0.42,95.55,Watch,EW-Prototype-v1,True,94.87,NEGATIVE_MOMENTUM
229,2,63.76,63.43,0.33,86.79,On Track,EW-Prototype-v1,True,94.87,STABLE_OR_IMPROVING
230,2,50.39,52.49,-2.1,84.72,At Risk,EW-Prototype-v1,True,94.87,SCORE_BELOW_60
231,2,78.52,80.68,-2.17,84.22,Watch,EW-Prototype-v1,True,94.87,NEGATIVE_MOMENTUM
232,2,79.13,77.25,1.88,87.35,On Track,EW-Prototype-v1,True,94.87,STABLE_OR_IMPROVING
233,2,97.1,96.18,0.92,96.94,Top Performer,EW-Prototype-v1,True,94.87,TOP_DECILE_SCORE;EXEMPLARY_ATTENDANCE
234,2,63.76,63.47,0.29,81.69,On Track,EW-Prototype-v1,True,94.87,STABLE_OR_IMPROVING
235,2,51.39,52.0,-0.62,89.51,At Risk,EW-Prototype-v1,True,94.87,SCORE_BELOW_60
236,2,75.92,78.29,-2.37,81.58,Watch,EW-Prototype-v1,True,94.87,NEGATIVE_MOMENTUM
237,2,79.66,77.89,1.78,86.26,On Track,EW-Prototype-v1,True,94.87,STABLE_OR_IMPROVING
238,2,96.42,94.29,2.13,92.3,Top Performer,EW-Prototype-v1,True,94.87,TOP_DECILE_SCORE;EXEMPLARY_ATTENDANCE
239,2,63.96,63.52,0.44,84.29,On Track,EW-Prototype-v1,True,94.87,STABLE_OR_IMPROVING
240,2,53.21,50.48,2.73,84.37,At Risk,EW-Prototype-v1,True,94.87,SCORE_BELOW_60
241,2,76.03,81.74,-5.71,86.09,Watch,EW-Prototype-v1,True,94.87,NEGATIVE_MOMENTUM
242,2,80.61,78.6,2.01,89.87,On Track,EW-Prototype-v1,True,94.87,STABLE_OR_IMPROVING
243,2,94.38,95.46,-1.08,96.32,Watch,EW-Prototype-v1,True,94.87,NEGATIVE_MOMENTUM
244,2,63.66,63.4,0.26,86.8,On Track,EW-Prototype-v1,True,94.87,STABLE_OR_IMPROVING
245,2,51.55,52.19,-0.64,86.49,At Risk,EW-Prototype-v1,True,94.87,SCORE_BELOW_60
246,2,77.92,80.48,-2.56,87.13,Watch,EW-Prototype-v1,True,94.87,NEGATIVE_MOMENTUM
247,2,77.4,79.6,-2.2,82.91,Watch,EW-Prototype-v1,True,94.87,NEGATIVE_MOMENTUM
248,2,94.93,94.46,0.48,96.5,Top Performer,EW-Prototype-v1,True,94.87,TOP_DECILE_SCORE;EXEMPLARY_ATTENDANCE
249,2,63.89,63.36,0.53,87.95,On Track,EW-Prototype-v1,True,94.87,STABLE_OR_IMPROVING
250,2,51.83,52.35,-0.52,88.2,At Risk,EW-Prototype-v1,True,94.87,SCORE_BELOW_60
251,2,77.9,80.13,-2.23,86.76,Watch,EW-Prototype-v1,True,94.87,NEGATIVE_MOMENTUM
252,2,77.62,76.94,0.68,90.89,On Track,EW-Prototype-v1,True,94.87,STABLE_OR_IMPROVING
253,2,96.76,96.03,0.74,95.59,Top Performer,EW-Prototype-v1,True,94.87,TOP_DECILE_SCORE;EXEMPLARY_ATTENDANCE
254,2,63.77,63.23,0.54,86.96,On Track,EW-Prototype-v1,True,94.87,STABLE_OR_IMPROVING
255,2,51.46,52.9,-1.44,85.51,At Risk,EW-Prototype-v1,True,94.87,SCORE_BELOW_60
256,2,77.09,78.94,-1.84,87.23,Watch,EW-Prototype-v1,True,94.87,NEGATIVE_MOMENTUM
257,2,77.96,78.42,-0.46,84.54,Watch,EW-Prototype-v1,True,94.87,NEGATIVE_MOMENTUM
258,2,94.87,94.45,0.43,93.86,Top Performer,EW-Prototype-v1,True,94.87,TOP_DECILE_SCORE;EXEMPLARY_ATTENDANCE
259,2,63.85,63.36,0.49,85.07,On Track,EW-Prototype-v1,True,94.87,STABLE_OR_IMPROVING
260,2,52.7,52.14,0.56,86.06,At Risk,EW-Prototype-v1,True,94.87,SCORE_BELOW_60
261,2,77.38,80.32,-2.95,87.76,Watch,EW-Prototype-v1,True,94.87,NEGATIVE_MOMENTUM
262,2,79.06,77.44,1.61,84.68,On Track,EW-Prototype-v1,True,94.87,STABLE_OR_IMPROVING
263,2,95.53,93.75,1.78,93.82,Top Performer,EW-Prototype-v1,True,94.87,TOP_DECILE_SCORE;EXEMPLARY_ATTENDANCE
264,2,63.73,63.56,0.17,85.28,On Track,EW-Prototype-v1,True,94.87,STABLE_OR_IMPROVING
265,2,52.93,50.99,1.94,89.72,At Risk,EW-Prototype-v1,True,94.87,SCORE_BELOW_60
266,2,77.24,79.7,-2.46,86.08,Watch,EW-Prototype-v1,True,94.87,NEGATIVE_MOMENTUM
267,2,80.5,78.63,1.87,86.04,On Track,EW-Prototype-v1,True,94.87,STABLE_OR_IMPROVING
268,2,93.47,94.01,-0.54,95.17,Watch,EW-Prototype-v1,True,94.87,NEGATIVE_MOMENTUM
269,2,63.85,63.45,0.4,88.65,On Track,EW-Prototype-v1,True,94.87,STABLE_OR_IMPROVING
270,2,51.81,53.6,-1.79,89.91,At Risk,EW-Prototype-v1,True,94.87,SCORE_BELOW_60
271,2,77.67,80.56,-2.89,85.58,Watch,EW-Prototype-v1,True,94.87,NEGATIVE_MOMENTUM
272,2,80.34,79.04,1.29,84.73,On Track,EW-Prototype-v1,True,94.87,STABLE_OR_IMPROVING
273,2,94.69,95.54,-0.86,93.66,Watch,EW-Prototype-v1,True,94.87,NEGATIVE_MOMENTUM
274,2,63.87,63.53,0.35,83.73,On Track,EW-Prototype-v1,True,94.87,STABLE_OR_IMPROVING
275,2,52.77,52.89,-0.12,83.18,At Risk,EW-Prototype-v1,True,94.87,SCORE_BELOW_60
276,2,77.67,78.82,-1.15,84.6,Watch,EW-Prototype-v1,True,94.87,NEGATIVE_MOMENTUM
277,2,79.91,77.96,1.95,85.31,On Track,EW-Prototype-v1,True,94.87,STABLE_OR_IMPROVING
278,2,96.8,93.32,3.48,93.35,Top Performer,EW-Prototype-v1,True,94.87,TOP_DECILE_SCORE;EXEMPLARY_ATTENDANCE
279,2,63.8,63.46,0.35,87.86,On Track,EW-Prototype-v1,True,94.87,STABLE_OR_IMPROVING
280,2,51.17,51.07,0.1,88.78,At Risk,EW-Prototype-v1,True,94.87,SCORE_BELOW_60
281,2,77.46,80.43,-2.97,85.72,Watch,EW-Prototype-v1,True,94.87,NEGATIVE_MOMENTUM
282,2,80.7,78.28,2.42,83.93,On Track,EW-Prototype-v1,True,94.87,STABLE_OR_IMPROVING
283,2,94.85,95.4,-0.55,94.71,Watch,EW-Prototype-v1,True,94.87,NEGATIVE_MOMENTUM
284,2,63.76,63.42,0.34,82.36,On Track,EW-Prototype-v1,True,94.87,STABLE_OR_IMPROVING
285,2,53.31,51.94,1.38,88.39,At Risk,EW-Prototype-v1,True,94.87,SCORE_BELOW_60
286,2,75.59,79.6,-4.01,87.92,Watch,EW-Prototype-v1,True,94.87,NEGATIVE_MOMENTUM
287,2,78.66,79.24,-0.58,87.65,Watch,EW-Prototype-v1,True,94.87,NEGATIVE_MOMENTUM
288,2,94.48,94.54,-0.06,93.4,Watch,EW-Prototype-v1,True,94.87,NEGATIVE_MOMENTUM
289,2,63.97,63.39,0.58,87.96,On Track,EW-Prototype-v1,True,94.87,STABLE_OR_IMPROVING
290,2,51.18,52.57,-1.39,83.46,At Risk,EW-Prototype-v1,True,94.87,SCORE_BELOW_60
291,2,74.51,80.65,-6.14,87.31,Watch,EW-Prototype-v1,True,94.87,NEGATIVE_MOMENTUM
292,2,79.21,77.91,1.3,84.38,On Track,EW-Prototype-v1,True,94.87,STABLE_OR_IMPROVING
293,2,94.39,94.14,0.26,94.54,On Track,EW-Prototype-v1,True,94.87,STABLE_OR_IMPROVING
294,2,63.81,63.53,0.28,86.28,On Track,EW-Prototype-v1,True,94.87,STABLE_OR_IMPROVING
295,2,53.17,52.41,0.75,84.94,At Risk,EW-Prototype-v1,True,94.87,SCORE_BELOW_60
296,2,76.52,78.75,-2.23,83.36,Watch,EW-Prototype-v1,True,94.87,NEGATIVE_MOMENTUM
297,2,79.13,76.92,2.21,87.4,On Track,EW-Prototype-v1,True,94.87,STABLE_OR_IMPROVING
298,2,94.47,95.95,-1.48,93.7,Watch,EW-Prototype-v1,True,94.87,NEGATIVE_MOMENTUM
299,2,63.81,63.51,0.3,84.54,On Track,EW-Prototype-v1,True,94.87,STABLE_OR_IMPROVING
300,2,52.64,51.01,1.64,80.54,At Risk,EW-Prototype-v1,True,94.87,SCORE_BELOW_60
301,2,75.34,80.65,-5.31,85.48,Watch,EW-Prototype-v1,True,94.87,NEGATIVE_MOMENTUM
302,2,78.28,75.98,2.3,82.69,On Track,EW-Prototype-v1,True,94.87,STABLE_OR_IMPROVING
303,2,93.06,93.75,-0.7,93.95,Watch,EW-Prototype-v1,True,94.87,NEGATIVE_MOMENTUM
304,2,63.74,63.25,0.49,83.18,On Track,EW-Prototype-v1,True,94.87,STABLE_OR_IMPROVING
305,2,51.58,51.71,-0.14,86.36,At Risk,EW-Prototype-v1,True,94.87,SCORE_BELOW_60
306,2,77.75,78.42,-0.66,89.27,Watch,EW-Prototype-v1,True,94.87,NEGATIVE_MOMENTUM
307,2,78.83,77.53,1.3,86.78,On Track,EW-Prototype-v1,True,94.87,STABLE_OR_IMPROVING
308,2,96.67,93.87,2.8,94.57,Top Performer,EW-Prototype-v1,True,94.87,TOP_DECILE_SCORE;EXEMPLARY_ATTENDANCE
309,2,63.76,63.37,0.39,89.44,On Track,EW-Prototype-v1,True,94.87,STABLE_OR_IMPROVING
310,2,52.19,50.78,1.41,88.38,At Risk,EW-Prototype-v1,True,94.87,SCORE_BELOW_60
311,2,75.42,80.16,-4.74,86.17,Watch,EW-Prototype-v1,True,94.87,NEGATIVE_MOMENTUM
312,2,77.89,76.23,1.66,89.58,On Track,EW-Prototype-v1,True,94.87,STABLE_OR_IMPROVING
313,2,93.48,95.47,-1.99,93.74,Watch,EW-Prototype-v1,True,94.87,NEGATIVE_MOMENTUM
314,2,63.66,63.46,0.21,82.07,On Track,EW-Prototype-v1,True,94.87,STABLE_OR_IMPROVING
315,2,53.04,53.22,-0.18,83.03,At Risk,EW-Prototype-v1,True,94.87,SCORE_BELOW_60
316,2,77.66,79.46,-1.79,81.97,Watch,EW-Prototype-v1,True,94.87,NEGATIVE_MOMENTUM
317,2,78.69,77.13,1.56,85.88,On Track,EW-Prototype-v1,True,94.87,STABLE_OR_IMPROVING
318,2,95.99,94.09,1.89,96.51,Top Performer,EW-Prototype-v1,True,94.87,TOP_DECILE_SCORE;EXEMPLARY_ATTENDANCE
319,2,63.81,63.36,0.46,87.34,On Track,EW-Prototype-v1,True,94.87,STABLE_OR_IMPROVING
320,2,51.57,49.49,2.08,82.43,At Risk,EW-Prototype-v1,True,94.87,SCORE_BELOW_60
321,2,74.87,79.5,-4.63,85.12,Watch,EW-Prototype-v1,True,94.87,NEGATIVE_MOMENTUM
322,2,80.59,77.59,3.0,85.69,On Track,EW-Prototype-v1,True,94.87,STABLE_OR_IMPROVING
323,2,95.5,93.68,1.81,93.84,Top Performer,EW-Prototype-v1,True,94.87,TOP_DECILE_SCORE;EXEMPLARY_ATTENDANCE
324,2,63.89,63.16,0.73,86.08,On Track,EW-Prototype-v1,True,94.87,STABLE_OR_IMPROVING
325,2,52.59,51.58,1.01,89.89,At Risk,EW-Prototype-v1,True,94.87,SCORE_BELOW_60
326,2,77.22,79.28,-2.06,88.1,Watch,EW-Prototype-v1,True,94.87,NEGATIVE_MOMENTUM
327,2,77.88,76.45,1.43,88.21,On Track,EW-Prototype-v1,True,94.87,STABLE_OR_IMPROVING
328,2,94.05,95.7,-1.65,92.56,Watch,EW-Prototype-v1,True,94.87,NEGATIVE_MOMENTUM
329,2,63.74,63.5,0.24,87.76,On Track,EW-Prototype-v1,True,94.87,STABLE_OR_IMPROVING
330,2,51.66,52.68,-1.02,87.17,At Risk,EW-Prototype-v1,True,94.87,SCORE_BELOW_60
331,2,77.46,78.18,-0.72,80.19,Watch,EW-Prototype-v1,True,94.87,NEGATIVE_MOMENTUM
332,2,78.34,78.88,-0.54,81.53,Watch,EW-Prototype-v1,True,94.87,NEGATIVE_MOMENTUM
333,2,94.62,95.34,-0.71,93.28,Watch,EW-Prototype-v1,True,94.87,NEGATIVE_MOMENTUM
334,2,63.79,63.36,0.44,80.95,On Track,EW-Prototype-v1,True,94.87,STABLE_OR_IMPROVING
335,2,51.77,51.89,-0.13,85.72,At Risk,EW-Prototype-v1,True,94.87,SCORE_BELOW_60
336,2,77.96,78.51,-0.55,87.59,Watch,EW-Prototype-v1,True,94.87,NEGATIVE_MOMENTUM
337,2,76.23,77.6,-1.37,84.73,Watch,EW-Prototype-v1,True,94.87,NEGATIVE_MOMENTUM
338,2,95.52,95.66,-0.13,94.12,Top Performer,EW-Prototype-v1,True,94.87,TOP_DECILE_SCORE;EXEMPLARY_ATTENDANCE
339,2,63.74,63.46,0.27,86.95,On Track,EW-Prototype-v1,True,94.87,STABLE_OR_IMPROVING
340,2,51.84,51.43,0.4,86.66,At Risk,EW-Prototype-v1,True,94.87,SCORE_BELOW_60
341,2,74.93,80.37,-5.44,86.66,Watch,EW-Prototype-v1,True,94.87,NEGATIVE_MOMENTUM
342,2,80.78,76.48,4.29,88.21,On Track,EW-Prototype-v1,True,94.87,STABLE_OR_IMPROVING
343,2,94.9,95.43,-0.53,94.73,Top Performer,EW-Prototype-v1,True,94.87,TOP_DECILE_SCORE;EXEMPLARY_ATTENDANCE
344,2,63.76,63.35,0.42,90.04,On Track,EW-Prototype-v1,True,94.87,STABLE_OR_IMPROVING
345,2,52.35,51.82,0.53,86.24,At Risk,EW-Prototype-v1,True,94.87,SCORE_BELOW_60
346,2,76.19,78.68,-2.49,81.75,Watch,EW-Prototype-v1,True,94.87,NEGATIVE_MOMENTUM
347,2,78.64,77.32,1.32,87.52,On Track,EW-Prototype-v1,True,94.87,STABLE_OR_IMPROVING
348,2,94.66,95.73,-1.07,94.89,Watch,EW-Prototype-v1,True,94.87,NEGATIVE_MOMENTUM
349,2,63.98,63.46,0.52,86.74,On Track,EW-Prototype-v1,True,94.87,STABLE_OR_IMPROVING
350,2,53.24,51.64,1.6,82.4,At Risk,EW-Prototype-v1,True,94.87,SCORE_BELOW_60
351,2,76.42,81.42,-5.0,82.85,Watch,EW-Prototype-v1,True,94.87,NEGATIVE_MOMENTUM
352,2,79.16,78.79,0.37,84.7,On Track,EW-Prototype-v1,True,94.87,STABLE_OR_IMPROVING
353,2,94.74,95.84,-1.1,95.22,Watch,EW-Prototype-v1,True,94.87,NEGATIVE_MOMENTUM
354,2,63.91,63.28,0.63,83.84,On Track,EW-Prototype-v1,True,94.87,STABLE_OR_IMPROVING
355,2,53.93,53.78,0.15,84.45,At Risk,EW-Prototype-v1,True,94.87,SCORE_BELOW_60
356,2,75.24,80.22,-4.98,89.56,Watch,EW-Prototype-v1,True,94.87,NEGATIVE_MOMENTUM
357,2,78.19,78.11,0.08,84.51,On Track,EW-Prototype-v1,True,94.87,STABLE_OR_IMPROVING
358,2,94.75,94.52,0.23,92.37,On Track,EW-Prototype-v1,True,94.87,STABLE_OR_IMPROVING
359,2,63.73,63.25,0.48,87.28,On Track,EW-Prototype-v1,True,94.87,STABLE_OR_IMPROVING
360,2,51.77,51.29,0.48,88.56,At Risk,EW-Prototype-v1,True,94.87,SCORE_BELOW_60
361,2,75.95,80.02,-4.08,85.47,Watch,EW-Prototype-v1,True,94.87,NEGATIVE_MOMENTUM
362,2,78.63,76.14,2.49,84.37,On Track,EW-Prototype-v1,True,94.87,STABLE_OR_IMPROVING
363,2,95.29,96.82,-1.53,94.94,Top Performer,EW-Prototype-v1,True,94.87,TOP_DECILE_SCORE;EXEMPLARY_ATTENDANCE
364,2,63.67,63.31,0.36,87.43,On Track,EW-Prototype-v1,True,94.87,STABLE_OR_IMPROVING
365,2,51.58,52.31,-0.74,81.28,At Risk,EW-Prototype-v1,True,94.87,SCORE_BELOW_60
366,2,76.84,80.43,-3.59,89.11,Watch,EW-Prototype-v1,True,94.87,NEGATIVE_MOMENTUM
367,2,78.65,77.57,1.08,91.68,On Track,EW-Prototype-v1,True,94.87,STABLE_OR_IMPROVING
368,2,92.84,95.06,-2.22,94.04,Watch,EW-Prototype-v1,True,94.87,NEGATIVE_MOMENTUM
369,2,63.66,63.43,0.23,85.54,On Track,EW-Prototype-v1,True,94.87,STABLE_OR_IMPROVING
370,2,50.96,51.34,-0.39,84.23,At Risk,EW-Prototype-v1,True,94.87,SCORE_BELOW_60
371,2,75.22,80.99,-5.77,82.15,Watch,EW-Prototype-v1,True,94.87,NEGATIVE_MOMENTUM
372,2,78.68,77.53,1.15,88.81,On Track,EW-Prototype-v1,True,94.87,STABLE_OR_IMPROVING
373,2,97.22,93.66,3.56,93.99,Top Performer,EW-Prototype-v1,True,94.87,TOP_DECILE_SCORE;EXEMPLARY_ATTENDANCE
374,2,63.93,63.4,0.53,90.87,On Track,EW-Prototype-v1,True,94.87,STABLE_OR_IMPROVING
375,2,51.86,51.98,-0.13,82.91,At Risk,EW-Prototype-v1,True,94.87,SCORE_BELOW_60
376,2,78.22,81.54,-3.32,84.79,Watch,EW-Prototype-v1,True,94.87,NEGATIVE_MOMENTUM
377,2,79.41,78.5,0.91,90.12,On Track,EW-Prototype-v1,True,94.87,STABLE_OR_IMPROVING
378,2,94.71,95.82,-1.11,96.07,Watch,EW-Prototype-v1,True,94.87,NEGATIVE_MOMENTUM
379,2,63.77,63.38,0.39,91.99,On Track,EW-Prototype-v1,True,94.87,STABLE_OR_IMPROVING
380,2,52.69,51.62,1.07,86.61,At Risk,EW-Prototype-v1,True,94.87,SCORE_BELOW_60
381,2,77.16,80.1,-2.94,85.47,Watch,EW-Prototype-v1,True,94.87,NEGATIVE_MOMENTUM
382,2,78.22,78.66,-0.44,84.88,Watch,EW-Prototype-v1,True,94.87,NEGATIVE_MOMENTUM
383,2,94.75,93.81,0.94,97.78,On Track,EW-Prototype-v1,True,94.87,STABLE_OR_IMPROVING
384,2,63.96,63.4,0.57,84.99,On Track,EW-Prototype-v1,True,94.87,STABLE_OR_IMPROVING
385,2,53.91,52.27,1.64,89.9,At Risk,EW-Prototype-v1,True,94.87,SCORE_BELOW_60
386,2,78.07,80.85,-2.78,84.72,Watch,EW-Prototype-v1,True,94.87,NEGATIVE_MOMENTUM
387,2,77.6,77.79,-0.19,85.7,Watch,EW-Prototype-v1,True,94.87,NEGATIVE_MOMENTUM
388,2,94.51,96.88,-2.37,93.51,Watch,EW-Prototype-v1,True,94.87,NEGATIVE_MOMENTUM
389,2,63.62,63.52,0.09,85.45,On Track,EW-Prototype-v1,True,94.87,STABLE_OR_IMPROVING
390,2,52.57,51.1,1.48,84.81,At Risk,EW-Prototype-v1,True,94.87,SCORE_BELOW_60
391,2,76.21,79.84,-3.63,90.92,Watch,EW-Prototype-v1,True,94.87,NEGATIVE_MOMENTUM
392,2,78.53,77.55,0.98,92.3,On Track,EW-Prototype-v1,True,94.87,STABLE_OR_IMPROVING
393,2,94.5,96.06,-1.56,95.42,Watch,EW-Prototype-v1,True,94.87,NEGATIVE_MOMENTUM
394,2,63.85,63.49,0.35,86.35,On Track,EW-Prototype-v1,True,94.87,STABLE_OR_IMPROVING
395,2,52.34,51.78,0.56,85.2,At Risk,EW-Prototype-v1,True,94.87,SCORE_BELOW_60
396,2,77.22,81.13,-3.92,80.72,Watch,EW-Prototype-v1,True,94.87,NEGATIVE_MOMENTUM
397,2,79.29,76.95,2.34,86.0,On Track,EW-Prototype-v1,True,94.87,STABLE_OR_IMPROVING
398,2,94.88,93.53,1.35,92.8,Top Performer,EW-Prototype-v1,True,94.87,TOP_DECILE_SCORE;EXEMPLARY_ATTENDANCE
399,2,63.92,63.61,0.31,87.73,On Track,EW-Prototype-v1,True,94.87,STABLE_OR_IMPROVING
400,2,52.89,50.64,2.26,82.7,At Risk,EW-Prototype-v1,True,94.87,SCORE_BELOW_60
401,2,75.99,81.3,-5.31,85.7,Watch,EW-Prototype-v1,True,94.87,NEGATIVE_MOMENTUM
402,2,77.3,77.51,-0.21,88.73,Watch,EW-Prototype-v1,True,94.87,NEGATIVE_MOMENTUM
403,2,94.64,94.56,0.08,92.57,On Track,EW-Prototype-v1,True,94.87,STABLE_OR_IMPROVING
404,2,63.77,63.33,0.44,89.53,On Track,EW-Prototype-v1,True,94.87,STABLE_OR_IMPROVING
405,2,53.04,,,90.31,At Risk,EW-Prototype-v1,True,94.87,SCORE_BELOW_60
406,2,76.43,,,85.39,On Track,EW-Prototype-v1,True,94.87,STABLE_OR_IMPROVING
407,2,79.1,,,89.88,On Track,EW-Prototype-v1,True,94.87,STABLE_OR_IMPROVING
408,2,96.8,,,95.46,Top Performer,EW-Prototype-v1,True,94.87,TOP_DECILE_SCORE;EXEMPLARY_ATTENDANCE
409,2,63.65,,,87.72,On Track,EW-Prototype-v1,True,94.87,STABLE_OR_IMPROVING
410,2,52.84,,,84.38,At Risk,EW-Prototype-v1,True,94.87,SCORE_BELOW_60
411,2,78.87,,,86.67,On Track,EW-Prototype-v1,True,94.87,STABLE_OR_IMPROVING
412,2,77.33,,,83.62,On Track,EW-Prototype-v1,True,94.87,STABLE_OR_IMPROVING
413,2,96.42,,,92.72,Top Performer,EW-Prototype-v1,True,94.87,TOP_DECILE_SCORE;EXEMPLARY_ATTENDANCE
414,2,63.76,,,83.46,On Track,EW-Prototype-v1,True,94.87,STABLE_OR_IMPROVING
415,2,50.68,,,86.0,At Risk,EW-Prototype-v1,True,94.87,SCORE_BELOW_60
416,2,75.36,,,80.8,On Track,EW-Prototype-v1,True,94.87,STABLE_OR_IMPROVING
417,2,77.48,,,86.41,On Track,EW-Prototype-v1,True,94.87,STABLE_OR_IMPROVING
418,2,96.0,,,93.36,Top Performer,EW-Prototype-v1,True,94.87,TOP_DECILE_SCORE;EXEMPLARY_ATTENDANCE
419,2,63.77,,,86.26,On Track,EW-Prototype-v1,True,94.87,STABLE_OR_IMPROVING
420,2,50.8,,,87.2,At Risk,EW-Prototype-v1,True,94.87,SCORE_BELOW_60
421,2,76.75,,,85.03,On Track,EW-Prototype-v1,True,94.87,STABLE_OR_IMPROVING
422,2,78.98,,,87.21,On Track,EW-Prototype-v1,True,94.87,STABLE_OR_IMPROVING
423,2,93.9,,,94.4,On Track,EW-Prototype-v1,True,94.87,STABLE_OR_IMPROVING
424,2,63.69,,,81.9,On Track,EW-Prototype-v1,True,94.87,STABLE_OR_IMPROVING
425,2,50.84,,,87.62,At Risk,EW-Prototype-v1,True,94.87,SCORE_BELOW_60
426,2,75.78,,,84.48,On Track,EW-Prototype-v1,True,94.87,STABLE_OR_IMPROVING
427,2,80.52,,,87.41,On Track,EW-Prototype-v1,True,94.87,STABLE_OR_IMPROVING
428,2,95.43,,,95.7,Top Performer,EW-Prototype-v1,True,94.87,TOP_DECILE_SCORE;EXEMPLARY_ATTENDANCE
429,2,63.85,,,86.43,On Track,EW-Prototype-v1,True,94.87,STABLE_OR_IMPROVING
430,2,52.11,,,87.8,At Risk,EW-Prototype-v1,True,94.87,SCORE_BELOW_60
431,2,78.79,,,87.98,On Track,EW-Prototype-v1,True,94.87,STABLE_OR_IMPROVING
432,2,80.65,,,84.18,On Track,EW-Prototype-v1,True,94.87,STABLE_OR_IMPROVING
433,2,95.64,,,96.78,Top Performer,EW-Prototype-v1,True,94.87,TOP_DECILE_SCORE;EXEMPLARY_ATTENDANCE
434,2,63.68,,,85.53,On Track,EW-Prototype-v1,True,94.87,STABLE_OR_IMPROVING
435,2,53.11,,,85.48,At Risk,EW-Prototype-v1,True,94.87,SCORE_BELOW_60
436,2,77.23,,,80.07,On Track,EW-Prototype-v1,True,94.87,STABLE_OR_IMPROVING
437,2,78.73,,,83.29,On Track,EW-Prototype-v1,True,94.87,STABLE_OR_IMPROVING
438,2,96.05,,,95.48,Top Performer,EW-Prototype-v1,True,94.87,TOP_DECILE_SCORE;EXEMPLARY_ATTENDANCE
439,2,63.76,,,82.38,On Track,EW-Prototype-v1,True,94.87,STABLE_OR_IMPROVING
440,2,51.28,,,86.21,At Risk,EW-Prototype-v1,True,94.87,SCORE_BELOW_60
441,2,78.29,,,81.81,On Track,EW-Prototype-v1,True,94.87,STABLE_OR_IMPROVING
442,2,79.37,,,79.01,On Track,EW-Prototype-v1,True,94.87,STABLE_OR_IMPROVING
443,2,94.08,,,94.29,On Track,EW-Prototype-v1,True,94.87,STABLE_OR_IMPROVING
444,2,63.81,,,84.68,On Track,EW-Prototype-v1,True,94.87,STABLE_OR_IMPROVING
445,2,52.35,,,86.6,At Risk,EW-Prototype-v1,True,94.87,SCORE_BELOW_60
446,2,77.78,,,84.73,On Track,EW-Prototype-v1,True,94.87,STABLE_OR_IMPROVING
447,2,80.73,,,90.37,On Track,EW-Prototype-v1,True,94.87,STABLE_OR_IMPROVING
448,2,94.83,,,93.63,On Track,EW-Prototype-v1,True,94.87,STABLE_OR_IMPROVING
449,2,63.91,,,87.41,On Track,EW-Prototype-v1,True,94.87,STABLE_OR_IMPROVING
450,2,51.64,,,79.06,At Risk,EW-Prototype-v1,True,94.87,SCORE_BELOW_60
451,2,75.9,,,85.12,On Track,EW-Prototype-v1,True,94.87,STABLE_OR_IMPROVING
452,2,78.03,,,84.74,On Track,EW-Prototype-v1,True,94.87,STABLE_OR_IMPROVING
453,2,94.71,,,95.8,On Track,EW-Prototype-v1,True,94.87,STABLE_OR_IMPROVING
454,2,63.92,,,83.23,On Track,EW-Prototype-v1,True,94.87,STABLE_OR_IMPROVING
455,2,49.63,,,87.26,At Risk,EW-Prototype-v1,True,94.87,SCORE_BELOW_60
456,2,77.19,,,84.06,On Track,EW-Prototype-v1,True,94.87,STABLE_OR_IMPROVING
457,2,78.99,,,83.62,On Track,EW-Prototype-v1,True,94.87,STABLE_OR_IMPROVING
458,2,94.84,,,93.95,On Track,EW-Prototype-v1,True,94.87,STABLE_OR_IMPROVING
459,2,63.73,,,86.68,On Track,EW-Prototype-v1,True,94.87,STABLE_OR_IMPROVING
460,2,52.45,,,90.83,At Risk,EW-Prototype-v1,True,94.87,SCORE_BELOW_60
461,2,77.07,,,82.11,On Track,EW-Prototype-v1,True,94.87,STABLE_OR_IMPROVING
462,2,78.39,,,84.8,On Track,EW-Prototype-v1,True,94.87,STABLE_OR_IMPROVING
463,2,95.75,,,96.03,Top Performer,EW-Prototype-v1,True,94.87,TOP_DECILE_SCORE;EXEMPLARY_ATTENDANCE
464,2,63.73,,,82.11,On Track,EW-Prototype-v1,True,94.87,STABLE_OR_IMPROVING
465,2,51.64,,,84.95,At Risk,EW-Prototype-v1,True,94.87,SCORE_BELOW_60
466,2,75.03,,,83.51,On Track,EW-Prototype-v1,True,94.87,STABLE_OR_IMPROVING
467,2,78.85,,,81.91,On Track,EW-Prototype-v1,True,94.87,STABLE_OR_IMPROVING
468,2,93.38,,,97.1,On Track,EW-Prototype-v1,True,94.87,STABLE_OR_IMPROVING
469,2,63.9,,,86.86,On Track,EW-Prototype-v1,True,94.87,STABLE_OR_IMPROVING
470,2,51.46,,,92.14,At Risk,EW-Prototype-v1,True,94.87,SCORE_BELOW_60
471,2,77.11,,,86.71,On Track,EW-Prototype-v1,True,94.87,STABLE_OR_IMPROVING
472,2,78.45,,,85.27,On Track,EW-Prototype-v1,True,94.87,STABLE_OR_IMPROVING
473,2,96.2,,,93.54,Top Performer,EW-Prototype-v1,True,94.87,TOP_DECILE_SCORE;EXEMPLARY_ATTENDANCE
474,2,63.73,,,86.26,On Track,EW-Prototype-v1,True,94.87,STABLE_OR_IMPROVING
475,2,52.38,,,88.27,At Risk,EW-Prototype-v1,True,94.87,SCORE_BELOW_60
476,2,76.65,,,86.59,On Track,EW-Prototype-v1,True,94.87,STABLE_OR_IMPROVING
477,2,78.5,,,87.84,On Track,EW-Prototype-v1,True,94.87,STABLE_OR_IMPROVING
478,2,95.29,,,95.59,Top Performer,EW-Prototype-v1,True,94.87,TOP_DECILE_SCORE;EXEMPLARY_ATTENDANCE
479,2,63.86,,,86.1,On Track,EW-Prototype-v1,True,94.87,STABLE_OR_IMPROVING
480,2,51.45,,,85.94,At Risk,EW-Prototype-v1,True,94.87,SCORE_BELOW_60
1,3,73.2,78.23,-5.03,88.76,Watch,EW-Prototype-v1,True,94.93,NEGATIVE_MOMENTUM
2,3,80.42,79.02,1.4,82.2,On Track,EW-Prototype-v1,True,94.93,STABLE_OR_IMPROVING
3,3,95.98,93.58,2.4,92.4,Top Performer,EW-Prototype-v1,True,94.93,TOP_DECILE_SCORE;EXEMPLARY_ATTENDANCE
4,3,64.22,63.74,0.48,88.89,Slow Learner,EW-Prototype-v1,True,94.93,PERSISTENT_60_69;LIMITED_IMPROVEMENT;ADEQUATE_ATTENDANCE
5,3,50.68,53.41,-2.73,84.99,At Risk,EW-Prototype-v1,True,94.93,SCORE_BELOW_60
6,3,74.79,76.81,-2.03,84.48,Watch,EW-Prototype-v1,True,94.93,NEGATIVE_MOMENTUM
7,3,78.41,76.71,1.7,86.45,On Track,EW-Prototype-v1,True,94.93,STABLE_OR_IMPROVING
8,3,95.04,95.73,-0.69,94.78,Top Performer,EW-Prototype-v1,True,94.93,TOP_DECILE_SCORE;EXEMPLARY_ATTENDANCE
9,3,64.32,63.8,0.52,87.41,Slow Learner,EW-Prototype-v1,True,94.93,PERSISTENT_60_69;LIMITED_IMPROVEMENT;ADEQUATE_ATTENDANCE
10,3,50.17,51.47,-1.3,83.94,At Risk,EW-Prototype-v1,True,94.93,SCORE_BELOW_60
11,3,72.45,76.9,-4.45,82.24,Watch,EW-Prototype-v1,True,94.93,NEGATIVE_MOMENTUM
12,3,79.98,79.51,0.46,83.59,On Track,EW-Prototype-v1,True,94.93,STABLE_OR_IMPROVING
13,3,94.77,94.25,0.51,92.44,On Track,EW-Prototype-v1,True,94.93,STABLE_OR_IMPROVING
14,3,64.3,63.79,0.5,85.81,Slow Learner,EW-Prototype-v1,True,94.93,PERSISTENT_60_69;LIMITED_IMPROVEMENT;ADEQUATE_ATTENDANCE
15,3,52.05,50.87,1.18,86.98,At Risk,EW-Prototype-v1,True,94.93,SCORE_BELOW_60
16,3,73.94,77.21,-3.27,91.67,Watch,EW-Prototype-v1,True,94.93,NEGATIVE_MOMENTUM
17,3,81.54,77.11,4.43,90.38,On Track,EW-Prototype-v1,True,94.93,STABLE_OR_IMPROVING
18,3,95.81,95.62,0.18,95.07,Top Performer,EW-Prototype-v1,True,94.93,TOP_DECILE_SCORE;EXEMPLARY_ATTENDANCE
19,3,64.28,63.78,0.5,84.69,Slow Learner,EW-Prototype-v1,True,94.93,PERSISTENT_60_69;LIMITED_IMPROVEMENT;ADEQUATE_ATTENDANCE
20,3,52.11,51.78,0.32,84.7,At Risk,EW-Prototype-v1,True,94.93,SCORE_BELOW_60
21,3,74.35,76.57,-2.22,84.53,Watch,EW-Prototype-v1,True,94.93,NEGATIVE_MOMENTUM
22,3,79.27,77.42,1.85,84.41,On Track,EW-Prototype-v1,True,94.93,STABLE_OR_IMPROVING
23,3,92.62,95.66,-3.04,96.16,Watch,EW-Prototype-v1,True,94.93,NEGATIVE_MOMENTUM
24,3,64.17,63.68,0.49,86.01,Slow Learner,EW-Prototype-v1,True,94.93,PERSISTENT_60_69;LIMITED_IMPROVEMENT;ADEQUATE_ATTENDANCE
25,3,53.9,51.54,2.36,84.7,At Risk,EW-Prototype-v1,True,94.93,SCORE_BELOW_60
26,3,72.39,76.35,-3.96,85.32,Watch,EW-Prototype-v1,True,94.93,NEGATIVE_MOMENTUM
27,3,79.9,80.31,-0.42,85.57,Watch,EW-Prototype-v1,True,94.93,NEGATIVE_MOMENTUM
28,3,93.74,95.56,-1.81,94.54,Watch,EW-Prototype-v1,True,94.93,NEGATIVE_MOMENTUM
29,3,64.4,63.93,0.47,87.17,Slow Learner,EW-Prototype-v1,True,94.93,PERSISTENT_60_69;LIMITED_IMPROVEMENT;ADEQUATE_ATTENDANCE
30,3,50.23,51.56,-1.33,85.9,At Risk,EW-Prototype-v1,True,94.93,SCORE_BELOW_60
31,3,74.55,77.53,-2.98,87.51,Watch,EW-Prototype-v1,True,94.93,NEGATIVE_MOMENTUM
32,3,78.02,77.96,0.06,82.54,On Track,EW-Prototype-v1,True,94.93,STABLE_OR_IMPROVING
33,3,96.41,96.63,-0.22,95.57,Top Performer,EW-Prototype-v1,True,94.93,TOP_DECILE_SCORE;EXEMPLARY_ATTENDANCE
34,3,64.13,63.95,0.18,85.27,Slow Learner,EW-Prototype-v1,True,94.93,PERSISTENT_60_69;LIMITED_IMPROVEMENT;ADEQUATE_ATTENDANCE
35,3,52.63,50.58,2.05,89.7,At Risk,EW-Prototype-v1,True,94.93,SCORE_BELOW_60
36,3,73.97,76.37,-2.4,84.88,Watch,EW-Prototype-v1,True,94.93,NEGATIVE_MOMENTUM
37,3,78.2,78.27,-0.07,86.09,Watch,EW-Prototype-v1,True,94.93,NEGATIVE_MOMENTUM
38,3,96.65,92.99,3.66,95.34,Top Performer,EW-Prototype-v1,True,94.93,TOP_DECILE_SCORE;EXEMPLARY_ATTENDANCE
39,3,64.13,63.91,0.22,85.32,Slow Learner,EW-Prototype-v1,True,94.93,PERSISTENT_60_69;LIMITED_IMPROVEMENT;ADEQUATE_ATTENDANCE
40,3,51.87,53.15,-1.28,86.32,At Risk,EW-Prototype-v1,True,94.93,SCORE_BELOW_60
41,3,73.77,75.14,-1.36,88.73,Watch,EW-Prototype-v1,True,94.93,NEGATIVE_MOMENTUM
42,3,81.55,77.52,4.03,87.83,On Track,EW-Prototype-v1,True,94.93,STABLE_OR_IMPROVING
43,3,95.3,94.61,0.68,96.86,Top Performer,EW-Prototype-v1,True,94.93,TOP_DECILE_SCORE;EXEMPLARY_ATTENDANCE
44,3,64.23,63.65,0.58,89.97,Slow Learner,EW-Prototype-v1,True,94.93,PERSISTENT_60_69;LIMITED_IMPROVEMENT;ADEQUATE_ATTENDANCE
45,3,51.78,51.93,-0.15,89.06,At Risk,EW-Prototype-v1,True,94.93,SCORE_BELOW_60
46,3,73.21,76.85,-3.64,82.21,Watch,EW-Prototype-v1,True,94.93,NEGATIVE_MOMENTUM
47,3,79.94,79.43,0.51,84.83,On Track,EW-Prototype-v1,True,94.93,STABLE_OR_IMPROVING
48,3,94.71,95.82,-1.12,95.85,Watch,EW-Prototype-v1,True,94.93,NEGATIVE_MOMENTUM
49,3,64.21,63.7,0.51,84.13,Slow Learner,EW-Prototype-v1,True,94.93,PERSISTENT_60_69;LIMITED_IMPROVEMENT;ADEQUATE_ATTENDANCE
50,3,53.79,54.03,-0.24,88.59,At Risk,EW-Prototype-v1,True,94.93,SCORE_BELOW_60
51,3,73.2,77.85,-4.65,92.92,Watch,EW-Prototype-v1,True,94.93,NEGATIVE_MOMENTUM
52,3,80.11,79.67,0.44,88.67,On Track,EW-Prototype-v1,True,94.93,STABLE_OR_IMPROVING
53,3,93.58,96.23,-2.65,97.23,Watch,EW-Prototype-v1,True,94.93,NEGATIVE_MOMENTUM
54,3,64.27,63.71,0.57,87.3,Slow Learner,EW-Prototype-v1,True,94.93,PERSISTENT_60_69;LIMITED_IMPROVEMENT;ADEQUATE_ATTENDANCE
55,3,51.23,51.82,-0.59,84.73,At Risk,EW-Prototype-v1,True,94.93,SCORE_BELOW_60
56,3,74.45,76.51,-2.06,86.77,Watch,EW-Prototype-v1,True,94.93,NEGATIVE_MOMENTUM
57,3,77.71,78.12,-0.41,84.01,Watch,EW-Prototype-v1,True,94.93,NEGATIVE_MOMENTUM
58,3,94.28,95.0,-0.72,91.25,Watch,EW-Prototype-v1,True,94.93,NEGATIVE_MOMENTUM
59,3,64.27,63.74,0.53,88.13,Slow Learner,EW-Prototype-v1,True,94.93,PERSISTENT_60_69;LIMITED_IMPROVEMENT;ADEQUATE_ATTENDANCE
60,3,52.76,52.43,0.33,85.36,At Risk,EW-Prototype-v1,True,94.93,SCORE_BELOW_60
61,3,73.2,77.66,-4.46,85.45,Watch,EW-Prototype-v1,True,94.93,NEGATIVE_MOMENTUM
62,3,80.18,77.3,2.88,83.52,On Track,EW-Prototype-v1,True,94.93,STABLE_OR_IMPROVING
63,3,92.81,93.44,-0.63,94.92,Watch,EW-Prototype-v1,True,94.93,NEGATIVE_MOMENTUM
64,3,64.0,63.61,0.39,82.03,Slow Learner,EW-Prototype-v1,True,94.93,PERSISTENT_60_69;LIMITED_IMPROVEMENT;ADEQUATE_ATTENDANCE
65,3,51.01,52.08,-1.07,85.44,At Risk,EW-Prototype-v1,True,94.93,SCORE_BELOW_60
66,3,73.9,76.85,-2.95,85.07,Watch,EW-Prototype-v1,True,94.93,NEGATIVE_MOMENTUM
67,3,80.39,78.73,1.66,87.44,On Track,EW-Prototype-v1,True,94.93,STABLE_OR_IMPROVING
68,3,94.02,94.87,-0.85,96.81,Watch,EW-Prototype-v1,True,94.93,NEGATIVE_MOMENTUM
69,3,64.23,63.77,0.46,81.96,Slow Learner,EW-Prototype-v1,True,94.93,PERSISTENT_60_69;LIMITED_IMPROVEMENT;ADEQUATE_ATTENDANCE
70,3,51.75,52.22,-0.46,86.73,At Risk,EW-Prototype-v1,True,94.93,SCORE_BELOW_60
71,3,73.54,76.47,-2.93,88.76,Watch,EW-Prototype-v1,True,94.93,NEGATIVE_MOMENTUM
72,3,78.81,79.51,-0.7,83.05,Watch,EW-Prototype-v1,True,94.93,NEGATIVE_MOMENTUM
73,3,95.61,94.56,1.05,94.56,Top Performer,EW-Prototype-v1,True,94.93,TOP_DECILE_SCORE;EXEMPLARY_ATTENDANCE
74,3,64.13,63.72,0.41,84.38,Slow Learner,EW-Prototype-v1,True,94.93,PERSISTENT_60_69;LIMITED_IMPROVEMENT;ADEQUATE_ATTENDANCE
75,3,52.64,50.37,2.27,85.23,At Risk,EW-Prototype-v1,True,94.93,SCORE_BELOW_60
76,3,76.18,76.8,-0.63,83.22,Watch,EW-Prototype-v1,True,94.93,NEGATIVE_MOMENTUM
77,3,80.47,81.35,-0.89,90.55,Watch,EW-Prototype-v1,True,94.93,NEGATIVE_MOMENTUM
78,3,96.64,95.42,1.23,96.25,Top Performer,EW-Prototype-v1,True,94.93,TOP_DECILE_SCORE;EXEMPLARY_ATTENDANCE
79,3,64.15,63.79,0.36,87.61,Slow Learner,EW-Prototype-v1,True,94.93,PERSISTENT_60_69;LIMITED_IMPROVEMENT;ADEQUATE_ATTENDANCE
80,3,51.56,52.74,-1.18,83.67,At Risk,EW-Prototype-v1,True,94.93,SCORE_BELOW_60
81,3,74.48,76.88,-2.41,86.38,Watch,EW-Prototype-v1,True,94.93,NEGATIVE_MOMENTUM
82,3,80.68,79.84,0.84,87.81,On Track,EW-Prototype-v1,True,94.93,STABLE_OR_IMPROVING
83,3,95.17,95.57,-0.4,94.72,Top Performer,EW-Prototype-v1,True,94.93,TOP_DECILE_SCORE;EXEMPLARY_ATTENDANCE
84,3,64.27,63.73,0.55,88.32,Slow Learner,EW-Prototype-v1,True,94.93,PERSISTENT_60_69;LIMITED_IMPROVEMENT;ADEQUATE_ATTENDANCE
85,3,51.13,50.99,0.14,79.94,At Risk,EW-Prototype-v1,True,94.93,SCORE_BELOW_60
86,3,75.11,77.84,-2.73,88.05,Watch,EW-Prototype-v1,True,94.93,NEGATIVE_MOMENTUM
87,3,78.46,78.5,-0.04,88.48,Watch,EW-Prototype-v1,True,94.93,NEGATIVE_MOMENTUM
88,3,96.47,96.46,0.01,96.1,Top Performer,EW-Prototype-v1,True,94.93,TOP_DECILE_SCORE;EXEMPLARY_ATTENDANCE
89,3,64.33,63.74,0.59,84.69,Slow Learner,EW-Prototype-v1,True,94.93,PERSISTENT_60_69;LIMITED_IMPROVEMENT;ADEQUATE_ATTENDANCE
90,3,51.64,53.16,-1.52,86.96,At Risk,EW-Prototype-v1,True,94.93,SCORE_BELOW_60
91,3,74.9,77.1,-2.2,80.91,Watch,EW-Prototype-v1,True,94.93,NEGATIVE_MOMENTUM
92,3,79.17,77.65,1.52,84.26,On Track,EW-Prototype-v1,True,94.93,STABLE_OR_IMPROVING
93,3,93.58,95.71,-2.13,93.34,Watch,EW-Prototype-v1,True,94.93,NEGATIVE_MOMENTUM
94,3,64.19,63.87,0.32,82.98,Slow Learner,EW-Prototype-v1,True,94.93,PERSISTENT_60_69;LIMITED_IMPROVEMENT;ADEQUATE_ATTENDANCE
95,3,50.09,51.09,-1.0,88.41,At Risk,EW-Prototype-v1,True,94.93,SCORE_BELOW_60
96,3,74.52,76.81,-2.29,81.53,Watch,EW-Prototype-v1,True,94.93,NEGATIVE_MOMENTUM
97,3,80.13,78.44,1.68,85.68,On Track,EW-Prototype-v1,True,94.93,STABLE_OR_IMPROVING
98,3,95.64,95.1,0.53,95.66,Top Performer,EW-Prototype-v1,True,94.93,TOP_DECILE_SCORE;EXEMPLARY_ATTENDANCE
99,3,64.04,63.78,0.26,85.2,Slow Learner,EW-Prototype-v1,True,94.93,PERSISTENT_60_69;LIMITED_IMPROVEMENT;ADEQUATE_ATTENDANCE
100,3,51.99,53.1,-1.11,81.25,At Risk,EW-Prototype-v1,True,94.93,SCORE_BELOW_60
101,3,75.02,75.6,-0.58,83.31,Watch,EW-Prototype-v1,True,94.93,NEGATIVE_MOMENTUM
102,3,82.07,76.87,5.2,82.25,On Track,EW-Prototype-v1,True,94.93,STABLE_OR_IMPROVING
103,3,95.92,94.46,1.46,94.65,Top Performer,EW-Prototype-v1,True,94.93,TOP_DECILE_SCORE;EXEMPLARY_ATTENDANCE
104,3,64.28,63.78,0.5,87.39,Slow Learner,EW-Prototype-v1,True,94.93,PERSISTENT_60_69;LIMITED_IMPROVEMENT;ADEQUATE_ATTENDANCE
105,3,51.16,52.14,-0.98,83.63,At Risk,EW-Prototype-v1,True,94.93,SCORE_BELOW_60
106,3,74.45,75.74,-1.29,86.72,Watch,EW-Prototype-v1,True,94.93,NEGATIVE_MOMENTUM
107,3,80.56,77.88,2.68,82.78,On Track,EW-Prototype-v1,True,94.93,STABLE_OR_IMPROVING
108,3,94.26,95.01,-0.75,92.46,Watch,EW-Prototype-v1,True,94.93,NEGATIVE_MOMENTUM
109,3,64.32,63.85,0.48,81.95,Slow Learner,EW-Prototype-v1,True,94.93,PERSISTENT_60_69;LIMITED_IMPROVEMENT;ADEQUATE_ATTENDANCE
110,3,52.06,52.32,-0.26,86.07,At Risk,EW-Prototype-v1,True,94.93,SCORE_BELOW_60
111,3,75.26,78.47,-3.2,89.04,Watch,EW-Prototype-v1,True,94.93,NEGATIVE_MOMENTUM
112,3,79.79,78.45,1.33,88.1,On Track,EW-Prototype-v1,True,94.93,STABLE_OR_IMPROVING
113,3,96.7,94.27,2.43,94.45,Top Performer,EW-Prototype-v1,True,94.93,TOP_DECILE_SCORE;EXEMPLARY_ATTENDANCE
114,3,64.33,63.97,0.36,81.99,Slow Learner,EW-Prototype-v1,True,94.93,PERSISTENT_60_69;LIMITED_IMPROVEMENT;ADEQUATE_ATTENDANCE
115,3,51.17,51.07,0.1,83.7,At Risk,EW-Prototype-v1,True,94.93,SCORE_BELOW_60
116,3,73.17,77.67,-4.5,88.74,Watch,EW-Prototype-v1,True,94.93,NEGATIVE_MOMENTUM
117,3,78.52,77.08,1.44,86.26,On Track,EW-Prototype-v1,True,94.93,STABLE_OR_IMPROVING
118,3,95.53,93.73,1.8,96.37,Top Performer,EW-Prototype-v1,True,94.93,TOP_DECILE_SCORE;EXEMPLARY_ATTENDANCE
119,3,64.14,63.88,0.26,84.15,Slow Learner,EW-Prototype-v1,True,94.93,PERSISTENT_60_69;LIMITED_IMPROVEMENT;ADEQUATE_ATTENDANCE
120,3,51.76,51.06,0.7,84.03,At Risk,EW-Prototype-v1,True,94.93,SCORE_BELOW_60
121,3,73.61,75.15,-1.54,86.91,Watch,EW-Prototype-v1,True,94.93,NEGATIVE_MOMENTUM
122,3,82.38,78.61,3.77,83.22,On Track,EW-Prototype-v1,True,94.93,STABLE_OR_IMPROVING
123,3,95.62,94.75,0.87,94.93,Top Performer,EW-Prototype-v1,True,94.93,TOP_DECILE_SCORE;EXEMPLARY_ATTENDANCE
124,3,64.12,63.77,0.35,81.51,Slow Learner,EW-Prototype-v1,True,94.93,PERSISTENT_60_69;LIMITED_IMPROVEMENT;ADEQUATE_ATTENDANCE
125,3,51.47,53.04,-1.57,85.17,At Risk,EW-Prototype-v1,True,94.93,SCORE_BELOW_60
126,3,73.79,78.21,-4.42,88.16,Watch,EW-Prototype-v1,True,94.93,NEGATIVE_MOMENTUM
127,3,79.55,78.61,0.94,87.02,On Track,EW-Prototype-v1,True,94.93,STABLE_OR_IMPROVING
128,3,95.34,96.0,-0.66,95.58,Top Performer,EW-Prototype-v1,True,94.93,TOP_DECILE_SCORE;EXEMPLARY_ATTENDANCE
129,3,64.08,63.7,0.38,81.18,Slow Learner,EW-Prototype-v1,True,94.93,PERSISTENT_60_69;LIMITED_IMPROVEMENT;ADEQUATE_ATTENDANCE
130,3,52.56,53.14,-0.58,87.3,At Risk,EW-Prototype-v1,True,94.93,SCORE_BELOW_60
131,3,74.1,76.1,-1.99,87.67,Watch,EW-Prototype-v1,True,94.93,NEGATIVE_MOMENTUM
132,3,79.18,79.39,-0.21,93.13,Watch,EW-Prototype-v1,True,94.93,NEGATIVE_MOMENTUM
133,3,94.29,95.66,-1.38,94.05,Watch,EW-Prototype-v1,True,94.93,NEGATIVE_MOMENTUM
134,3,64.19,63.88,0.31,82.72,Slow Learner,EW-Prototype-v1,True,94.93,PERSISTENT_60_69;LIMITED_IMPROVEMENT;ADEQUATE_ATTENDANCE
135,3,52.73,53.28,-0.55,85.25,At Risk,EW-Prototype-v1,True,94.93,SCORE_BELOW_60
136,3,72.83,75.87,-3.04,87.44,Watch,EW-Prototype-v1,True,94.93,NEGATIVE_MOMENTUM
137,3,79.83,78.37,1.46,84.18,On Track,EW-Prototype-v1,True,94.93,STABLE_OR_IMPROVING
138,3,93.78,94.4,-0.61,93.19,Watch,EW-Prototype-v1,True,94.93,NEGATIVE_MOMENTUM
139,3,64.16,63.96,0.2,89.58,Slow Learner,EW-Prototype-v1,True,94.93,PERSISTENT_60_69;LIMITED_IMPROVEMENT;ADEQUATE_ATTENDANCE
140,3,52.27,51.02,1.25,85.23,At Risk,EW-Prototype-v1,True,94.93,SCORE_BELOW_60
141,3,74.1,77.4,-3.29,85.37,Watch,EW-Prototype-v1,True,94.93,NEGATIVE_MOMENTUM
142,3,81.17,78.97,2.2,85.2,On Track,EW-Prototype-v1,True,94.93,STABLE_OR_IMPROVING
143,3,93.57,95.17,-1.59,94.52,Watch,EW-Prototype-v1,True,94.93,NEGATIVE_MOMENTUM
144,3,64.19,63.7,0.49,87.95,Slow Learner,EW-Prototype-v1,True,94.93,PERSISTENT_60_69;LIMITED_IMPROVEMENT;ADEQUATE_ATTENDANCE
145,3,53.07,53.3,-0.24,85.51,At Risk,EW-Prototype-v1,True,94.93,SCORE_BELOW_60
146,3,75.0,75.91,-0.91,85.23,Watch,EW-Prototype-v1,True,94.93,NEGATIVE_MOMENTUM
147,3,80.87,79.88,0.99,82.1,On Track,EW-Prototype-v1,True,94.93,STABLE_OR_IMPROVING
148,3,96.6,95.03,1.57,97.02,Top Performer,EW-Prototype-v1,True,94.93,TOP_DECILE_SCORE;EXEMPLARY_ATTENDANCE
149,3,64.09,63.71,0.38,91.97,Slow Learner,EW-Prototype-v1,True,94.93,PERSISTENT_60_69;LIMITED_IMPROVEMENT;ADEQUATE_ATTENDANCE
150,3,51.51,53.64,-2.13,83.54,At Risk,EW-Prototype-v1,True,94.93,SCORE_BELOW_60
151,3,75.07,76.85,-1.78,79.57,Watch,EW-Prototype-v1,True,94.93,NEGATIVE_MOMENTUM
152,3,81.51,79.77,1.74,88.13,On Track,EW-Prototype-v1,True,94.93,STABLE_OR_IMPROVING
153,3,95.94,95.43,0.51,96.16,Top Performer,EW-Prototype-v1,True,94.93,TOP_DECILE_SCORE;EXEMPLARY_ATTENDANCE
154,3,64.07,63.65,0.42,82.82,Slow Learner,EW-Prototype-v1,True,94.93,PERSISTENT_60_69;LIMITED_IMPROVEMENT;ADEQUATE_ATTENDANCE
155,3,53.38,52.34,1.04,86.99,At Risk,EW-Prototype-v1,True,94.93,SCORE_BELOW_60
156,3,74.62,76.25,-1.63,80.19,Watch,EW-Prototype-v1,True,94.93,NEGATIVE_MOMENTUM
157,3,79.12,78.17,0.95,82.63,On Track,EW-Prototype-v1,True,94.93,STABLE_OR_IMPROVING
158,3,94.88,94.72,0.16,93.55,On Track,EW-Prototype-v1,True,94.93,STABLE_OR_IMPROVING
159,3,64.08,63.86,0.22,80.89,Slow Learner,EW-Prototype-v1,True,94.93,PERSISTENT_60_69;LIMITED_IMPROVEMENT;ADEQUATE_ATTENDANCE
160,3,53.16,52.59,0.57,87.9,At Risk,EW-Prototype-v1,True,94.93,SCORE_BELOW_60
161,3,74.75,78.01,-3.26,83.43,Watch,EW-Prototype-v1,True,94.93,NEGATIVE_MOMENTUM
162,3,82.21,79.23,2.98,84.06,On Track,EW-Prototype-v1,True,94.93,STABLE_OR_IMPROVING
163,3,94.88,93.74,1.15,95.23,On Track,EW-Prototype-v1,True,94.93,STABLE_OR_IMPROVING
164,3,64.34,63.84,0.5,87.64,Slow Learner,EW-Prototype-v1,True,94.93,PERSISTENT_60_69;LIMITED_IMPROVEMENT;ADEQUATE_ATTENDANCE
165,3,52.1,51.6,0.5,86.88,At Risk,EW-Prototype-v1,True,94.93,SCORE_BELOW_60
166,3,72.4,76.41,-4.02,85.3,Watch,EW-Prototype-v1,True,94.93,NEGATIVE_MOMENTUM
167,3,79.18,78.59,0.59,83.53,On Track,EW-Prototype-v1,True,94.93,STABLE_OR_IMPROVING
168,3,93.63,95.27,-1.65,93.88,Watch,EW-Prototype-v1,True,94.93,NEGATIVE_MOMENTUM
169,3,64.13,63.85,0.29,83.52,Slow Learner,EW-Prototype-v1,True,94.93,PERSISTENT_60_69;LIMITED_IMPROVEMENT;ADEQUATE_ATTENDANCE
170,3,52.22,52.77,-0.54,80.28,At Risk,EW-Prototype-v1,True,94.93,SCORE_BELOW_60
171,3,71.53,76.86,-5.32,88.12,Watch,EW-Prototype-v1,True,94.93,NEGATIVE_MOMENTUM
172,3,80.09,80.06,0.03,82.82,On Track,EW-Prototype-v1,True,94.93,STABLE_OR_IMPROVING
173,3,95.22,94.88,0.34,96.6,Top Performer,EW-Prototype-v1,True,94.93,TOP_DECILE_SCORE;EXEMPLARY_ATTENDANCE
174,3,64.03,63.78,0.26,84.67,Slow Learner,EW-Prototype-v1,True,94.93,PERSISTENT_60_69;LIMITED_IMPROVEMENT;ADEQUATE_ATTENDANCE
175,3,51.12,51.54,-0.41,82.99,At Risk,EW-Prototype-v1,True,94.93,SCORE_BELOW_60
176,3,75.3,77.31,-2.01,87.73,Watch,EW-Prototype-v1,True,94.93,NEGATIVE_MOMENTUM
177,3,80.22,79.32,0.9,83.47,On Track,EW-Prototype-v1,True,94.93,STABLE_OR_IMPROVING
178,3,94.25,95.18,-0.93,94.11,Watch,EW-Prototype-v1,True,94.93,NEGATIVE_MOMENTUM
179,3,64.18,63.75,0.42,88.4,Slow Learner,EW-Prototype-v1,True,94.93,PERSISTENT_60_69;LIMITED_IMPROVEMENT;ADEQUATE_ATTENDANCE
180,3,51.73,53.13,-1.4,86.18,At Risk,EW-Prototype-v1,True,94.93,SCORE_BELOW_60
181,3,74.34,79.7,-5.36,84.81,Watch,EW-Prototype-v1,True,94.93,NEGATIVE_MOMENTUM
182,3,79.07,79.41,-0.34,80.74,Watch,EW-Prototype-v1,True,94.93,NEGATIVE_MOMENTUM
183,3,94.62,94.87,-0.24,95.85,Watch,EW-Prototype-v1,True,94.93,NEGATIVE_MOMENTUM
184,3,64.24,63.91,0.33,84.25,Slow Learner,EW-Prototype-v1,True,94.93,PERSISTENT_60_69;LIMITED_IMPROVEMENT;ADEQUATE_ATTENDANCE
185,3,52.24,51.91,0.33,82.81,At Risk,EW-Prototype-v1,True,94.93,SCORE_BELOW_60
186,3,72.87,78.68,-5.82,86.9,Watch,EW-Prototype-v1,True,94.93,NEGATIVE_MOMENTUM
187,3,80.72,78.76,1.96,86.95,On Track,EW-Prototype-v1,True,94.93,STABLE_OR_IMPROVING
188,3,94.22,94.23,-0.01,95.35,Watch,EW-Prototype-v1,True,94.93,NEGATIVE_MOMENTUM
189,3,64.22,63.78,0.44,88.27,Slow Learner,EW-Prototype-v1,True,94.93,PERSISTENT_60_69;LIMITED_IMPROVEMENT;ADEQUATE_ATTENDANCE
190,3,51.48,51.68,-0.2,84.84,At Risk,EW-Prototype-v1,True,94.93,SCORE_BELOW_60
191,3,72.61,76.69,-4.08,83.23,Watch,EW-Prototype-v1,True,94.93,NEGATIVE_MOMENTUM
192,3,78.76,78.84,-0.08,84.89,Watch,EW-Prototype-v1,True,94.93,NEGATIVE_MOMENTUM
193,3,96.44,94.57,1.87,94.83,Top Performer,EW-Prototype-v1,True,94.93,TOP_DECILE_SCORE;EXEMPLARY_ATTENDANCE
194,3,64.23,63.73,0.5,86.65,Slow Learner,EW-Prototype-v1,True,94.93,PERSISTENT_60_69;LIMITED_IMPROVEMENT;ADEQUATE_ATTENDANCE
195,3,52.1,52.45,-0.35,82.3,At Risk,EW-Prototype-v1,True,94.93,SCORE_BELOW_60
196,3,72.26,75.83,-3.57,83.82,Watch,EW-Prototype-v1,True,94.93,NEGATIVE_MOMENTUM
197,3,79.7,78.09,1.61,80.9,On Track,EW-Prototype-v1,True,94.93,STABLE_OR_IMPROVING
198,3,94.77,95.52,-0.75,94.31,Watch,EW-Prototype-v1,True,94.93,NEGATIVE_MOMENTUM
199,3,64.21,63.81,0.41,81.78,Slow Learner,EW-Prototype-v1,True,94.93,PERSISTENT_60_69;LIMITED_IMPROVEMENT;ADEQUATE_ATTENDANCE
200,3,50.72,51.78,-1.06,79.67,At Risk,EW-Prototype-v1,True,94.93,SCORE_BELOW_60
201,3,73.64,75.87,-2.23,84.9,Watch,EW-Prototype-v1,True,94.93,NEGATIVE_MOMENTUM
202,3,78.81,79.36,-0.54,86.79,Watch,EW-Prototype-v1,True,94.93,NEGATIVE_MOMENTUM
203,3,94.24,94.47,-0.23,96.29,Watch,EW-Prototype-v1,True,94.93,NEGATIVE_MOMENTUM
204,3,64.31,63.83,0.47,82.05,Slow Learner,EW-Prototype-v1,True,94.93,PERSISTENT_60_69;LIMITED_IMPROVEMENT;ADEQUATE_ATTENDANCE
205,3,50.9,53.62,-2.72,87.64,At Risk,EW-Prototype-v1,True,94.93,SCORE_BELOW_60
206,3,74.3,79.29,-4.99,86.31,Watch,EW-Prototype-v1,True,94.93,NEGATIVE_MOMENTUM
207,3,81.3,77.44,3.86,87.5,On Track,EW-Prototype-v1,True,94.93,STABLE_OR_IMPROVING
208,3,94.97,94.95,0.02,94.48,Top Performer,EW-Prototype-v1,True,94.93,TOP_DECILE_SCORE;EXEMPLARY_ATTENDANCE
209,3,64.32,63.76,0.56,85.12,Slow Learner,EW-Prototype-v1,True,94.93,PERSISTENT_60_69;LIMITED_IMPROVEMENT;ADEQUATE_ATTENDANCE
210,3,52.49,49.78,2.71,83.22,At Risk,EW-Prototype-v1,True,94.93,SCORE_BELOW_60
211,3,73.72,77.09,-3.37,83.34,Watch,EW-Prototype-v1,True,94.93,NEGATIVE_MOMENTUM
212,3,80.98,78.47,2.51,80.98,On Track,EW-Prototype-v1,True,94.93,STABLE_OR_IMPROVING
213,3,95.92,92.81,3.1,94.91,Top Performer,EW-Prototype-v1,True,94.93,TOP_DECILE_SCORE;EXEMPLARY_ATTENDANCE
214,3,64.07,63.74,0.32,86.55,Slow Learner,EW-Prototype-v1,True,94.93,PERSISTENT_60_69;LIMITED_IMPROVEMENT;ADEQUATE_ATTENDANCE
215,3,52.36,52.06,0.29,88.28,At Risk,EW-Prototype-v1,True,94.93,SCORE_BELOW_60
216,3,75.6,78.47,-2.87,85.89,Watch,EW-Prototype-v1,True,94.93,NEGATIVE_MOMENTUM
217,3,79.21,78.64,0.57,81.72,On Track,EW-Prototype-v1,True,94.93,STABLE_OR_IMPROVING
218,3,92.55,94.68,-2.13,93.97,Watch,EW-Prototype-v1,True,94.93,NEGATIVE_MOMENTUM
219,3,64.24,63.81,0.44,85.76,Slow Learner,EW-Prototype-v1,True,94.93,PERSISTENT_60_69;LIMITED_IMPROVEMENT;ADEQUATE_ATTENDANCE
220,3,49.84,51.15,-1.31,87.0,At Risk,EW-Prototype-v1,True,94.93,SCORE_BELOW_60
221,3,73.84,76.18,-2.35,83.95,Watch,EW-Prototype-v1,True,94.93,NEGATIVE_MOMENTUM
222,3,79.29,78.93,0.36,86.6,On Track,EW-Prototype-v1,True,94.93,STABLE_OR_IMPROVING
223,3,93.74,96.19,-2.45,95.19,Watch,EW-Prototype-v1,True,94.93,NEGATIVE_MOMENTUM
224,3,64.28,63.8,0.48,88.14,Slow Learner,EW-Prototype-v1,True,94.93,PERSISTENT_60_69;LIMITED_IMPROVEMENT;ADEQUATE_ATTENDANCE
225,3,51.48,51.86,-0.38,84.02,At Risk,EW-Prototype-v1,True,94.93,SCORE_BELOW_60
226,3,74.12,75.42,-1.3,89.6,Watch,EW-Prototype-v1,True,94.93,NEGATIVE_MOMENTUM
227,3,80.24,79.62,0.62,83.43,On Track,EW-Prototype-v1,True,94.93,STABLE_OR_IMPROVING
228,3,94.58,94.52,0.05,95.12,On Track,EW-Prototype-v1,True,94.93,STABLE_OR_IMPROVING
229,3,64.34,63.76,0.57,88.14,Slow Learner,EW-Prototype-v1,True,94.93,PERSISTENT_60_69;LIMITED_IMPROVEMENT;ADEQUATE_ATTENDANCE
230,3,51.58,50.39,1.19,88.22,At Risk,EW-Prototype-v1,True,94.93,SCORE_BELOW_60
231,3,75.34,78.52,-3.18,88.8,Watch,EW-Prototype-v1,True,94.93,NEGATIVE_MOMENTUM
232,3,80.94,79.13,1.8,89.11,On Track,EW-Prototype-v1,True,94.93,STABLE_OR_IMPROVING
233,3,93.22,97.1,-3.88,94.27,Watch,EW-Prototype-v1,True,94.93,NEGATIVE_MOMENTUM
234,3,64.05,63.76,0.29,89.0,Slow Learner,EW-Prototype-v1,True,94.93,PERSISTENT_60_69;LIMITED_IMPROVEMENT;ADEQUATE_ATTENDANCE
235,3,52.66,51.39,1.27,89.89,At Risk,EW-Prototype-v1,True,94.93,SCORE_BELOW_60
236,3,72.75,75.92,-3.17,85.43,Watch,EW-Prototype-v1,True,94.93,NEGATIVE_MOMENTUM
237,3,80.56,79.66,0.9,90.79,On Track,EW-Prototype-v1,True,94.93,STABLE_OR_IMPROVING
238,3,95.01,96.42,-1.41,91.6,Top Performer,EW-Prototype-v1,True,94.93,TOP_DECILE_SCORE;EXEMPLARY_ATTENDANCE
239,3,64.17,63.96,0.21,85.0,Slow Learner,EW-Prototype-v1,True,94.93,PERSISTENT_60_69;LIMITED_IMPROVEMENT;ADEQUATE_ATTENDANCE
240,3,52.81,53.21,-0.4,89.03,At Risk,EW-Prototype-v1,True,94.93,SCORE_BELOW_60
241,3,73.95,76.03,-2.07,84.72,Watch,EW-Prototype-v1,True,94.93,NEGATIVE_MOMENTUM
242,3,78.55,80.61,-2.07,84.04,Watch,EW-Prototype-v1,True,94.93,NEGATIVE_MOMENTUM
243,3,94.84,94.38,0.46,93.74,On Track,EW-Prototype-v1,True,94.93,STABLE_OR_IMPROVING
244,3,64.21,63.66,0.55,87.49,Slow Learner,EW-Prototype-v1,True,94.93,PERSISTENT_60_69;LIMITED_IMPROVEMENT;ADEQUATE_ATTENDANCE
245,3,51.18,51.55,-0.37,84.87,At Risk,EW-Prototype-v1,True,94.93,SCORE_BELOW_60
246,3,73.34,77.92,-4.58,89.18,Watch,EW-Prototype-v1,True,94.93,NEGATIVE_MOMENTUM
247,3,78.75,77.4,1.35,86.84,On Track,EW-Prototype-v1,True,94.93,STABLE_OR_IMPROVING
248,3,95.31,94.93,0.38,95.06,Top Performer,EW-Prototype-v1,True,94.93,TOP_DECILE_SCORE;EXEMPLARY_ATTENDANCE
249,3,64.04,63.89,0.16,89.98,Slow Learner,EW-Prototype-v1,True,94.93,PERSISTENT_60_69;LIMITED_IMPROVEMENT;ADEQUATE_ATTENDANCE
250,3,53.02,51.83,1.19,84.54,At Risk,EW-Prototype-v1,True,94.93,SCORE_BELOW_60
251,3,74.89,77.9,-3.02,85.61,Watch,EW-Prototype-v1,True,94.93,NEGATIVE_MOMENTUM
252,3,78.96,77.62,1.34,90.28,On Track,EW-Prototype-v1,True,94.93,STABLE_OR_IMPROVING
253,3,94.53,96.76,-2.23,96.58,Watch,EW-Prototype-v1,True,94.93,NEGATIVE_MOMENTUM
254,3,64.15,63.77,0.38,80.35,Slow Learner,EW-Prototype-v1,True,94.93,PERSISTENT_60_69;LIMITED_IMPROVEMENT;ADEQUATE_ATTENDANCE
255,3,51.91,51.46,0.45,85.93,At Risk,EW-Prototype-v1,True,94.93,SCORE_BELOW_60
256,3,75.24,77.09,-1.86,85.17,Watch,EW-Prototype-v1,True,94.93,NEGATIVE_MOMENTUM
257,3,81.28,77.96,3.32,85.35,On Track,EW-Prototype-v1,True,94.93,STABLE_OR_IMPROVING
258,3,95.15,94.87,0.28,94.52,Top Performer,EW-Prototype-v1,True,94.93,TOP_DECILE_SCORE;EXEMPLARY_ATTENDANCE
259,3,64.28,63.85,0.43,86.33,Slow Learner,EW-Prototype-v1,True,94.93,PERSISTENT_60_69;LIMITED_IMPROVEMENT;ADEQUATE_ATTENDANCE
260,3,50.12,52.7,-2.58,84.97,At Risk,EW-Prototype-v1,True,94.93,SCORE_BELOW_60
261,3,71.75,77.38,-5.63,80.94,Watch,EW-Prototype-v1,True,94.93,NEGATIVE_MOMENTUM
262,3,79.15,79.06,0.09,89.65,On Track,EW-Prototype-v1,True,94.93,STABLE_OR_IMPROVING
263,3,93.65,95.53,-1.88,91.17,Watch,EW-Prototype-v1,True,94.93,NEGATIVE_MOMENTUM
264,3,64.11,63.73,0.38,80.58,Slow Learner,EW-Prototype-v1,True,94.93,PERSISTENT_60_69;LIMITED_IMPROVEMENT;ADEQUATE_ATTENDANCE
265,3,52.52,52.93,-0.42,80.9,At Risk,EW-Prototype-v1,True,94.93,SCORE_BELOW_60
266,3,73.62,77.24,-3.63,83.99,Watch,EW-Prototype-v1,True,94.93,NEGATIVE_MOMENTUM
267,3,80.16,80.5,-0.34,86.13,Watch,EW-Prototype-v1,True,94.93,NEGATIVE_MOMENTUM
268,3,95.22,93.47,1.75,93.18,Top Performer,EW-Prototype-v1,True,94.93,TOP_DECILE_SCORE;EXEMPLARY_ATTENDANCE
269,3,64.16,63.85,0.31,87.45,Slow Learner,EW-Prototype-v1,True,94.93,PERSISTENT_60_69;LIMITED_IMPROVEMENT;ADEQUATE_ATTENDANCE
270,3,52.31,51.81,0.5,88.84,At Risk,EW-Prototype-v1,True,94.93,SCORE_BELOW_60
271,3,73.56,77.67,-4.11,81.63,Watch,EW-Prototype-v1,True,94.93,NEGATIVE_MOMENTUM
272,3,79.98,80.34,-0.36,88.12,Watch,EW-Prototype-v1,True,94.93,NEGATIVE_MOMENTUM
273,3,95.77,94.69,1.08,96.53,Top Performer,EW-Prototype-v1,True,94.93,TOP_DECILE_SCORE;EXEMPLARY_ATTENDANCE
274,3,64.31,63.87,0.44,82.7,Slow Learner,EW-Prototype-v1,True,94.93,PERSISTENT_60_69;LIMITED_IMPROVEMENT;ADEQUATE_ATTENDANCE
275,3,52.3,52.77,-0.47,89.68,At Risk,EW-Prototype-v1,True,94.93,SCORE_BELOW_60
276,3,74.57,77.67,-3.1,89.93,Watch,EW-Prototype-v1,True,94.93,NEGATIVE_MOMENTUM
277,3,79.91,79.91,-0.0,83.83,Watch,EW-Prototype-v1,True,94.93,NEGATIVE_MOMENTUM
278,3,94.78,96.8,-2.02,93.24,Watch,EW-Prototype-v1,True,94.93,NEGATIVE_MOMENTUM
279,3,64.23,63.8,0.43,86.49,Slow Learner,EW-Prototype-v1,True,94.93,PERSISTENT_60_69;LIMITED_IMPROVEMENT;ADEQUATE_ATTENDANCE
280,3,51.45,51.17,0.28,86.85,At Risk,EW-Prototype-v1,True,94.93,SCORE_BELOW_60
281,3,73.61,77.46,-3.85,83.68,Watch,EW-Prototype-v1,True,94.93,NEGATIVE_MOMENTUM
282,3,80.06,80.7,-0.64,85.69,Watch,EW-Prototype-v1,True,94.93,NEGATIVE_MOMENTUM
283,3,96.94,94.85,2.09,95.59,Top Performer,EW-Prototype-v1,True,94.93,TOP_DECILE_SCORE;EXEMPLARY_ATTENDANCE
284,3,64.28,63.76,0.52,85.18,Slow Learner,EW-Prototype-v1,True,94.93,PERSISTENT_60_69;LIMITED_IMPROVEMENT;ADEQUATE_ATTENDANCE
285,3,53.21,53.31,-0.11,84.13,At Risk,EW-Prototype-v1,True,94.93,SCORE_BELOW_60
286,3,74.28,75.59,-1.31,82.71,Watch,EW-Prototype-v1,True,94.93,NEGATIVE_MOMENTUM
287,3,79.6,78.66,0.94,87.08,On Track,EW-Prototype-v1,True,94.93,STABLE_OR_IMPROVING
288,3,94.58,94.48,0.1,93.92,On Track,EW-Prototype-v1,True,94.93,STABLE_OR_IMPROVING
289,3,63.95,63.97,-0.02,88.63,Watch,EW-Prototype-v1,True,94.93,NEGATIVE_MOMENTUM
290,3,50.39,51.18,-0.79,83.52,At Risk,EW-Prototype-v1,True,94.93,SCORE_BELOW_60
291,3,75.34,74.51,0.83,83.81,On Track,EW-Prototype-v1,True,94.93,STABLE_OR_IMPROVING
292,3,78.68,79.21,-0.53,87.39,Watch,EW-Prototype-v1,True,94.93,NEGATIVE_MOMENTUM
293,3,95.41,94.39,1.01,93.49,Top Performer,EW-Prototype-v1,True,94.93,TOP_DECILE_SCORE;EXEMPLARY_ATTENDANCE
294,3,64.0,63.81,0.19,84.21,Slow Learner,EW-Prototype-v1,True,94.93,PERSISTENT_60_69;LIMITED_IMPROVEMENT;ADEQUATE_ATTENDANCE
295,3,50.17,53.17,-2.99,87.83,At Risk,EW-Prototype-v1,True,94.93,SCORE_BELOW_60
296,3,72.45,76.52,-4.07,84.68,Watch,EW-Prototype-v1,True,94.93,NEGATIVE_MOMENTUM
297,3,80.67,79.13,1.53,89.87,On Track,EW-Prototype-v1,True,94.93,STABLE_OR_IMPROVING
298,3,94.81,94.47,0.34,95.46,On Track,EW-Prototype-v1,True,94.93,STABLE_OR_IMPROVING
299,3,64.32,63.81,0.51,84.79,Slow Learner,EW-Prototype-v1,True,94.93,PERSISTENT_60_69;LIMITED_IMPROVEMENT;ADEQUATE_ATTENDANCE
300,3,53.17,52.64,0.52,84.58,At Risk,EW-Prototype-v1,True,94.93,SCORE_BELOW_60
301,3,75.52,75.34,0.18,84.58,On Track,EW-Prototype-v1,True,94.93,STABLE_OR_IMPROVING
302,3,79.59,78.28,1.31,83.42,On Track,EW-Prototype-v1,True,94.93,STABLE_OR_IMPROVING
303,3,95.65,93.06,2.6,93.5,Top Performer,EW-Prototype-v1,True,94.93,TOP_DECILE_SCORE;EXEMPLARY_ATTENDANCE
304,3,64.34,63.74,0.6,82.38,Slow Learner,EW-Prototype-v1,True,94.93,PERSISTENT_60_69;LIMITED_IMPROVEMENT;ADEQUATE_ATTENDANCE
305,3,52.35,51.58,0.77,88.62,At Risk,EW-Prototype-v1,True,94.93,SCORE_BELOW_60
306,3,73.53,77.75,-4.22,84.91,Watch,EW-Prototype-v1,True,94.93,NEGATIVE_MOMENTUM
307,3,79.39,78.83,0.56,81.92,On Track,EW-Prototype-v1,True,94.93,STABLE_OR_IMPROVING
308,3,95.58,96.67,-1.09,95.17,Top Performer,EW-Prototype-v1,True,94.93,TOP_DECILE_SCORE;EXEMPLARY_ATTENDANCE
309,3,64.31,63.76,0.55,84.9,Slow Learner,EW-Prototype-v1,True,94.93,PERSISTENT_60_69;LIMITED_IMPROVEMENT;ADEQUATE_ATTENDANCE
310,3,52.3,52.19,0.11,81.79,At Risk,EW-Prototype-v1,True,94.93,SCORE_BELOW_60
311,3,74.48,75.42,-0.94,87.26,Watch,EW-Prototype-v1,True,94.93,NEGATIVE_MOMENTUM
312,3,80.87,77.89,2.98,83.12,On Track,EW-Prototype-v1,True,94.93,STABLE_OR_IMPROVING
313,3,93.98,93.48,0.49,94.65,On Track,EW-Prototype-v1,True,94.93,STABLE_OR_IMPROVING
314,3,64.23,63.66,0.57,87.63,Slow Learner,EW-Prototype-v1,True,94.93,PERSISTENT_60_69;LIMITED_IMPROVEMENT;ADEQUATE_ATTENDANCE
315,3,52.49,53.04,-0.55,87.98,At Risk,EW-Prototype-v1,True,94.93,SCORE_BELOW_60
316,3,74.45,77.66,-3.22,91.5,Watch,EW-Prototype-v1,True,94.93,NEGATIVE_MOMENTUM
317,3,80.66,78.69,1.97,83.4,On Track,EW-Prototype-v1,True,94.93,STABLE_OR_IMPROVING
318,3,96.35,95.99,0.36,94.08,Top Performer,EW-Prototype-v1,True,94.93,TOP_DECILE_SCORE;EXEMPLARY_ATTENDANCE
319,3,64.03,63.81,0.22,85.52,Slow Learner,EW-Prototype-v1,True,94.93,PERSISTENT_60_69;LIMITED_IMPROVEMENT;ADEQUATE_ATTENDANCE
320,3,51.78,51.57,0.21,86.32,At Risk,EW-Prototype-v1,True,94.93,SCORE_BELOW_60
321,3,72.53,74.87,-2.34,81.76,Watch,EW-Prototype-v1,True,94.93,NEGATIVE_MOMENTUM
322,3,79.31,80.59,-1.29,88.66,Watch,EW-Prototype-v1,True,94.93,NEGATIVE_MOMENTUM
323,3,95.17,95.5,-0.33,95.4,Top Performer,EW-Prototype-v1,True,94.93,TOP_DECILE_SCORE;EXEMPLARY_ATTENDANCE
324,3,64.26,63.89,0.37,86.42,Slow Learner,EW-Prototype-v1,True,94.93,PERSISTENT_60_69;LIMITED_IMPROVEMENT;ADEQUATE_ATTENDANCE
325,3,51.66,52.59,-0.93,90.26,At Risk,EW-Prototype-v1,True,94.93,SCORE_BELOW_60
326,3,73.46,77.22,-3.76,90.5,Watch,EW-Prototype-v1,True,94.93,NEGATIVE_MOMENTUM
327,3,79.66,77.88,1.78,85.52,On Track,EW-Prototype-v1,True,94.93,STABLE_OR_IMPROVING
328,3,93.63,94.05,-0.42,93.13,Watch,EW-Prototype-v1,True,94.93,NEGATIVE_MOMENTUM
329,3,64.07,63.74,0.33,82.27,Slow Learner,EW-Prototype-v1,True,94.93,PERSISTENT_60_69;LIMITED_IMPROVEMENT;ADEQUATE_ATTENDANCE
330,3,51.52,51.66,-0.14,85.45,At Risk,EW-Prototype-v1,True,94.93,SCORE_BELOW_60
331,3,72.9,77.46,-4.56,82.04,Watch,EW-Prototype-v1,True,94.93,NEGATIVE_MOMENTUM
332,3,78.23,78.34,-0.11,88.6,Watch,EW-Prototype-v1,True,94.93,NEGATIVE_MOMENTUM
333,3,96.0,94.62,1.38,93.52,Top Performer,EW-Prototype-v1,True,94.93,TOP_DECILE_SCORE;EXEMPLARY_ATTENDANCE
334,3,64.22,63.79,0.43,86.3,Slow Learner,EW-Prototype-v1,True,94.93,PERSISTENT_60_69;LIMITED_IMPROVEMENT;ADEQUATE_ATTENDANCE
335,3,53.09,51.77,1.33,85.83,At Risk,EW-Prototype-v1,True,94.93,SCORE_BELOW_60
336,3,76.48,77.96,-1.48,82.83,Watch,EW-Prototype-v1,True,94.93,NEGATIVE_MOMENTUM
337,3,82.15,76.23,5.91,81.92,On Track,EW-Prototype-v1,True,94.93,STABLE_OR_IMPROVING
338,3,95.46,95.52,-0.06,95.43,Top Performer,EW-Prototype-v1,True,94.93,TOP_DECILE_SCORE;EXEMPLARY_ATTENDANCE
339,3,64.09,63.74,0.35,89.11,Slow Learner,EW-Prototype-v1,True,94.93,PERSISTENT_60_69;LIMITED_IMPROVEMENT;ADEQUATE_ATTENDANCE
340,3,50.11,51.84,-1.73,81.1,At Risk,EW-Prototype-v1,True,94.93,SCORE_BELOW_60
341,3,72.64,74.93,-2.29,87.34,Watch,EW-Prototype-v1,True,94.93,NEGATIVE_MOMENTUM
342,3,81.88,80.78,1.11,82.43,On Track,EW-Prototype-v1,True,94.93,STABLE_OR_IMPROVING
343,3,95.9,94.9,0.99,91.37,Top Performer,EW-Prototype-v1,True,94.93,TOP_DECILE_SCORE;EXEMPLARY_ATTENDANCE
344,3,64.28,63.76,0.52,87.84,Slow Learner,EW-Prototype-v1,True,94.93,PERSISTENT_60_69;LIMITED_IMPROVEMENT;ADEQUATE_ATTENDANCE
345,3,50.78,52.35,-1.57,84.26,At Risk,EW-Prototype-v1,True,94.93,SCORE_BELOW_60
346,3,73.54,76.19,-2.65,90.29,Watch,EW-Prototype-v1,True,94.93,NEGATIVE_MOMENTUM
347,3,78.65,78.64,0.01,88.31,On Track,EW-Prototype-v1,True,94.93,STABLE_OR_IMPROVING
348,3,94.31,94.66,-0.35,94.76,Watch,EW-Prototype-v1,True,94.93,NEGATIVE_MOMENTUM
349,3,64.14,63.98,0.16,85.89,Slow Learner,EW-Prototype-v1,True,94.93,PERSISTENT_60_69;LIMITED_IMPROVEMENT;ADEQUATE_ATTENDANCE
350,3,52.41,53.24,-0.83,84.39,At Risk,EW-Prototype-v1,True,94.93,SCORE_BELOW_60
351,3,74.39,76.42,-2.04,88.34,Watch,EW-Prototype-v1,True,94.93,NEGATIVE_MOMENTUM
352,3,80.82,79.16,1.67,84.83,On Track,EW-Prototype-v1,True,94.93,STABLE_OR_IMPROVING
353,3,95.12,94.74,0.38,95.81,Top Performer,EW-Prototype-v1,True,94.93,TOP_DECILE_SCORE;EXEMPLARY_ATTENDANCE
354,3,64.07,63.91,0.16,82.1,Slow Learner,EW-Prototype-v1,True,94.93,PERSISTENT_60_69;LIMITED_IMPROVEMENT;ADEQUATE_ATTENDANCE
355,3,53.09,53.93,-0.84,86.12,At Risk,EW-Prototype-v1,True,94.93,SCORE_BELOW_60
356,3,73.74,75.24,-1.5,84.17,Watch,EW-Prototype-v1,True,94.93,NEGATIVE_MOMENTUM
357,3,80.02,78.19,1.83,89.8,On Track,EW-Prototype-v1,True,94.93,STABLE_OR_IMPROVING
358,3,94.37,94.75,-0.38,94.53,Watch,EW-Prototype-v1,True,94.93,NEGATIVE_MOMENTUM
359,3,64.01,63.73,0.28,89.35,Slow Learner,EW-Prototype-v1,True,94.93,PERSISTENT_60_69;LIMITED_IMPROVEMENT;ADEQUATE_ATTENDANCE
360,3,54.1,51.77,2.33,83.17,At Risk,EW-Prototype-v1,True,94.93,SCORE_BELOW_60
361,3,74.45,75.95,-1.49,89.87,Watch,EW-Prototype-v1,True,94.93,NEGATIVE_MOMENTUM
362,3,80.98,78.63,2.35,84.78,On Track,EW-Prototype-v1,True,94.93,STABLE_OR_IMPROVING
363,3,94.37,95.29,-0.92,95.25,Watch,EW-Prototype-v1,True,94.93,NEGATIVE_MOMENTUM
364,3,64.35,63.67,0.68,83.08,Slow Learner,EW-Prototype-v1,True,94.93,PERSISTENT_60_69;LIMITED_IMPROVEMENT;ADEQUATE_ATTENDANCE
365,3,51.33,51.58,-0.24,82.91,At Risk,EW-Prototype-v1,True,94.93,SCORE_BELOW_60
366,3,75.0,76.84,-1.84,88.36,Watch,EW-Prototype-v1,True,94.93,NEGATIVE_MOMENTUM
367,3,80.58,78.65,1.93,85.41,On Track,EW-Prototype-v1,True,94.93,STABLE_OR_IMPROVING
368,3,93.65,92.84,0.8,94.79,On Track,EW-Prototype-v1,True,94.93,STABLE_OR_IMPROVING
369,3,64.36,63.66,0.7,86.17,Slow Learner,EW-Prototype-v1,True,94.93,PERSISTENT_60_69;LIMITED_IMPROVEMENT;ADEQUATE_ATTENDANCE
370,3,52.13,50.96,1.17,84.23,At Risk,EW-Prototype-v1,True,94.93,SCORE_BELOW_60
371,3,75.8,75.22,0.58,82.82,On Track,EW-Prototype-v1,True,94.93,STABLE_OR_IMPROVING
372,3,78.41,78.68,-0.26,83.94,Watch,EW-Prototype-v1,True,94.93,NEGATIVE_MOMENTUM
373,3,94.86,97.22,-2.36,93.24,Watch,EW-Prototype-v1,True,94.93,NEGATIVE_MOMENTUM
374,3,64.35,63.93,0.42,84.97,Slow Learner,EW-Prototype-v1,True,94.93,PERSISTENT_60_69;LIMITED_IMPROVEMENT;ADEQUATE_ATTENDANCE
375,3,51.51,51.86,-0.34,86.79,At Risk,EW-Prototype-v1,True,94.93,SCORE_BELOW_60
376,3,75.09,78.22,-3.13,82.72,Watch,EW-Prototype-v1,True,94.93,NEGATIVE_MOMENTUM
377,3,79.25,79.41,-0.16,85.37,Watch,EW-Prototype-v1,True,94.93,NEGATIVE_MOMENTUM
378,3,95.64,94.71,0.93,95.92,Top Performer,EW-Prototype-v1,True,94.93,TOP_DECILE_SCORE;EXEMPLARY_ATTENDANCE
379,3,64.12,63.77,0.35,87.87,Slow Learner,EW-Prototype-v1,True,94.93,PERSISTENT_60_69;LIMITED_IMPROVEMENT;ADEQUATE_ATTENDANCE
380,3,52.08,52.69,-0.61,83.96,At Risk,EW-Prototype-v1,True,94.93,SCORE_BELOW_60
381,3,73.43,77.16,-3.73,90.39,Watch,EW-Prototype-v1,True,94.93,NEGATIVE_MOMENTUM
382,3,80.81,78.22,2.59,87.68,On Track,EW-Prototype-v1,True,94.93,STABLE_OR_IMPROVING
383,3,93.63,94.75,-1.11,92.24,Watch,EW-Prototype-v1,True,94.93,NEGATIVE_MOMENTUM
384,3,64.19,63.96,0.23,90.3,Slow Learner,EW-Prototype-v1,True,94.93,PERSISTENT_60_69;LIMITED_IMPROVEMENT;ADEQUATE_ATTENDANCE
385,3,51.64,53.91,-2.27,87.78,At Risk,EW-Prototype-v1,True,94.93,SCORE_BELOW_60
386,3,75.52,78.07,-2.55,87.9,Watch,EW-Prototype-v1,True,94.93,NEGATIVE_MOMENTUM
387,3,77.95,77.6,0.35,86.45,On Track,EW-Prototype-v1,True,94.93,STABLE_OR_IMPROVING
388,3,95.07,94.51,0.56,96.49,Top Performer,EW-Prototype-v1,True,94.93,TOP_DECILE_SCORE;EXEMPLARY_ATTENDANCE
389,3,64.17,63.62,0.56,81.73,Slow Learner,EW-Prototype-v1,True,94.93,PERSISTENT_60_69;LIMITED_IMPROVEMENT;ADEQUATE_ATTENDANCE
390,3,52.33,52.57,-0.24,82.39,At Risk,EW-Prototype-v1,True,94.93,SCORE_BELOW_60
391,3,72.73,76.21,-3.48,82.35,Watch,EW-Prototype-v1,True,94.93,NEGATIVE_MOMENTUM
392,3,81.57,78.53,3.05,87.27,On Track,EW-Prototype-v1,True,94.93,STABLE_OR_IMPROVING
393,3,95.76,94.5,1.26,94.84,Top Performer,EW-Prototype-v1,True,94.93,TOP_DECILE_SCORE;EXEMPLARY_ATTENDANCE
394,3,64.28,63.85,0.43,85.16,Slow Learner,EW-Prototype-v1,True,94.93,PERSISTENT_60_69;LIMITED_IMPROVEMENT;ADEQUATE_ATTENDANCE
395,3,51.13,52.34,-1.21,86.42,At Risk,EW-Prototype-v1,True,94.93,SCORE_BELOW_60
396,3,73.74,77.22,-3.48,82.54,Watch,EW-Prototype-v1,True,94.93,NEGATIVE_MOMENTUM
397,3,79.94,79.29,0.65,83.4,On Track,EW-Prototype-v1,True,94.93,STABLE_OR_IMPROVING
398,3,95.23,94.88,0.35,95.57,Top Performer,EW-Prototype-v1,True,94.93,TOP_DECILE_SCORE;EXEMPLARY_ATTENDANCE
399,3,64.2,63.92,0.28,81.42,Slow Learner,EW-Prototype-v1,True,94.93,PERSISTENT_60_69;LIMITED_IMPROVEMENT;ADEQUATE_ATTENDANCE
400,3,51.01,52.89,-1.88,92.01,At Risk,EW-Prototype-v1,True,94.93,SCORE_BELOW_60
401,3,72.1,75.99,-3.89,80.28,Watch,EW-Prototype-v1,True,94.93,NEGATIVE_MOMENTUM
402,3,78.31,77.3,1.01,86.45,On Track,EW-Prototype-v1,True,94.93,STABLE_OR_IMPROVING
403,3,94.67,94.64,0.03,95.09,On Track,EW-Prototype-v1,True,94.93,STABLE_OR_IMPROVING
404,3,64.31,63.77,0.54,83.17,Slow Learner,EW-Prototype-v1,True,94.93,PERSISTENT_60_69;LIMITED_IMPROVEMENT;ADEQUATE_ATTENDANCE
405,3,52.82,53.04,-0.22,82.1,At Risk,EW-Prototype-v1,True,94.93,SCORE_BELOW_60
406,3,73.9,76.43,-2.53,86.43,Watch,EW-Prototype-v1,True,94.93,NEGATIVE_MOMENTUM
407,3,79.27,79.1,0.17,85.3,On Track,EW-Prototype-v1,True,94.93,STABLE_OR_IMPROVING
408,3,94.96,96.8,-1.85,96.01,Top Performer,EW-Prototype-v1,True,94.93,TOP_DECILE_SCORE;EXEMPLARY_ATTENDANCE
409,3,64.19,63.65,0.54,82.85,On Track,EW-Prototype-v1,True,94.93,STABLE_OR_IMPROVING
410,3,52.26,52.84,-0.58,87.58,At Risk,EW-Prototype-v1,True,94.93,SCORE_BELOW_60
411,3,71.65,78.87,-7.22,87.35,Watch,EW-Prototype-v1,True,94.93,NEGATIVE_MOMENTUM
412,3,79.34,77.33,2.01,81.81,On Track,EW-Prototype-v1,True,94.93,STABLE_OR_IMPROVING
413,3,94.04,96.42,-2.37,94.21,Watch,EW-Prototype-v1,True,94.93,NEGATIVE_MOMENTUM
414,3,64.37,63.76,0.61,78.98,On Track,EW-Prototype-v1,True,94.93,STABLE_OR_IMPROVING
415,3,52.69,50.68,2.01,84.73,At Risk,EW-Prototype-v1,True,94.93,SCORE_BELOW_60
416,3,73.02,75.36,-2.34,83.76,Watch,EW-Prototype-v1,True,94.93,NEGATIVE_MOMENTUM
417,3,80.27,77.48,2.79,87.37,On Track,EW-Prototype-v1,True,94.93,STABLE_OR_IMPROVING
418,3,94.34,96.0,-1.66,93.87,Watch,EW-Prototype-v1,True,94.93,NEGATIVE_MOMENTUM
419,3,64.25,63.77,0.48,85.66,On Track,EW-Prototype-v1,True,94.93,STABLE_OR_IMPROVING
420,3,52.02,50.8,1.22,85.02,At Risk,EW-Prototype-v1,True,94.93,SCORE_BELOW_60
421,3,73.6,76.75,-3.15,88.75,Watch,EW-Prototype-v1,True,94.93,NEGATIVE_MOMENTUM
422,3,81.55,78.98,2.57,86.82,On Track,EW-Prototype-v1,True,94.93,STABLE_OR_IMPROVING
423,3,95.33,93.9,1.43,91.18,Top Performer,EW-Prototype-v1,True,94.93,TOP_DECILE_SCORE;EXEMPLARY_ATTENDANCE
424,3,64.3,63.69,0.61,85.58,On Track,EW-Prototype-v1,True,94.93,STABLE_OR_IMPROVING
425,3,52.34,50.84,1.5,82.31,At Risk,EW-Prototype-v1,True,94.93,SCORE_BELOW_60
426,3,75.41,75.78,-0.37,87.7,Watch,EW-Prototype-v1,True,94.93,NEGATIVE_MOMENTUM
427,3,79.62,80.52,-0.91,87.02,Watch,EW-Prototype-v1,True,94.93,NEGATIVE_MOMENTUM
428,3,93.54,95.43,-1.9,94.62,Watch,EW-Prototype-v1,True,94.93,NEGATIVE_MOMENTUM
429,3,64.02,63.85,0.17,85.77,On Track,EW-Prototype-v1,True,94.93,STABLE_OR_IMPROVING
430,3,50.22,52.11,-1.89,84.45,At Risk,EW-Prototype-v1,True,94.93,SCORE_BELOW_60
431,3,72.03,78.79,-6.76,87.94,Watch,EW-Prototype-v1,True,94.93,NEGATIVE_MOMENTUM
432,3,81.51,80.65,0.86,89.99,On Track,EW-Prototype-v1,True,94.93,STABLE_OR_IMPROVING
433,3,95.81,95.64,0.17,93.97,Top Performer,EW-Prototype-v1,True,94.93,TOP_DECILE_SCORE;EXEMPLARY_ATTENDANCE
434,3,64.03,63.68,0.35,87.55,On Track,EW-Prototype-v1,True,94.93,STABLE_OR_IMPROVING
435,3,52.66,53.11,-0.45,86.14,At Risk,EW-Prototype-v1,True,94.93,SCORE_BELOW_60
436,3,73.62,77.23,-3.61,85.32,Watch,EW-Prototype-v1,True,94.93,NEGATIVE_MOMENTUM
437,3,80.74,78.73,2.01,92.9,On Track,EW-Prototype-v1,True,94.93,STABLE_OR_IMPROVING
438,3,97.27,96.05,1.22,92.16,Top Performer,EW-Prototype-v1,True,94.93,TOP_DECILE_SCORE;EXEMPLARY_ATTENDANCE
439,3,64.34,63.76,0.58,83.18,On Track,EW-Prototype-v1,True,94.93,STABLE_OR_IMPROVING
440,3,50.68,51.28,-0.6,83.41,At Risk,EW-Prototype-v1,True,94.93,SCORE_BELOW_60
441,3,73.66,78.29,-4.63,92.85,Watch,EW-Prototype-v1,True,94.93,NEGATIVE_MOMENTUM
442,3,79.28,79.37,-0.09,81.67,Watch,EW-Prototype-v1,True,94.93,NEGATIVE_MOMENTUM
443,3,94.65,94.08,0.57,93.89,On Track,EW-Prototype-v1,True,94.93,STABLE_OR_IMPROVING
444,3,64.19,63.81,0.38,82.74,On Track,EW-Prototype-v1,True,94.93,STABLE_OR_IMPROVING
445,3,53.29,52.35,0.94,84.01,At Risk,EW-Prototype-v1,True,94.93,SCORE_BELOW_60
446,3,74.82,77.78,-2.96,88.82,Watch,EW-Prototype-v1,True,94.93,NEGATIVE_MOMENTUM
447,3,80.16,80.73,-0.57,88.38,Watch,EW-Prototype-v1,True,94.93,NEGATIVE_MOMENTUM
448,3,94.44,94.83,-0.39,94.89,Watch,EW-Prototype-v1,True,94.93,NEGATIVE_MOMENTUM
449,3,64.09,63.91,0.18,86.15,On Track,EW-Prototype-v1,True,94.93,STABLE_OR_IMPROVING
450,3,52.02,51.64,0.38,89.14,At Risk,EW-Prototype-v1,True,94.93,SCORE_BELOW_60
451,3,74.87,75.9,-1.04,84.44,Watch,EW-Prototype-v1,True,94.93,NEGATIVE_MOMENTUM
452,3,78.42,78.03,0.4,83.46,On Track,EW-Prototype-v1,True,94.93,STABLE_OR_IMPROVING
453,3,94.93,94.71,0.22,94.5,Top Performer,EW-Prototype-v1,True,94.93,TOP_DECILE_SCORE;EXEMPLARY_ATTENDANCE
454,3,64.19,63.92,0.27,86.56,On Track,EW-Prototype-v1,True,94.93,STABLE_OR_IMPROVING
455,3,52.62,49.63,2.99,90.19,At Risk,EW-Prototype-v1,True,94.93,SCORE_BELOW_60
456,3,73.03,77.19,-4.16,81.03,Watch,EW-Prototype-v1,True,94.93,NEGATIVE_MOMENTUM
457,3,79.19,78.99,0.21,83.5,On Track,EW-Prototype-v1,True,94.93,STABLE_OR_IMPROVING
458,3,93.61,94.84,-1.23,92.4,Watch,EW-Prototype-v1,True,94.93,NEGATIVE_MOMENTUM
459,3,64.06,63.73,0.33,82.28,On Track,EW-Prototype-v1,True,94.93,STABLE_OR_IMPROVING
460,3,50.68,52.45,-1.77,83.72,At Risk,EW-Prototype-v1,True,94.93,SCORE_BELOW_60
461,3,72.58,77.07,-4.48,88.06,Watch,EW-Prototype-v1,True,94.93,NEGATIVE_MOMENTUM
462,3,79.57,78.39,1.18,85.87,On Track,EW-Prototype-v1,True,94.93,STABLE_OR_IMPROVING
463,3,96.7,95.75,0.95,95.43,Top Performer,EW-Prototype-v1,True,94.93,TOP_DECILE_SCORE;EXEMPLARY_ATTENDANCE
464,3,64.19,63.73,0.46,91.9,On Track,EW-Prototype-v1,True,94.93,STABLE_OR_IMPROVING
465,3,51.55,51.64,-0.1,91.54,At Risk,EW-Prototype-v1,True,94.93,SCORE_BELOW_60
466,3,72.27,75.03,-2.76,80.07,Watch,EW-Prototype-v1,True,94.93,NEGATIVE_MOMENTUM
467,3,79.72,78.85,0.87,87.37,On Track,EW-Prototype-v1,True,94.93,STABLE_OR_IMPROVING
468,3,95.25,93.38,1.87,95.15,Top Performer,EW-Prototype-v1,True,94.93,TOP_DECILE_SCORE;EXEMPLARY_ATTENDANCE
469,3,64.19,63.9,0.29,86.71,On Track,EW-Prototype-v1,True,94.93,STABLE_OR_IMPROVING
470,3,52.15,51.46,0.68,83.44,At Risk,EW-Prototype-v1,True,94.93,SCORE_BELOW_60
471,3,71.86,77.11,-5.25,91.58,Watch,EW-Prototype-v1,True,94.93,NEGATIVE_MOMENTUM
472,3,81.04,78.45,2.59,82.14,On Track,EW-Prototype-v1,True,94.93,STABLE_OR_IMPROVING
473,3,95.26,96.2,-0.94,95.52,Top Performer,EW-Prototype-v1,True,94.93,TOP_DECILE_SCORE;EXEMPLARY_ATTENDANCE
474,3,64.11,63.73,0.38,84.33,On Track,EW-Prototype-v1,True,94.93,STABLE_OR_IMPROVING
475,3,51.3,52.38,-1.08,83.89,At Risk,EW-Prototype-v1,True,94.93,SCORE_BELOW_60
476,3,74.37,76.65,-2.28,84.86,Watch,EW-Prototype-v1,True,94.93,NEGATIVE_MOMENTUM
477,3,77.91,78.5,-0.58,81.95,Watch,EW-Prototype-v1,True,94.93,NEGATIVE_MOMENTUM
478,3,93.92,95.29,-1.38,94.6,Watch,EW-Prototype-v1,True,94.93,NEGATIVE_MOMENTUM
479,3,64.15,63.86,0.29,85.98,On Track,EW-Prototype-v1,True,94.93,STABLE_OR_IMPROVING
480,3,51.12,51.45,-0.33,79.99,At Risk,EW-Prototype-v1,True,94.93,SCORE_BELOW_60
1,4,70.69,73.2,-2.51,87.31,Watch,EW-Prototype-v1,True,94.65,NEGATIVE_MOMENTUM
2,4,80.9,80.42,0.48,86.56,On Track,EW-Prototype-v1,True,94.65,STABLE_OR_IMPROVING
3,4,96.55,95.98,0.57,96.25,Top Performer,EW-Prototype-v1,True,94.65,TOP_DECILE_SCORE;EXEMPLARY_ATTENDANCE
4,4,64.62,64.22,0.4,87.97,Slow Learner,EW-Prototype-v1,True,94.65,PERSISTENT_60_69;LIMITED_IMPROVEMENT;ADEQUATE_ATTENDANCE
5,4,51.01,50.68,0.33,85.37,At Risk,EW-Prototype-v1,True,94.65,SCORE_BELOW_60
6,4,72.26,74.79,-2.52,88.11,Watch,EW-Prototype-v1,True,94.65,NEGATIVE_MOMENTUM
7,4,82.16,78.41,3.75,82.52,On Track,EW-Prototype-v1,True,94.65,STABLE_OR_IMPROVING
8,4,94.41,95.04,-0.62,97.76,Watch,EW-Prototype-v1,True,94.65,NEGATIVE_MOMENTUM
9,4,64.6,64.32,0.28,90.71,Slow Learner,EW-Prototype-v1,True,94.65,PERSISTENT_60_69;LIMITED_IMPROVEMENT;ADEQUATE_ATTENDANCE
10,4,53.72,50.17,3.55,83.95,At Risk,EW-Prototype-v1,True,94.65,SCORE_BELOW_60
11,4,72.74,72.45,0.3,86.39,On Track,EW-Prototype-v1,True,94.65,STABLE_OR_IMPROVING
12,4,80.8,79.98,0.82,91.18,On Track,EW-Prototype-v1,True,94.65,STABLE_OR_IMPROVING
13,4,94.94,94.77,0.17,95.62,Top Performer,EW-Prototype-v1,True,94.65,TOP_DECILE_SCORE;EXEMPLARY_ATTENDANCE
14,4,64.82,64.3,0.52,84.19,Slow Learner,EW-Prototype-v1,True,94.65,PERSISTENT_60_69;LIMITED_IMPROVEMENT;ADEQUATE_ATTENDANCE
15,4,52.88,52.05,0.83,90.85,At Risk,EW-Prototype-v1,True,94.65,SCORE_BELOW_60
16,4,69.15,73.94,-4.79,86.01,Watch,EW-Prototype-v1,True,94.65,NEGATIVE_MOMENTUM
17,4,79.03,81.54,-2.51,88.36,Watch,EW-Prototype-v1,True,94.65,NEGATIVE_MOMENTUM
18,4,96.22,95.81,0.42,94.22,Top Performer,EW-Prototype-v1,True,94.65,TOP_DECILE_SCORE;EXEMPLARY_ATTENDANCE
19,4,64.75,64.28,0.47,84.08,Slow Learner,EW-Prototype-v1,True,94.65,PERSISTENT_60_69;LIMITED_IMPROVEMENT;ADEQUATE_ATTENDANCE
20,4,51.75,52.11,-0.36,88.54,At Risk,EW-Prototype-v1,True,94.65,SCORE_BELOW_60
21,4,70.1,74.35,-4.25,85.52,Watch,EW-Prototype-v1,True,94.65,NEGATIVE_MOMENTUM
22,4,81.08,79.27,1.81,84.45,On Track,EW-Prototype-v1,True,94.65,STABLE_OR_IMPROVING
23,4,94.52,92.62,1.89,92.18,On Track,EW-Prototype-v1,True,94.65,STABLE_OR_IMPROVING
24,4,64.6,64.17,0.43,86.4,Slow Learner,EW-Prototype-v1,True,94.65,PERSISTENT_60_69;LIMITED_IMPROVEMENT;ADEQUATE_ATTENDANCE
25,4,51.53,53.9,-2.38,89.18,At Risk,EW-Prototype-v1,True,94.65,SCORE_BELOW_60
26,4,69.71,72.39,-2.68,86.05,Watch,EW-Prototype-v1,True,94.65,NEGATIVE_MOMENTUM
27,4,80.86,79.9,0.96,86.26,On Track,EW-Prototype-v1,True,94.65,STABLE_OR_IMPROVING
28,4,96.29,93.74,2.55,94.88,Top Performer,EW-Prototype-v1,True,94.65,TOP_DECILE_SCORE;EXEMPLARY_ATTENDANCE
29,4,64.57,64.4,0.17,86.23,Slow Learner,EW-Prototype-v1,True,94.65,PERSISTENT_60_69;LIMITED_IMPROVEMENT;ADEQUATE_ATTENDANCE
30,4,51.19,50.23,0.96,86.42,At Risk,EW-Prototype-v1,True,94.65,SCORE_BELOW_60
31,4,72.03,74.55,-2.52,83.29,Watch,EW-Prototype-v1,True,94.65,NEGATIVE_MOMENTUM
32,4,80.21,78.02,2.2,81.75,On Track,EW-Prototype-v1,True,94.65,STABLE_OR_IMPROVING
33,4,96.88,96.41,0.47,97.46,Top Performer,EW-Prototype-v1,True,94.65,TOP_DECILE_SCORE;EXEMPLARY_ATTENDANCE
34,4,64.53,64.13,0.41,81.03,Slow Learner,EW-Prototype-v1,True,94.65,PERSISTENT_60_69;LIMITED_IMPROVEMENT;ADEQUATE_ATTENDANCE
35,4,51.26,52.63,-1.37,84.31,At Risk,EW-Prototype-v1,True,94.65,SCORE_BELOW_60
36,4,71.18,73.97,-2.79,90.26,Watch,EW-Prototype-v1,True,94.65,NEGATIVE_MOMENTUM
37,4,79.85,78.2,1.65,84.26,On Track,EW-Prototype-v1,True,94.65,STABLE_OR_IMPROVING
38,4,94.39,96.65,-2.26,93.29,Watch,EW-Prototype-v1,True,94.65,NEGATIVE_MOMENTUM
39,4,64.39,64.13,0.26,84.41,Slow Learner,EW-Prototype-v1,True,94.65,PERSISTENT_60_69;LIMITED_IMPROVEMENT;ADEQUATE_ATTENDANCE
40,4,53.55,51.87,1.68,88.9,At Risk,EW-Prototype-v1,True,94.65,SCORE_BELOW_60
41,4,69.52,73.77,-4.25,83.94,Watch,EW-Prototype-v1,True,94.65,NEGATIVE_MOMENTUM
42,4,79.91,81.55,-1.64,87.27,Watch,EW-Prototype-v1,True,94.65,NEGATIVE_MOMENTUM
43,4,94.71,95.3,-0.59,96.01,Top Performer,EW-Prototype-v1,True,94.65,TOP_DECILE_SCORE;EXEMPLARY_ATTENDANCE
44,4,64.73,64.23,0.5,83.74,Slow Learner,EW-Prototype-v1,True,94.65,PERSISTENT_60_69;LIMITED_IMPROVEMENT;ADEQUATE_ATTENDANCE
45,4,50.99,51.78,-0.78,86.49,At Risk,EW-Prototype-v1,True,94.65,SCORE_BELOW_60
46,4,72.18,73.21,-1.03,86.43,Watch,EW-Prototype-v1,True,94.65,NEGATIVE_MOMENTUM
47,4,83.37,79.94,3.44,85.53,On Track,EW-Prototype-v1,True,94.65,STABLE_OR_IMPROVING
48,4,95.07,94.71,0.36,92.84,Top Performer,EW-Prototype-v1,True,94.65,TOP_DECILE_SCORE;EXEMPLARY_ATTENDANCE
49,4,64.62,64.21,0.41,83.76,Slow Learner,EW-Prototype-v1,True,94.65,PERSISTENT_60_69;LIMITED_IMPROVEMENT;ADEQUATE_ATTENDANCE
50,4,53.64,53.79,-0.15,87.36,At Risk,EW-Prototype-v1,True,94.65,SCORE_BELOW_60
51,4,71.0,73.2,-2.2,87.16,Watch,EW-Prototype-v1,True,94.65,NEGATIVE_MOMENTUM
52,4,82.17,80.11,2.06,90.57,On Track,EW-Prototype-v1,True,94.65,STABLE_OR_IMPROVING
53,4,95.13,93.58,1.55,95.9,Top Performer,EW-Prototype-v1,True,94.65,TOP_DECILE_SCORE;EXEMPLARY_ATTENDANCE
54,4,64.63,64.27,0.36,85.11,Slow Learner,EW-Prototype-v1,True,94.65,PERSISTENT_60_69;LIMITED_IMPROVEMENT;ADEQUATE_ATTENDANCE
55,4,53.89,51.23,2.66,87.02,At Risk,EW-Prototype-v1,True,94.65,SCORE_BELOW_60
56,4,70.78,74.45,-3.68,90.21,Watch,EW-Prototype-v1,True,94.65,NEGATIVE_MOMENTUM
57,4,81.38,77.71,3.67,86.62,On Track,EW-Prototype-v1,True,94.65,STABLE_OR_IMPROVING
58,4,94.38,94.28,0.1,93.77,On Track,EW-Prototype-v1,True,94.65,STABLE_OR_IMPROVING
59,4,64.58,64.27,0.31,86.06,Slow Learner,EW-Prototype-v1,True,94.65,PERSISTENT_60_69;LIMITED_IMPROVEMENT;ADEQUATE_ATTENDANCE
60,4,53.5,52.76,0.74,90.32,At Risk,EW-Prototype-v1,True,94.65,SCORE_BELOW_60
61,4,70.6,73.2,-2.6,88.3,Watch,EW-Prototype-v1,True,94.65,NEGATIVE_MOMENTUM
62,4,80.68,80.18,0.49,85.54,On Track,EW-Prototype-v1,True,94.65,STABLE_OR_IMPROVING
63,4,94.74,92.81,1.93,96.04,Top Performer,EW-Prototype-v1,True,94.65,TOP_DECILE_SCORE;EXEMPLARY_ATTENDANCE
64,4,64.62,64.0,0.62,85.03,Slow Learner,EW-Prototype-v1,True,94.65,PERSISTENT_60_69;LIMITED_IMPROVEMENT;ADEQUATE_ATTENDANCE
65,4,54.19,51.01,3.18,85.77,At Risk,EW-Prototype-v1,True,94.65,SCORE_BELOW_60
66,4,70.07,73.9,-3.83,82.3,Watch,EW-Prototype-v1,True,94.65,NEGATIVE_MOMENTUM
67,4,79.74,80.39,-0.65,86.8,Watch,EW-Prototype-v1,True,94.65,NEGATIVE_MOMENTUM
68,4,94.62,94.02,0.6,96.28,On Track,EW-Prototype-v1,True,94.65,STABLE_OR_IMPROVING
69,4,64.55,64.23,0.32,85.25,Slow Learner,EW-Prototype-v1,True,94.65,PERSISTENT_60_69;LIMITED_IMPROVEMENT;ADEQUATE_ATTENDANCE
70,4,52.69,51.75,0.93,82.78,At Risk,EW-Prototype-v1,True,94.65,SCORE_BELOW_60
71,4,70.8,73.54,-2.74,83.99,Watch,EW-Prototype-v1,True,94.65,NEGATIVE_MOMENTUM
72,4,81.56,78.81,2.75,83.72,On Track,EW-Prototype-v1,True,94.65,STABLE_OR_IMPROVING
73,4,95.11,95.61,-0.51,94.61,Top Performer,EW-Prototype-v1,True,94.65,TOP_DECILE_SCORE;EXEMPLARY_ATTENDANCE
74,4,64.52,64.13,0.39,89.08,Slow Learner,EW-Prototype-v1,True,94.65,PERSISTENT_60_69;LIMITED_IMPROVEMENT;ADEQUATE_ATTENDANCE
75,4,50.95,52.64,-1.69,85.96,At Risk,EW-Prototype-v1,True,94.65,SCORE_BELOW_60
76,4,71.68,76.18,-4.49,84.27,Watch,EW-Prototype-v1,True,94.65,NEGATIVE_MOMENTUM
77,4,80.72,80.47,0.25,82.79,On Track,EW-Prototype-v1,True,94.65,STABLE_OR_IMPROVING
78,4,93.66,96.64,-2.98,92.7,Watch,EW-Prototype-v1,True,94.65,NEGATIVE_MOMENTUM
79,4,64.64,64.15,0.48,86.16,Slow Learner,EW-Prototype-v1,True,94.65,PERSISTENT_60_69;LIMITED_IMPROVEMENT;ADEQUATE_ATTENDANCE
80,4,51.99,51.56,0.43,83.2,At Risk,EW-Prototype-v1,True,94.65,SCORE_BELOW_60
81,4,69.59,74.48,-4.89,88.19,Watch,EW-Prototype-v1,True,94.65,NEGATIVE_MOMENTUM
82,4,80.43,80.68,-0.25,85.8,Watch,EW-Prototype-v1,True,94.65,NEGATIVE_MOMENTUM
83,4,93.67,95.17,-1.5,94.66,Watch,EW-Prototype-v1,True,94.65,NEGATIVE_MOMENTUM
84,4,64.63,64.27,0.36,84.68,Slow Learner,EW-Prototype-v1,True,94.65,PERSISTENT_60_69;LIMITED_IMPROVEMENT;ADEQUATE_ATTENDANCE
85,4,51.09,51.13,-0.04,84.79,At Risk,EW-Prototype-v1,True,94.65,SCORE_BELOW_60
86,4,71.83,75.11,-3.28,86.46,Watch,EW-Prototype-v1,True,94.65,NEGATIVE_MOMENTUM
87,4,81.89,78.46,3.43,86.31,On Track,EW-Prototype-v1,True,94.65,STABLE_OR_IMPROVING
88,4,95.44,96.47,-1.03,94.44,Top Performer,EW-Prototype-v1,True,94.65,TOP_DECILE_SCORE;EXEMPLARY_ATTENDANCE
89,4,64.76,64.33,0.43,83.58,Slow Learner,EW-Prototype-v1,True,94.65,PERSISTENT_60_69;LIMITED_IMPROVEMENT;ADEQUATE_ATTENDANCE
90,4,52.17,51.64,0.52,85.99,At Risk,EW-Prototype-v1,True,94.65,SCORE_BELOW_60
91,4,70.07,74.9,-4.83,87.43,Watch,EW-Prototype-v1,True,94.65,NEGATIVE_MOMENTUM
92,4,82.4,79.17,3.22,86.98,On Track,EW-Prototype-v1,True,94.65,STABLE_OR_IMPROVING
93,4,93.32,93.58,-0.26,96.54,Watch,EW-Prototype-v1,True,94.65,NEGATIVE_MOMENTUM
94,4,64.37,64.19,0.18,84.0,Slow Learner,EW-Prototype-v1,True,94.65,PERSISTENT_60_69;LIMITED_IMPROVEMENT;ADEQUATE_ATTENDANCE
95,4,52.98,50.09,2.89,86.93,At Risk,EW-Prototype-v1,True,94.65,SCORE_BELOW_60
96,4,69.44,74.52,-5.09,86.26,Watch,EW-Prototype-v1,True,94.65,NEGATIVE_MOMENTUM
97,4,81.61,80.13,1.49,86.61,On Track,EW-Prototype-v1,True,94.65,STABLE_OR_IMPROVING
98,4,95.81,95.64,0.17,93.19,Top Performer,EW-Prototype-v1,True,94.65,TOP_DECILE_SCORE;EXEMPLARY_ATTENDANCE
99,4,64.78,64.04,0.74,86.51,Slow Learner,EW-Prototype-v1,True,94.65,PERSISTENT_60_69;LIMITED_IMPROVEMENT;ADEQUATE_ATTENDANCE
100,4,52.98,51.99,1.0,80.67,At Risk,EW-Prototype-v1,True,94.65,SCORE_BELOW_60
101,4,72.44,75.02,-2.58,89.72,Watch,EW-Prototype-v1,True,94.65,NEGATIVE_MOMENTUM
102,4,82.27,82.07,0.2,91.63,On Track,EW-Prototype-v1,True,94.65,STABLE_OR_IMPROVING
103,4,96.52,95.92,0.6,94.1,Top Performer,EW-Prototype-v1,True,94.65,TOP_DECILE_SCORE;EXEMPLARY_ATTENDANCE
104,4,64.8,64.28,0.52,86.61,Slow Learner,EW-Prototype-v1,True,94.65,PERSISTENT_60_69;LIMITED_IMPROVEMENT;ADEQUATE_ATTENDANCE
105,4,53.52,51.16,2.36,83.79,At Risk,EW-Prototype-v1,True,94.65,SCORE_BELOW_60
106,4,71.27,74.45,-3.18,87.45,Watch,EW-Prototype-v1,True,94.65,NEGATIVE_MOMENTUM
107,4,82.22,80.56,1.66,84.49,On Track,EW-Prototype-v1,True,94.65,STABLE_OR_IMPROVING
108,4,94.27,94.26,0.01,92.57,On Track,EW-Prototype-v1,True,94.65,STABLE_OR_IMPROVING
109,4,64.57,64.32,0.25,85.96,Slow Learner,EW-Prototype-v1,True,94.65,PERSISTENT_60_69;LIMITED_IMPROVEMENT;ADEQUATE_ATTENDANCE
110,4,53.52,52.06,1.46,83.76,At Risk,EW-Prototype-v1,True,94.65,SCORE_BELOW_60
111,4,70.84,75.26,-4.42,84.11,Watch,EW-Prototype-v1,True,94.65,NEGATIVE_MOMENTUM
112,4,82.56,79.79,2.78,90.79,On Track,EW-Prototype-v1,True,94.65,STABLE_OR_IMPROVING
113,4,95.14,96.7,-1.56,90.57,Top Performer,EW-Prototype-v1,True,94.65,TOP_DECILE_SCORE;EXEMPLARY_ATTENDANCE
114,4,64.41,64.33,0.08,85.31,Slow Learner,EW-Prototype-v1,True,94.65,PERSISTENT_60_69;LIMITED_IMPROVEMENT;ADEQUATE_ATTENDANCE
115,4,53.15,51.17,1.98,82.49,At Risk,EW-Prototype-v1,True,94.65,SCORE_BELOW_60
116,4,69.82,73.17,-3.35,85.96,Watch,EW-Prototype-v1,True,94.65,NEGATIVE_MOMENTUM
117,4,80.39,78.52,1.87,89.35,On Track,EW-Prototype-v1,True,94.65,STABLE_OR_IMPROVING
118,4,95.44,95.53,-0.09,92.89,Top Performer,EW-Prototype-v1,True,94.65,TOP_DECILE_SCORE;EXEMPLARY_ATTENDANCE
119,4,64.42,64.14,0.28,86.62,Slow Learner,EW-Prototype-v1,True,94.65,PERSISTENT_60_69;LIMITED_IMPROVEMENT;ADEQUATE_ATTENDANCE
120,4,53.1,51.76,1.34,84.73,At Risk,EW-Prototype-v1,True,94.65,SCORE_BELOW_60
121,4,70.16,73.61,-3.45,83.95,Watch,EW-Prototype-v1,True,94.65,NEGATIVE_MOMENTUM
122,4,81.73,82.38,-0.65,82.97,Watch,EW-Prototype-v1,True,94.65,NEGATIVE_MOMENTUM
123,4,96.63,95.62,1.0,94.26,Top Performer,EW-Prototype-v1,True,94.65,TOP_DECILE_SCORE;EXEMPLARY_ATTENDANCE
124,4,64.79,64.12,0.67,86.91,Slow Learner,EW-Prototype-v1,True,94.65,PERSISTENT_60_69;LIMITED_IMPROVEMENT;ADEQUATE_ATTENDANCE
125,4,51.95,51.47,0.48,87.45,At Risk,EW-Prototype-v1,True,94.65,SCORE_BELOW_60
126,4,70.42,73.79,-3.37,83.91,Watch,EW-Prototype-v1,True,94.65,NEGATIVE_MOMENTUM
127,4,80.0,79.55,0.45,87.04,On Track,EW-Prototype-v1,True,94.65,STABLE_OR_IMPROVING
128,4,94.64,95.34,-0.7,93.84,Watch,EW-Prototype-v1,True,94.65,NEGATIVE_MOMENTUM
129,4,64.41,64.08,0.33,87.4,Slow Learner,EW-Prototype-v1,True,94.65,PERSISTENT_60_69;LIMITED_IMPROVEMENT;ADEQUATE_ATTENDANCE
130,4,53.47,52.56,0.91,88.81,At Risk,EW-Prototype-v1,True,94.65,SCORE_BELOW_60
131,4,70.58,74.1,-3.52,80.06,Watch,EW-Prototype-v1,True,94.65,NEGATIVE_MOMENTUM
132,4,82.51,79.18,3.33,86.95,On Track,EW-Prototype-v1,True,94.65,STABLE_OR_IMPROVING
133,4,94.06,94.29,-0.23,95.52,Watch,EW-Prototype-v1,True,94.65,NEGATIVE_MOMENTUM
134,4,64.79,64.19,0.6,89.5,Slow Learner,EW-Prototype-v1,True,94.65,PERSISTENT_60_69;LIMITED_IMPROVEMENT;ADEQUATE_ATTENDANCE
135,4,50.68,52.73,-2.06,87.26,At Risk,EW-Prototype-v1,True,94.65,SCORE_BELOW_60
136,4,71.12,72.83,-1.71,84.47,Watch,EW-Prototype-v1,True,94.65,NEGATIVE_MOMENTUM
137,4,80.06,79.83,0.23,90.49,On Track,EW-Prototype-v1,True,94.65,STABLE_OR_IMPROVING
138,4,93.61,93.78,-0.17,97.75,Watch,EW-Prototype-v1,True,94.65,NEGATIVE_MOMENTUM
139,4,64.47,64.16,0.31,90.28,Slow Learner,EW-Prototype-v1,True,94.65,PERSISTENT_60_69;LIMITED_IMPROVEMENT;ADEQUATE_ATTENDANCE
140,4,50.88,52.27,-1.39,83.48,At Risk,EW-Prototype-v1,True,94.65,SCORE_BELOW_60
141,4,73.05,74.1,-1.06,81.3,Watch,EW-Prototype-v1,True,94.65,NEGATIVE_MOMENTUM
142,4,80.04,81.17,-1.13,85.36,Watch,EW-Prototype-v1,True,94.65,NEGATIVE_MOMENTUM
143,4,94.23,93.57,0.65,94.74,On Track,EW-Prototype-v1,True,94.65,STABLE_OR_IMPROVING
144,4,64.83,64.19,0.64,90.21,Slow Learner,EW-Prototype-v1,True,94.65,PERSISTENT_60_69;LIMITED_IMPROVEMENT;ADEQUATE_ATTENDANCE
145,4,51.17,53.07,-1.9,82.23,At Risk,EW-Prototype-v1,True,94.65,SCORE_BELOW_60
146,4,69.63,75.0,-5.37,87.49,Watch,EW-Prototype-v1,True,94.65,NEGATIVE_MOMENTUM
147,4,79.88,80.87,-0.99,92.63,Watch,EW-Prototype-v1,True,94.65,NEGATIVE_MOMENTUM
148,4,93.81,96.6,-2.79,94.59,Watch,EW-Prototype-v1,True,94.65,NEGATIVE_MOMENTUM
149,4,64.74,64.09,0.65,92.92,Slow Learner,EW-Prototype-v1,True,94.65,PERSISTENT_60_69;LIMITED_IMPROVEMENT;ADEQUATE_ATTENDANCE
150,4,52.01,51.51,0.5,86.3,At Risk,EW-Prototype-v1,True,94.65,SCORE_BELOW_60
151,4,70.46,75.07,-4.61,87.56,Watch,EW-Prototype-v1,True,94.65,NEGATIVE_MOMENTUM
152,4,81.4,81.51,-0.11,81.3,Watch,EW-Prototype-v1,True,94.65,NEGATIVE_MOMENTUM
153,4,95.98,95.94,0.04,93.63,Top Performer,EW-Prototype-v1,True,94.65,TOP_DECILE_SCORE;EXEMPLARY_ATTENDANCE
154,4,64.63,64.07,0.56,83.96,Slow Learner,EW-Prototype-v1,True,94.65,PERSISTENT_60_69;LIMITED_IMPROVEMENT;ADEQUATE_ATTENDANCE
155,4,51.67,53.38,-1.71,79.29,At Risk,EW-Prototype-v1,True,94.65,SCORE_BELOW_60
156,4,71.03,74.62,-3.59,87.6,Watch,EW-Prototype-v1,True,94.65,NEGATIVE_MOMENTUM
157,4,80.96,79.12,1.83,88.95,On Track,EW-Prototype-v1,True,94.65,STABLE_OR_IMPROVING
158,4,94.01,94.88,-0.88,95.04,Watch,EW-Prototype-v1,True,94.65,NEGATIVE_MOMENTUM
159,4,64.64,64.08,0.56,87.03,Slow Learner,EW-Prototype-v1,True,94.65,PERSISTENT_60_69;LIMITED_IMPROVEMENT;ADEQUATE_ATTENDANCE
160,4,51.78,53.16,-1.38,87.8,At Risk,EW-Prototype-v1,True,94.65,SCORE_BELOW_60
161,4,69.68,74.75,-5.07,90.15,Watch,EW-Prototype-v1,True,94.65,NEGATIVE_MOMENTUM
162,4,81.85,82.21,-0.35,85.51,Watch,EW-Prototype-v1,True,94.65,NEGATIVE_MOMENTUM
163,4,94.41,94.88,-0.47,96.82,Watch,EW-Prototype-v1,True,94.65,NEGATIVE_MOMENTUM
164,4,64.83,64.34,0.49,86.7,Slow Learner,EW-Prototype-v1,True,94.65,PERSISTENT_60_69;LIMITED_IMPROVEMENT;ADEQUATE_ATTENDANCE
165,4,52.26,52.1,0.17,81.49,At Risk,EW-Prototype-v1,True,94.65,SCORE_BELOW_60
166,4,70.75,72.4,-1.65,82.89,Watch,EW-Prototype-v1,True,94.65,NEGATIVE_MOMENTUM
167,4,82.32,79.18,3.13,82.52,On Track,EW-Prototype-v1,True,94.65,STABLE_OR_IMPROVING
168,4,94.42,93.63,0.8,95.0,On Track,EW-Prototype-v1,True,94.65,STABLE_OR_IMPROVING
169,4,64.52,64.13,0.38,82.69,Slow Learner,EW-Prototype-v1,True,94.65,PERSISTENT_60_69;LIMITED_IMPROVEMENT;ADEQUATE_ATTENDANCE
170,4,51.09,52.22,-1.13,90.21,At Risk,EW-Prototype-v1,True,94.65,SCORE_BELOW_60
171,4,70.61,71.53,-0.92,85.05,Watch,EW-Prototype-v1,True,94.65,NEGATIVE_MOMENTUM
172,4,79.67,80.09,-0.41,82.43,Watch,EW-Prototype-v1,True,94.65,NEGATIVE_MOMENTUM
173,4,95.5,95.22,0.28,94.63,Top Performer,EW-Prototype-v1,True,94.65,TOP_DECILE_SCORE;EXEMPLARY_ATTENDANCE
174,4,64.48,64.03,0.45,84.4,Slow Learner,EW-Prototype-v1,True,94.65,PERSISTENT_60_69;LIMITED_IMPROVEMENT;ADEQUATE_ATTENDANCE
175,4,51.01,51.12,-0.11,86.07,At Risk,EW-Prototype-v1,True,94.65,SCORE_BELOW_60
176,4,70.05,75.3,-5.25,84.77,Watch,EW-Prototype-v1,True,94.65,NEGATIVE_MOMENTUM
177,4,80.71,80.22,0.49,90.55,On Track,EW-Prototype-v1,True,94.65,STABLE_OR_IMPROVING
178,4,93.99,94.25,-0.26,95.75,Watch,EW-Prototype-v1,True,94.65,NEGATIVE_MOMENTUM
179,4,64.64,64.18,0.46,87.74,Slow Learner,EW-Prototype-v1,True,94.65,PERSISTENT_60_69;LIMITED_IMPROVEMENT;ADEQUATE_ATTENDANCE
180,4,52.3,51.73,0.57,83.78,At Risk,EW-Prototype-v1,True,94.65,SCORE_BELOW_60
181,4,71.6,74.34,-2.74,85.68,Watch,EW-Prototype-v1,True,94.65,NEGATIVE_MOMENTUM
182,4,81.0,79.07,1.93,87.84,On Track,EW-Prototype-v1,True,94.65,STABLE_OR_IMPROVING
183,4,94.82,94.62,0.19,93.57,Top Performer,EW-Prototype-v1,True,94.65,TOP_DECILE_SCORE;EXEMPLARY_ATTENDANCE
184,4,64.52,64.24,0.29,87.44,Slow Learner,EW-Prototype-v1,True,94.65,PERSISTENT_60_69;LIMITED_IMPROVEMENT;ADEQUATE_ATTENDANCE
185,4,53.34,52.24,1.11,84.24,At Risk,EW-Prototype-v1,True,94.65,SCORE_BELOW_60
186,4,69.93,72.87,-2.93,86.58,Watch,EW-Prototype-v1,True,94.65,NEGATIVE_MOMENTUM
187,4,80.62,80.72,-0.1,87.13,Watch,EW-Prototype-v1,True,94.65,NEGATIVE_MOMENTUM
188,4,94.46,94.22,0.24,92.82,On Track,EW-Prototype-v1,True,94.65,STABLE_OR_IMPROVING
189,4,64.57,64.22,0.35,83.82,Slow Learner,EW-Prototype-v1,True,94.65,PERSISTENT_60_69;LIMITED_IMPROVEMENT;ADEQUATE_ATTENDANCE
190,4,52.13,51.48,0.65,88.28,At Risk,EW-Prototype-v1,True,94.65,SCORE_BELOW_60
191,4,71.87,72.61,-0.73,88.3,Watch,EW-Prototype-v1,True,94.65,NEGATIVE_MOMENTUM
192,4,79.15,78.76,0.39,83.75,On Track,EW-Prototype-v1,True,94.65,STABLE_OR_IMPROVING
193,4,95.3,96.44,-1.14,92.49,Top Performer,EW-Prototype-v1,True,94.65,TOP_DECILE_SCORE;EXEMPLARY_ATTENDANCE
194,4,64.69,64.23,0.46,84.2,Slow Learner,EW-Prototype-v1,True,94.65,PERSISTENT_60_69;LIMITED_IMPROVEMENT;ADEQUATE_ATTENDANCE
195,4,51.45,52.1,-0.65,90.09,At Risk,EW-Prototype-v1,True,94.65,SCORE_BELOW_60
196,4,71.28,72.26,-0.99,86.2,Watch,EW-Prototype-v1,True,94.65,NEGATIVE_MOMENTUM
197,4,80.35,79.7,0.65,86.73,On Track,EW-Prototype-v1,True,94.65,STABLE_OR_IMPROVING
198,4,93.71,94.77,-1.06,95.35,Watch,EW-Prototype-v1,True,94.65,NEGATIVE_MOMENTUM
199,4,64.58,64.21,0.37,88.48,Slow Learner,EW-Prototype-v1,True,94.65,PERSISTENT_60_69;LIMITED_IMPROVEMENT;ADEQUATE_ATTENDANCE
200,4,52.17,50.72,1.44,87.0,At Risk,EW-Prototype-v1,True,94.65,SCORE_BELOW_60
201,4,71.75,73.64,-1.89,87.45,Watch,EW-Prototype-v1,True,94.65,NEGATIVE_MOMENTUM
202,4,80.91,78.81,2.1,84.63,On Track,EW-Prototype-v1,True,94.65,STABLE_OR_IMPROVING
203,4,96.14,94.24,1.9,95.48,Top Performer,EW-Prototype-v1,True,94.65,TOP_DECILE_SCORE;EXEMPLARY_ATTENDANCE
204,4,64.61,64.31,0.3,90.15,Slow Learner,EW-Prototype-v1,True,94.65,PERSISTENT_60_69;LIMITED_IMPROVEMENT;ADEQUATE_ATTENDANCE
205,4,51.41,50.9,0.51,83.08,At Risk,EW-Prototype-v1,True,94.65,SCORE_BELOW_60
206,4,70.7,74.3,-3.6,84.29,Watch,EW-Prototype-v1,True,94.65,NEGATIVE_MOMENTUM
207,4,80.49,81.3,-0.8,87.22,Watch,EW-Prototype-v1,True,94.65,NEGATIVE_MOMENTUM
208,4,93.88,94.97,-1.09,95.73,Watch,EW-Prototype-v1,True,94.65,NEGATIVE_MOMENTUM
209,4,64.56,64.32,0.24,81.84,Slow Learner,EW-Prototype-v1,True,94.65,PERSISTENT_60_69;LIMITED_IMPROVEMENT;ADEQUATE_ATTENDANCE
210,4,52.15,52.49,-0.34,84.31,At Risk,EW-Prototype-v1,True,94.65,SCORE_BELOW_60
211,4,70.97,73.72,-2.75,88.14,Watch,EW-Prototype-v1,True,94.65,NEGATIVE_MOMENTUM
212,4,82.4,80.98,1.43,85.15,On Track,EW-Prototype-v1,True,94.65,STABLE_OR_IMPROVING
213,4,95.54,95.92,-0.37,91.89,Top Performer,EW-Prototype-v1,True,94.65,TOP_DECILE_SCORE;EXEMPLARY_ATTENDANCE
214,4,64.45,64.07,0.38,89.96,Slow Learner,EW-Prototype-v1,True,94.65,PERSISTENT_60_69;LIMITED_IMPROVEMENT;ADEQUATE_ATTENDANCE
215,4,51.6,52.36,-0.76,83.97,At Risk,EW-Prototype-v1,True,94.65,SCORE_BELOW_60
216,4,71.44,75.6,-4.16,88.29,Watch,EW-Prototype-v1,True,94.65,NEGATIVE_MOMENTUM
217,4,81.97,79.21,2.76,88.52,On Track,EW-Prototype-v1,True,94.65,STABLE_OR_IMPROVING
218,4,93.76,92.55,1.21,96.56,On Track,EW-Prototype-v1,True,94.65,STABLE_OR_IMPROVING
219,4,64.71,64.24,0.47,86.58,Slow Learner,EW-Prototype-v1,True,94.65,PERSISTENT_60_69;LIMITED_IMPROVEMENT;ADEQUATE_ATTENDANCE
220,4,52.66,49.84,2.82,89.18,At Risk,EW-Prototype-v1,True,94.65,SCORE_BELOW_60
221,4,70.95,73.84,-2.89,85.29,Watch,EW-Prototype-v1,True,94.65,NEGATIVE_MOMENTUM
222,4,82.12,79.29,2.83,86.57,On Track,EW-Prototype-v1,True,94.65,STABLE_OR_IMPROVING
223,4,94.63,93.74,0.9,92.14,On Track,EW-Prototype-v1,True,94.65,STABLE_OR_IMPROVING
224,4,64.75,64.28,0.47,85.45,Slow Learner,EW-Prototype-v1,True,94.65,PERSISTENT_60_69;LIMITED_IMPROVEMENT;ADEQUATE_ATTENDANCE
225,4,54.14,51.48,2.66,82.9,At Risk,EW-Prototype-v1,True,94.65,SCORE_BELOW_60
226,4,72.58,74.12,-1.54,81.72,Watch,EW-Prototype-v1,True,94.65,NEGATIVE_MOMENTUM
227,4,80.27,80.24,0.03,84.38,On Track,EW-Prototype-v1,True,94.65,STABLE_OR_IMPROVING
228,4,94.87,94.58,0.29,93.7,Top Performer,EW-Prototype-v1,True,94.65,TOP_DECILE_SCORE;EXEMPLARY_ATTENDANCE
229,4,64.71,64.34,0.38,87.27,Slow Learner,EW-Prototype-v1,True,94.65,PERSISTENT_60_69;LIMITED_IMPROVEMENT;ADEQUATE_ATTENDANCE
230,4,52.13,51.58,0.55,89.0,At Risk,EW-Prototype-v1,True,94.65,SCORE_BELOW_60
231,4,71.93,75.34,-3.41,90.55,Watch,EW-Prototype-v1,True,94.65,NEGATIVE_MOMENTUM
232,4,81.21,80.94,0.27,81.05,On Track,EW-Prototype-v1,True,94.65,STABLE_OR_IMPROVING
233,4,94.73,93.22,1.51,93.13,Top Performer,EW-Prototype-v1,True,94.65,TOP_DECILE_SCORE;EXEMPLARY_ATTENDANCE
234,4,64.59,64.05,0.54,84.54,Slow Learner,EW-Prototype-v1,True,94.65,PERSISTENT_60_69;LIMITED_IMPROVEMENT;ADEQUATE_ATTENDANCE
235,4,52.85,52.66,0.19,91.76,At Risk,EW-Prototype-v1,True,94.65,SCORE_BELOW_60
236,4,71.41,72.75,-1.33,84.26,Watch,EW-Prototype-v1,True,94.65,NEGATIVE_MOMENTUM
237,4,80.87,80.56,0.31,84.83,On Track,EW-Prototype-v1,True,94.65,STABLE_OR_IMPROVING
238,4,93.19,95.01,-1.82,91.92,Watch,EW-Prototype-v1,True,94.65,NEGATIVE_MOMENTUM
239,4,64.72,64.17,0.55,88.56,Slow Learner,EW-Prototype-v1,True,94.65,PERSISTENT_60_69;LIMITED_IMPROVEMENT;ADEQUATE_ATTENDANCE
240,4,50.33,52.81,-2.48,85.7,At Risk,EW-Prototype-v1,True,94.65,SCORE_BELOW_60
241,4,70.18,73.95,-3.78,86.46,Watch,EW-Prototype-v1,True,94.65,NEGATIVE_MOMENTUM
242,4,80.06,78.55,1.51,83.81,On Track,EW-Prototype-v1,True,94.65,STABLE_OR_IMPROVING
243,4,94.06,94.84,-0.78,95.41,Watch,EW-Prototype-v1,True,94.65,NEGATIVE_MOMENTUM
244,4,64.74,64.21,0.53,87.2,Slow Learner,EW-Prototype-v1,True,94.65,PERSISTENT_60_69;LIMITED_IMPROVEMENT;ADEQUATE_ATTENDANCE
245,4,51.73,51.18,0.55,82.67,At Risk,EW-Prototype-v1,True,94.65,SCORE_BELOW_60
246,4,72.71,73.34,-0.63,82.7,Watch,EW-Prototype-v1,True,94.65,NEGATIVE_MOMENTUM
247,4,80.8,78.75,2.04,86.75,On Track,EW-Prototype-v1,True,94.65,STABLE_OR_IMPROVING
248,4,93.16,95.31,-2.15,93.21,Watch,EW-Prototype-v1,True,94.65,NEGATIVE_MOMENTUM
249,4,64.34,64.04,0.3,86.72,Slow Learner,EW-Prototype-v1,True,94.65,PERSISTENT_60_69;LIMITED_IMPROVEMENT;ADEQUATE_ATTENDANCE
250,4,51.04,53.02,-1.97,84.83,At Risk,EW-Prototype-v1,True,94.65,SCORE_BELOW_60
251,4,72.1,74.89,-2.79,83.6,Watch,EW-Prototype-v1,True,94.65,NEGATIVE_MOMENTUM
252,4,79.95,78.96,0.99,87.45,On Track,EW-Prototype-v1,True,94.65,STABLE_OR_IMPROVING
253,4,94.24,94.53,-0.29,92.72,Watch,EW-Prototype-v1,True,94.65,NEGATIVE_MOMENTUM
254,4,64.71,64.15,0.56,81.87,Slow Learner,EW-Prototype-v1,True,94.65,PERSISTENT_60_69;LIMITED_IMPROVEMENT;ADEQUATE_ATTENDANCE
255,4,51.07,51.91,-0.84,85.46,At Risk,EW-Prototype-v1,True,94.65,SCORE_BELOW_60
256,4,71.14,75.24,-4.09,83.79,Watch,EW-Prototype-v1,True,94.65,NEGATIVE_MOMENTUM
257,4,81.54,81.28,0.26,87.22,On Track,EW-Prototype-v1,True,94.65,STABLE_OR_IMPROVING
258,4,95.63,95.15,0.48,93.16,Top Performer,EW-Prototype-v1,True,94.65,TOP_DECILE_SCORE;EXEMPLARY_ATTENDANCE
259,4,64.58,64.28,0.3,85.59,Slow Learner,EW-Prototype-v1,True,94.65,PERSISTENT_60_69;LIMITED_IMPROVEMENT;ADEQUATE_ATTENDANCE
260,4,53.91,50.12,3.79,88.24,At Risk,EW-Prototype-v1,True,94.65,SCORE_BELOW_60
261,4,71.94,71.75,0.19,85.99,On Track,EW-Prototype-v1,True,94.65,STABLE_OR_IMPROVING
262,4,80.97,79.15,1.82,83.74,On Track,EW-Prototype-v1,True,94.65,STABLE_OR_IMPROVING
263,4,94.49,93.65,0.84,93.78,On Track,EW-Prototype-v1,True,94.65,STABLE_OR_IMPROVING
264,4,64.64,64.11,0.53,83.75,Slow Learner,EW-Prototype-v1,True,94.65,PERSISTENT_60_69;LIMITED_IMPROVEMENT;ADEQUATE_ATTENDANCE
265,4,52.64,52.52,0.13,82.24,At Risk,EW-Prototype-v1,True,94.65,SCORE_BELOW_60
266,4,72.62,73.62,-1.0,80.73,Watch,EW-Prototype-v1,True,94.65,NEGATIVE_MOMENTUM
267,4,80.9,80.16,0.74,80.83,On Track,EW-Prototype-v1,True,94.65,STABLE_OR_IMPROVING
268,4,95.26,95.22,0.04,95.46,Top Performer,EW-Prototype-v1,True,94.65,TOP_DECILE_SCORE;EXEMPLARY_ATTENDANCE
269,4,64.66,64.16,0.5,83.86,Slow Learner,EW-Prototype-v1,True,94.65,PERSISTENT_60_69;LIMITED_IMPROVEMENT;ADEQUATE_ATTENDANCE
270,4,50.54,52.31,-1.77,89.18,At Risk,EW-Prototype-v1,True,94.65,SCORE_BELOW_60
271,4,71.33,73.56,-2.23,86.01,Watch,EW-Prototype-v1,True,94.65,NEGATIVE_MOMENTUM
272,4,79.17,79.98,-0.81,82.91,Watch,EW-Prototype-v1,True,94.65,NEGATIVE_MOMENTUM
273,4,95.51,95.77,-0.26,93.39,Top Performer,EW-Prototype-v1,True,94.65,TOP_DECILE_SCORE;EXEMPLARY_ATTENDANCE
274,4,64.46,64.31,0.15,90.21,Slow Learner,EW-Prototype-v1,True,94.65,PERSISTENT_60_69;LIMITED_IMPROVEMENT;ADEQUATE_ATTENDANCE
275,4,52.02,52.3,-0.28,85.89,At Risk,EW-Prototype-v1,True,94.65,SCORE_BELOW_60
276,4,71.45,74.57,-3.12,87.84,Watch,EW-Prototype-v1,True,94.65,NEGATIVE_MOMENTUM
277,4,80.29,79.91,0.38,85.81,On Track,EW-Prototype-v1,True,94.65,STABLE_OR_IMPROVING
278,4,93.41,94.78,-1.37,93.48,Watch,EW-Prototype-v1,True,94.65,NEGATIVE_MOMENTUM
279,4,64.54,64.23,0.31,87.36,Slow Learner,EW-Prototype-v1,True,94.65,PERSISTENT_60_69;LIMITED_IMPROVEMENT;ADEQUATE_ATTENDANCE
280,4,53.22,51.45,1.77,87.08,At Risk,EW-Prototype-v1,True,94.65,SCORE_BELOW_60
281,4,71.02,73.61,-2.59,85.62,Watch,EW-Prototype-v1,True,94.65,NEGATIVE_MOMENTUM
282,4,82.37,80.06,2.31,86.04,On Track,EW-Prototype-v1,True,94.65,STABLE_OR_IMPROVING
283,4,93.74,96.94,-3.2,96.23,Watch,EW-Prototype-v1,True,94.65,NEGATIVE_MOMENTUM
284,4,64.54,64.28,0.27,82.72,Slow Learner,EW-Prototype-v1,True,94.65,PERSISTENT_60_69;LIMITED_IMPROVEMENT;ADEQUATE_ATTENDANCE
285,4,51.23,53.21,-1.98,88.42,At Risk,EW-Prototype-v1,True,94.65,SCORE_BELOW_60
286,4,72.18,74.28,-2.1,88.36,Watch,EW-Prototype-v1,True,94.65,NEGATIVE_MOMENTUM
287,4,83.52,79.6,3.93,87.5,On Track,EW-Prototype-v1,True,94.65,STABLE_OR_IMPROVING
288,4,95.78,94.58,1.2,93.2,Top Performer,EW-Prototype-v1,True,94.65,TOP_DECILE_SCORE;EXEMPLARY_ATTENDANCE
289,4,64.58,63.95,0.63,84.87,Slow Learner,EW-Prototype-v1,True,94.65,PERSISTENT_60_69;LIMITED_IMPROVEMENT;ADEQUATE_ATTENDANCE
290,4,52.42,50.39,2.03,83.2,At Risk,EW-Prototype-v1,True,94.65,SCORE_BELOW_60
291,4,71.19,75.34,-4.14,89.47,Watch,EW-Prototype-v1,True,94.65,NEGATIVE_MOMENTUM
292,4,81.56,78.68,2.89,87.24,On Track,EW-Prototype-v1,True,94.65,STABLE_OR_IMPROVING
293,4,95.65,95.41,0.24,95.27,Top Performer,EW-Prototype-v1,True,94.65,TOP_DECILE_SCORE;EXEMPLARY_ATTENDANCE
294,4,64.61,64.0,0.6,84.73,Slow Learner,EW-Prototype-v1,True,94.65,PERSISTENT_60_69;LIMITED_IMPROVEMENT;ADEQUATE_ATTENDANCE
295,4,50.56,50.17,0.39,84.44,At Risk,EW-Prototype-v1,True,94.65,SCORE_BELOW_60
296,4,70.21,72.45,-2.25,89.24,Watch,EW-Prototype-v1,True,94.65,NEGATIVE_MOMENTUM
297,4,81.17,80.67,0.5,88.71,On Track,EW-Prototype-v1,True,94.65,STABLE_OR_IMPROVING
298,4,94.79,94.81,-0.02,95.21,Top Performer,EW-Prototype-v1,True,94.65,TOP_DECILE_SCORE;EXEMPLARY_ATTENDANCE
299,4,64.74,64.32,0.43,84.19,Slow Learner,EW-Prototype-v1,True,94.65,PERSISTENT_60_69;LIMITED_IMPROVEMENT;ADEQUATE_ATTENDANCE
300,4,51.68,53.17,-1.48,85.22,At Risk,EW-Prototype-v1,True,94.65,SCORE_BELOW_60
301,4,71.14,75.52,-4.38,91.42,Watch,EW-Prototype-v1,True,94.65,NEGATIVE_MOMENTUM
302,4,79.61,79.59,0.02,88.78,On Track,EW-Prototype-v1,True,94.65,STABLE_OR_IMPROVING
303,4,95.61,95.65,-0.04,96.39,Top Performer,EW-Prototype-v1,True,94.65,TOP_DECILE_SCORE;EXEMPLARY_ATTENDANCE
304,4,64.52,64.34,0.18,84.11,Slow Learner,EW-Prototype-v1,True,94.65,PERSISTENT_60_69;LIMITED_IMPROVEMENT;ADEQUATE_ATTENDANCE
305,4,52.85,52.35,0.5,89.29,At Risk,EW-Prototype-v1,True,94.65,SCORE_BELOW_60
306,4,72.13,73.53,-1.4,90.89,Watch,EW-Prototype-v1,True,94.65,NEGATIVE_MOMENTUM
307,4,81.72,79.39,2.34,83.76,On Track,EW-Prototype-v1,True,94.65,STABLE_OR_IMPROVING
308,4,96.06,95.58,0.48,96.01,Top Performer,EW-Prototype-v1,True,94.65,TOP_DECILE_SCORE;EXEMPLARY_ATTENDANCE
309,4,64.73,64.31,0.43,84.65,Slow Learner,EW-Prototype-v1,True,94.65,PERSISTENT_60_69;LIMITED_IMPROVEMENT;ADEQUATE_ATTENDANCE
310,4,50.8,52.3,-1.5,84.77,At Risk,EW-Prototype-v1,True,94.65,SCORE_BELOW_60
311,4,71.63,74.48,-2.85,83.4,Watch,EW-Prototype-v1,True,94.65,NEGATIVE_MOMENTUM
312,4,81.47,80.87,0.6,84.43,On Track,EW-Prototype-v1,True,94.65,STABLE_OR_IMPROVING
313,4,93.43,93.98,-0.55,93.75,Watch,EW-Prototype-v1,True,94.65,NEGATIVE_MOMENTUM
314,4,64.68,64.23,0.44,92.04,Slow Learner,EW-Prototype-v1,True,94.65,PERSISTENT_60_69;LIMITED_IMPROVEMENT;ADEQUATE_ATTENDANCE
315,4,52.28,52.49,-0.21,85.39,At Risk,EW-Prototype-v1,True,94.65,SCORE_BELOW_60
316,4,71.66,74.45,-2.79,89.47,Watch,EW-Prototype-v1,True,94.65,NEGATIVE_MOMENTUM
317,4,80.84,80.66,0.18,88.89,On Track,EW-Prototype-v1,True,94.65,STABLE_OR_IMPROVING
318,4,94.34,96.35,-2.01,94.95,Watch,EW-Prototype-v1,True,94.65,NEGATIVE_MOMENTUM
319,4,64.61,64.03,0.58,84.28,Slow Learner,EW-Prototype-v1,True,94.65,PERSISTENT_60_69;LIMITED_IMPROVEMENT;ADEQUATE_ATTENDANCE
320,4,50.83,51.78,-0.95,83.19,At Risk,EW-Prototype-v1,True,94.65,SCORE_BELOW_60
321,4,69.96,72.53,-2.57,83.15,Watch,EW-Prototype-v1,True,94.65,NEGATIVE_MOMENTUM
322,4,81.66,79.31,2.35,88.93,On Track,EW-Prototype-v1,True,94.65,STABLE_OR_IMPROVING
323,4,95.19,95.17,0.02,95.58,Top Performer,EW-Prototype-v1,True,94.65,TOP_DECILE_SCORE;EXEMPLARY_ATTENDANCE
324,4,64.73,64.26,0.47,84.21,Slow Learner,EW-Prototype-v1,True,94.65,PERSISTENT_60_69;LIMITED_IMPROVEMENT;ADEQUATE_ATTENDANCE
325,4,51.68,51.66,0.02,85.96,At Risk,EW-Prototype-v1,True,94.65,SCORE_BELOW_60
326,4,71.22,73.46,-2.24,88.32,Watch,EW-Prototype-v1,True,94.65,NEGATIVE_MOMENTUM
327,4,81.31,79.66,1.65,83.87,On Track,EW-Prototype-v1,True,94.65,STABLE_OR_IMPROVING
328,4,95.55,93.63,1.92,93.4,Top Performer,EW-Prototype-v1,True,94.65,TOP_DECILE_SCORE;EXEMPLARY_ATTENDANCE
329,4,64.51,64.07,0.44,90.48,Slow Learner,EW-Prototype-v1,True,94.65,PERSISTENT_60_69;LIMITED_IMPROVEMENT;ADEQUATE_ATTENDANCE
330,4,51.42,51.52,-0.1,84.6,At Risk,EW-Prototype-v1,True,94.65,SCORE_BELOW_60
331,4,70.62,72.9,-2.28,80.36,Watch,EW-Prototype-v1,True,94.65,NEGATIVE_MOMENTUM
332,4,79.88,78.23,1.65,79.6,On Track,EW-Prototype-v1,True,94.65,STABLE_OR_IMPROVING
333,4,93.91,96.0,-2.09,94.07,Watch,EW-Prototype-v1,True,94.65,NEGATIVE_MOMENTUM
334,4,64.5,64.22,0.28,84.74,Slow Learner,EW-Prototype-v1,True,94.65,PERSISTENT_60_69;LIMITED_IMPROVEMENT;ADEQUATE_ATTENDANCE
335,4,51.46,53.09,-1.63,85.87,At Risk,EW-Prototype-v1,True,94.65,SCORE_BELOW_60
336,4,70.52,76.48,-5.97,86.51,Watch,EW-Prototype-v1,True,94.65,NEGATIVE_MOMENTUM
337,4,81.11,82.15,-1.04,83.04,Watch,EW-Prototype-v1,True,94.65,NEGATIVE_MOMENTUM
338,4,97.03,95.46,1.57,92.3,Top Performer,EW-Prototype-v1,True,94.65,TOP_DECILE_SCORE;EXEMPLARY_ATTENDANCE
339,4,64.53,64.09,0.44,83.77,Slow Learner,EW-Prototype-v1,True,94.65,PERSISTENT_60_69;LIMITED_IMPROVEMENT;ADEQUATE_ATTENDANCE
340,4,51.66,50.11,1.55,84.17,At Risk,EW-Prototype-v1,True,94.65,SCORE_BELOW_60
341,4,72.23,72.64,-0.41,84.09,Watch,EW-Prototype-v1,True,94.65,NEGATIVE_MOMENTUM
342,4,80.26,81.88,-1.62,91.12,Watch,EW-Prototype-v1,True,94.65,NEGATIVE_MOMENTUM
343,4,94.58,95.9,-1.32,95.98,Watch,EW-Prototype-v1,True,94.65,NEGATIVE_MOMENTUM
344,4,64.54,64.28,0.26,89.61,Slow Learner,EW-Prototype-v1,True,94.65,PERSISTENT_60_69;LIMITED_IMPROVEMENT;ADEQUATE_ATTENDANCE
345,4,51.74,50.78,0.96,89.53,At Risk,EW-Prototype-v1,True,94.65,SCORE_BELOW_60
346,4,72.14,73.54,-1.4,85.93,Watch,EW-Prototype-v1,True,94.65,NEGATIVE_MOMENTUM
347,4,82.05,78.65,3.4,89.45,On Track,EW-Prototype-v1,True,94.65,STABLE_OR_IMPROVING
348,4,95.47,94.31,1.16,96.69,Top Performer,EW-Prototype-v1,True,94.65,TOP_DECILE_SCORE;EXEMPLARY_ATTENDANCE
349,4,64.71,64.14,0.57,86.13,Slow Learner,EW-Prototype-v1,True,94.65,PERSISTENT_60_69;LIMITED_IMPROVEMENT;ADEQUATE_ATTENDANCE
350,4,51.19,52.41,-1.22,88.53,At Risk,EW-Prototype-v1,True,94.65,SCORE_BELOW_60
351,4,70.94,74.39,-3.45,85.45,Watch,EW-Prototype-v1,True,94.65,NEGATIVE_MOMENTUM
352,4,80.27,80.82,-0.55,87.66,Watch,EW-Prototype-v1,True,94.65,NEGATIVE_MOMENTUM
353,4,95.62,95.12,0.5,95.84,Top Performer,EW-Prototype-v1,True,94.65,TOP_DECILE_SCORE;EXEMPLARY_ATTENDANCE
354,4,64.64,64.07,0.57,84.39,Slow Learner,EW-Prototype-v1,True,94.65,PERSISTENT_60_69;LIMITED_IMPROVEMENT;ADEQUATE_ATTENDANCE
355,4,51.54,53.09,-1.55,88.13,At Risk,EW-Prototype-v1,True,94.65,SCORE_BELOW_60
356,4,69.86,73.74,-3.89,89.4,Watch,EW-Prototype-v1,True,94.65,NEGATIVE_MOMENTUM
357,4,81.9,80.02,1.89,86.16,On Track,EW-Prototype-v1,True,94.65,STABLE_OR_IMPROVING
358,4,94.99,94.37,0.63,95.65,Top Performer,EW-Prototype-v1,True,94.65,TOP_DECILE_SCORE;EXEMPLARY_ATTENDANCE
359,4,64.61,64.01,0.6,87.33,Slow Learner,EW-Prototype-v1,True,94.65,PERSISTENT_60_69;LIMITED_IMPROVEMENT;ADEQUATE_ATTENDANCE
360,4,52.38,54.1,-1.72,81.2,At Risk,EW-Prototype-v1,True,94.65,SCORE_BELOW_60
361,4,69.65,74.45,-4.81,86.11,Watch,EW-Prototype-v1,True,94.65,NEGATIVE_MOMENTUM
362,4,80.22,80.98,-0.76,84.52,Watch,EW-Prototype-v1,True,94.65,NEGATIVE_MOMENTUM
363,4,94.64,94.37,0.27,96.56,On Track,EW-Prototype-v1,True,94.65,STABLE_OR_IMPROVING
364,4,64.68,64.35,0.33,85.33,Slow Learner,EW-Prototype-v1,True,94.65,PERSISTENT_60_69;LIMITED_IMPROVEMENT;ADEQUATE_ATTENDANCE
365,4,53.6,51.33,2.27,85.64,At Risk,EW-Prototype-v1,True,94.65,SCORE_BELOW_60
366,4,70.6,75.0,-4.4,88.32,Watch,EW-Prototype-v1,True,94.65,NEGATIVE_MOMENTUM
367,4,81.21,80.58,0.64,81.99,On Track,EW-Prototype-v1,True,94.65,STABLE_OR_IMPROVING
368,4,94.61,93.65,0.96,95.21,On Track,EW-Prototype-v1,True,94.65,STABLE_OR_IMPROVING
369,4,64.64,64.36,0.28,87.87,Slow Learner,EW-Prototype-v1,True,94.65,PERSISTENT_60_69;LIMITED_IMPROVEMENT;ADEQUATE_ATTENDANCE
370,4,53.87,52.13,1.74,82.4,At Risk,EW-Prototype-v1,True,94.65,SCORE_BELOW_60
371,4,71.9,75.8,-3.9,85.74,Watch,EW-Prototype-v1,True,94.65,NEGATIVE_MOMENTUM
372,4,81.86,78.41,3.45,90.4,On Track,EW-Prototype-v1,True,94.65,STABLE_OR_IMPROVING
373,4,96.07,94.86,1.21,94.1,Top Performer,EW-Prototype-v1,True,94.65,TOP_DECILE_SCORE;EXEMPLARY_ATTENDANCE
374,4,64.74,64.35,0.39,87.98,Slow Learner,EW-Prototype-v1,True,94.65,PERSISTENT_60_69;LIMITED_IMPROVEMENT;ADEQUATE_ATTENDANCE
375,4,52.72,51.51,1.21,89.76,At Risk,EW-Prototype-v1,True,94.65,SCORE_BELOW_60
376,4,70.86,75.09,-4.23,83.69,Watch,EW-Prototype-v1,True,94.65,NEGATIVE_MOMENTUM
377,4,82.14,79.25,2.89,88.31,On Track,EW-Prototype-v1,True,94.65,STABLE_OR_IMPROVING
378,4,95.97,95.64,0.33,93.7,Top Performer,EW-Prototype-v1,True,94.65,TOP_DECILE_SCORE;EXEMPLARY_ATTENDANCE
379,4,64.65,64.12,0.53,87.29,Slow Learner,EW-Prototype-v1,True,94.65,PERSISTENT_60_69;LIMITED_IMPROVEMENT;ADEQUATE_ATTENDANCE
380,4,50.99,52.08,-1.09,82.69,At Risk,EW-Prototype-v1,True,94.65,SCORE_BELOW_60
381,4,71.11,73.43,-2.32,86.32,Watch,EW-Prototype-v1,True,94.65,NEGATIVE_MOMENTUM
382,4,81.78,80.81,0.96,83.01,On Track,EW-Prototype-v1,True,94.65,STABLE_OR_IMPROVING
383,4,94.65,93.63,1.01,95.17,Top Performer,EW-Prototype-v1,True,94.65,TOP_DECILE_SCORE;EXEMPLARY_ATTENDANCE
384,4,64.64,64.19,0.44,89.39,Slow Learner,EW-Prototype-v1,True,94.65,PERSISTENT_60_69;LIMITED_IMPROVEMENT;ADEQUATE_ATTENDANCE
385,4,52.6,51.64,0.96,83.95,At Risk,EW-Prototype-v1,True,94.65,SCORE_BELOW_60
386,4,69.87,75.52,-5.65,84.19,Watch,EW-Prototype-v1,True,94.65,NEGATIVE_MOMENTUM
387,4,82.11,77.95,4.16,86.07,On Track,EW-Prototype-v1,True,94.65,STABLE_OR_IMPROVING
388,4,94.99,95.07,-0.08,93.99,Top Performer,EW-Prototype-v1,True,94.65,TOP_DECILE_SCORE;EXEMPLARY_ATTENDANCE
389,4,64.6,64.17,0.43,86.84,Slow Learner,EW-Prototype-v1,True,94.65,PERSISTENT_60_69;LIMITED_IMPROVEMENT;ADEQUATE_ATTENDANCE
390,4,51.52,52.33,-0.81,82.96,At Risk,EW-Prototype-v1,True,94.65,SCORE_BELOW_60
391,4,70.17,72.73,-2.56,82.62,Watch,EW-Prototype-v1,True,94.65,NEGATIVE_MOMENTUM
392,4,80.8,81.57,-0.78,87.57,Watch,EW-Prototype-v1,True,94.65,NEGATIVE_MOMENTUM
393,4,94.43,95.76,-1.33,94.74,Watch,EW-Prototype-v1,True,94.65,NEGATIVE_MOMENTUM
394,4,64.67,64.28,0.39,84.38,Slow Learner,EW-Prototype-v1,True,94.65,PERSISTENT_60_69;LIMITED_IMPROVEMENT;ADEQUATE_ATTENDANCE
395,4,52.5,51.13,1.37,81.49,At Risk,EW-Prototype-v1,True,94.65,SCORE_BELOW_60
396,4,71.03,73.74,-2.71,86.48,Watch,EW-Prototype-v1,True,94.65,NEGATIVE_MOMENTUM
397,4,80.49,79.94,0.55,85.27,On Track,EW-Prototype-v1,True,94.65,STABLE_OR_IMPROVING
398,4,94.29,95.23,-0.94,93.96,Watch,EW-Prototype-v1,True,94.65,NEGATIVE_MOMENTUM
399,4,64.67,64.2,0.47,87.75,Slow Learner,EW-Prototype-v1,True,94.65,PERSISTENT_60_69;LIMITED_IMPROVEMENT;ADEQUATE_ATTENDANCE
400,4,50.82,51.01,-0.2,88.46,At Risk,EW-Prototype-v1,True,94.65,SCORE_BELOW_60
401,4,70.77,72.1,-1.33,82.09,Watch,EW-Prototype-v1,True,94.65,NEGATIVE_MOMENTUM
402,4,81.25,78.31,2.94,80.49,On Track,EW-Prototype-v1,True,94.65,STABLE_OR_IMPROVING
403,4,94.55,94.67,-0.12,91.62,Watch,EW-Prototype-v1,True,94.65,NEGATIVE_MOMENTUM
404,4,64.43,64.31,0.13,85.0,Slow Learner,EW-Prototype-v1,True,94.65,PERSISTENT_60_69;LIMITED_IMPROVEMENT;ADEQUATE_ATTENDANCE
405,4,51.36,52.82,-1.46,86.73,At Risk,EW-Prototype-v1,True,94.65,SCORE_BELOW_60
406,4,70.18,73.9,-3.73,84.61,Watch,EW-Prototype-v1,True,94.65,NEGATIVE_MOMENTUM
407,4,80.86,79.27,1.59,82.79,On Track,EW-Prototype-v1,True,94.65,STABLE_OR_IMPROVING
408,4,95.67,94.96,0.71,94.68,Top Performer,EW-Prototype-v1,True,94.65,TOP_DECILE_SCORE;EXEMPLARY_ATTENDANCE
409,4,64.4,64.19,0.21,86.05,Slow Learner,EW-Prototype-v1,True,94.65,PERSISTENT_60_69;LIMITED_IMPROVEMENT;ADEQUATE_ATTENDANCE
410,4,51.3,52.26,-0.96,87.7,At Risk,EW-Prototype-v1,True,94.65,SCORE_BELOW_60
411,4,70.23,71.65,-1.42,84.18,Watch,EW-Prototype-v1,True,94.65,NEGATIVE_MOMENTUM
412,4,79.11,79.34,-0.23,86.01,Watch,EW-Prototype-v1,True,94.65,NEGATIVE_MOMENTUM
413,4,95.4,94.04,1.35,93.93,Top Performer,EW-Prototype-v1,True,94.65,TOP_DECILE_SCORE;EXEMPLARY_ATTENDANCE
414,4,64.48,64.37,0.11,87.09,Slow Learner,EW-Prototype-v1,True,94.65,PERSISTENT_60_69;LIMITED_IMPROVEMENT;ADEQUATE_ATTENDANCE
415,4,51.64,52.69,-1.05,86.42,At Risk,EW-Prototype-v1,True,94.65,SCORE_BELOW_60
416,4,70.19,73.02,-2.83,84.54,Watch,EW-Prototype-v1,True,94.65,NEGATIVE_MOMENTUM
417,4,80.07,80.27,-0.2,86.15,Watch,EW-Prototype-v1,True,94.65,NEGATIVE_MOMENTUM
418,4,94.14,94.34,-0.21,94.58,Watch,EW-Prototype-v1,True,94.65,NEGATIVE_MOMENTUM
419,4,64.59,64.25,0.34,84.84,Slow Learner,EW-Prototype-v1,True,94.65,PERSISTENT_60_69;LIMITED_IMPROVEMENT;ADEQUATE_ATTENDANCE
420,4,53.16,52.02,1.14,85.24,At Risk,EW-Prototype-v1,True,94.65,SCORE_BELOW_60
421,4,69.98,73.6,-3.61,82.52,Watch,EW-Prototype-v1,True,94.65,NEGATIVE_MOMENTUM
422,4,81.56,81.55,0.02,86.02,On Track,EW-Prototype-v1,True,94.65,STABLE_OR_IMPROVING
423,4,94.14,95.33,-1.18,91.77,Watch,EW-Prototype-v1,True,94.65,NEGATIVE_MOMENTUM
424,4,64.57,64.3,0.26,89.62,Slow Learner,EW-Prototype-v1,True,94.65,PERSISTENT_60_69;LIMITED_IMPROVEMENT;ADEQUATE_ATTENDANCE
425,4,51.87,52.34,-0.48,83.66,At Risk,EW-Prototype-v1,True,94.65,SCORE_BELOW_60
426,4,71.75,75.41,-3.66,81.26,Watch,EW-Prototype-v1,True,94.65,NEGATIVE_MOMENTUM
427,4,80.02,79.62,0.4,92.64,On Track,EW-Prototype-v1,True,94.65,STABLE_OR_IMPROVING
428,4,95.9,93.54,2.36,96.22,Top Performer,EW-Prototype-v1,True,94.65,TOP_DECILE_SCORE;EXEMPLARY_ATTENDANCE
429,4,64.66,64.02,0.64,83.93,Slow Learner,EW-Prototype-v1,True,94.65,PERSISTENT_60_69;LIMITED_IMPROVEMENT;ADEQUATE_ATTENDANCE
430,4,53.32,50.22,3.1,79.22,At Risk,EW-Prototype-v1,True,94.65,SCORE_BELOW_60
431,4,70.98,72.03,-1.05,85.01,Watch,EW-Prototype-v1,True,94.65,NEGATIVE_MOMENTUM
432,4,80.21,81.51,-1.3,84.33,Watch,EW-Prototype-v1,True,94.65,NEGATIVE_MOMENTUM
433,4,94.74,95.81,-1.07,94.6,Top Performer,EW-Prototype-v1,True,94.65,TOP_DECILE_SCORE;EXEMPLARY_ATTENDANCE
434,4,64.67,64.03,0.64,85.52,Slow Learner,EW-Prototype-v1,True,94.65,PERSISTENT_60_69;LIMITED_IMPROVEMENT;ADEQUATE_ATTENDANCE
435,4,52.9,52.66,0.24,86.85,At Risk,EW-Prototype-v1,True,94.65,SCORE_BELOW_60
436,4,71.79,73.62,-1.83,92.07,Watch,EW-Prototype-v1,True,94.65,NEGATIVE_MOMENTUM
437,4,80.09,80.74,-0.65,83.5,Watch,EW-Prototype-v1,True,94.65,NEGATIVE_MOMENTUM
438,4,94.32,97.27,-2.95,97.3,Watch,EW-Prototype-v1,True,94.65,NEGATIVE_MOMENTUM
439,4,64.68,64.34,0.34,81.29,Slow Learner,EW-Prototype-v1,True,94.65,PERSISTENT_60_69;LIMITED_IMPROVEMENT;ADEQUATE_ATTENDANCE
440,4,51.71,50.68,1.03,86.87,At Risk,EW-Prototype-v1,True,94.65,SCORE_BELOW_60
441,4,70.4,73.66,-3.25,87.42,Watch,EW-Prototype-v1,True,94.65,NEGATIVE_MOMENTUM
442,4,79.98,79.28,0.7,83.4,On Track,EW-Prototype-v1,True,94.65,STABLE_OR_IMPROVING
443,4,96.5,94.65,1.85,94.49,Top Performer,EW-Prototype-v1,True,94.65,TOP_DECILE_SCORE;EXEMPLARY_ATTENDANCE
444,4,64.73,64.19,0.54,83.99,Slow Learner,EW-Prototype-v1,True,94.65,PERSISTENT_60_69;LIMITED_IMPROVEMENT;ADEQUATE_ATTENDANCE
445,4,51.46,53.29,-1.83,89.02,At Risk,EW-Prototype-v1,True,94.65,SCORE_BELOW_60
446,4,71.73,74.82,-3.09,86.09,Watch,EW-Prototype-v1,True,94.65,NEGATIVE_MOMENTUM
447,4,80.53,80.16,0.37,83.89,On Track,EW-Prototype-v1,True,94.65,STABLE_OR_IMPROVING
448,4,95.54,94.44,1.1,94.22,Top Performer,EW-Prototype-v1,True,94.65,TOP_DECILE_SCORE;EXEMPLARY_ATTENDANCE
449,4,64.57,64.09,0.48,87.28,Slow Learner,EW-Prototype-v1,True,94.65,PERSISTENT_60_69;LIMITED_IMPROVEMENT;ADEQUATE_ATTENDANCE
450,4,51.16,52.02,-0.86,80.6,At Risk,EW-Prototype-v1,True,94.65,SCORE_BELOW_60
451,4,71.33,74.87,-3.53,82.92,Watch,EW-Prototype-v1,True,94.65,NEGATIVE_MOMENTUM
452,4,80.06,78.42,1.64,87.84,On Track,EW-Prototype-v1,True,94.65,STABLE_OR_IMPROVING
453,4,94.91,94.93,-0.02,91.95,Top Performer,EW-Prototype-v1,True,94.65,TOP_DECILE_SCORE;EXEMPLARY_ATTENDANCE
454,4,64.6,64.19,0.41,84.68,Slow Learner,EW-Prototype-v1,True,94.65,PERSISTENT_60_69;LIMITED_IMPROVEMENT;ADEQUATE_ATTENDANCE
455,4,53.49,52.62,0.87,87.91,At Risk,EW-Prototype-v1,True,94.65,SCORE_BELOW_60
456,4,72.24,73.03,-0.79,84.8,Watch,EW-Prototype-v1,True,94.65,NEGATIVE_MOMENTUM
457,4,81.31,79.19,2.12,82.79,On Track,EW-Prototype-v1,True,94.65,STABLE_OR_IMPROVING
458,4,94.27,93.61,0.66,93.21,On Track,EW-Prototype-v1,True,94.65,STABLE_OR_IMPROVING
459,4,64.47,64.06,0.41,83.61,Slow Learner,EW-Prototype-v1,True,94.65,PERSISTENT_60_69;LIMITED_IMPROVEMENT;ADEQUATE_ATTENDANCE
460,4,51.89,50.68,1.21,88.68,At Risk,EW-Prototype-v1,True,94.65,SCORE_BELOW_60
461,4,70.86,72.58,-1.72,86.17,Watch,EW-Prototype-v1,True,94.65,NEGATIVE_MOMENTUM
462,4,79.96,79.57,0.39,83.22,On Track,EW-Prototype-v1,True,94.65,STABLE_OR_IMPROVING
463,4,93.75,96.7,-2.95,92.58,Watch,EW-Prototype-v1,True,94.65,NEGATIVE_MOMENTUM
464,4,64.65,64.19,0.47,85.74,Slow Learner,EW-Prototype-v1,True,94.65,PERSISTENT_60_69;LIMITED_IMPROVEMENT;ADEQUATE_ATTENDANCE
465,4,52.06,51.55,0.51,80.63,At Risk,EW-Prototype-v1,True,94.65,SCORE_BELOW_60
466,4,72.08,72.27,-0.19,83.87,Watch,EW-Prototype-v1,True,94.65,NEGATIVE_MOMENTUM
467,4,80.82,79.72,1.1,82.02,On Track,EW-Prototype-v1,True,94.65,STABLE_OR_IMPROVING
468,4,93.6,95.25,-1.65,92.07,Watch,EW-Prototype-v1,True,94.65,NEGATIVE_MOMENTUM
469,4,64.48,64.19,0.29,90.14,Slow Learner,EW-Prototype-v1,True,94.65,PERSISTENT_60_69;LIMITED_IMPROVEMENT;ADEQUATE_ATTENDANCE
470,4,52.36,52.15,0.21,82.97,At Risk,EW-Prototype-v1,True,94.65,SCORE_BELOW_60
471,4,69.91,71.86,-1.95,88.97,Watch,EW-Prototype-v1,True,94.65,NEGATIVE_MOMENTUM
472,4,80.06,81.04,-0.98,87.29,Watch,EW-Prototype-v1,True,94.65,NEGATIVE_MOMENTUM
473,4,92.93,95.26,-2.34,94.15,Watch,EW-Prototype-v1,True,94.65,NEGATIVE_MOMENTUM
474,4,64.65,64.11,0.54,85.05,Slow Learner,EW-Prototype-v1,True,94.65,PERSISTENT_60_69;LIMITED_IMPROVEMENT;ADEQUATE_ATTENDANCE
475,4,52.68,51.3,1.38,84.87,At Risk,EW-Prototype-v1,True,94.65,SCORE_BELOW_60
476,4,71.94,74.37,-2.43,86.6,Watch,EW-Prototype-v1,True,94.65,NEGATIVE_MOMENTUM
477,4,79.86,77.91,1.94,85.04,On Track,EW-Prototype-v1,True,94.65,STABLE_OR_IMPROVING
478,4,94.46,93.92,0.54,97.69,On Track,EW-Prototype-v1,True,94.65,STABLE_OR_IMPROVING
479,4,64.48,64.15,0.33,83.82,Slow Learner,EW-Prototype-v1,True,94.65,PERSISTENT_60_69;LIMITED_IMPROVEMENT;ADEQUATE_ATTENDANCE
480,4,52.47,51.12,1.34,79.86,At Risk,EW-Prototype-v1,True,94.65,SCORE_BELOW_60
