performance_id,student_id,class_id,subject_id,term_id,score,attendance
1,1,1,1,1,77.71,86.04
2,1,1,2,1,80.07,91.76
3,1,1,3,1,77.62,81.57
4,1,1,1,2,77.61,86.9
5,1,1,2,2,78.7,86.76
6,1,1,3,2,78.38,90.29
7,1,1,1,3,75.51,87.38
8,1,1,2,3,72.44,87.83
9,1,1,3,3,71.66,91.07
10,1,1,1,4,70.7,91.04
11,1,1,2,4,72.11,88.87
12,1,1,3,4,69.26,82.02
13,2,1,1,1,80.88,92.87
14,2,1,2,1,79.83,93.99
15,2,1,3,1,78.08,79.22
16,2,1,1,2,78.04,86.92
17,2,1,2,2,77.75,85.32
18,2,1,3,2,81.26,89.26
19,2,1,1,3,80.46,78.4
20,2,1,2,3,81.27,83.82
21,2,1,3,3,79.53,84.38
22,2,1,1,4,81.51,85.98
23,2,1,2,4,78.7,86.1
24,2,1,3,4,82.5,87.6
25,3,1,1,1,94.95,98.25
26,3,1,2,1,93.55,93.78
27,3,1,3,1,97.56,94.31
28,3,1,1,2,95.11,90.23
29,3,1,2,2,93.35,91.16
30,3,1,3,2,92.29,96.34
31,3,1,1,3,97.32,90.92
32,3,1,2,3,95.73,94.23
33,3,1,3,3,94.89,92.06
34,3,1,1,4,97.32,95.64
35,3,1,2,4,94.74,94.22
36,3,1,3,4,97.58,98.89
37,4,1,1,1,63.43,86.96
38,4,1,2,1,63.5,82.92
39,4,1,3,1,63.58,86.03
40,4,1,1,2,63.79,92.15
41,4,1,2,2,63.76,82.71
42,4,1,3,2,63.66,78.53
43,4,1,1,3,64.29,87.56
44,4,1,2,3,64.17,86.37
45,4,1,3,3,64.19,92.74
46,4,1,1,4,64.46,85.77
47,4,1,2,4,64.61,91.22
48,4,1,3,4,64.78,86.93
49,5,1,1,1,54.44,91.3
50,5,1,2,1,50.9,92.67
51,5,1,3,1,49.59,89.03
52,5,1,1,2,53.71,86.24
53,5,1,2,2,51.72,93.44
54,5,1,3,2,54.8,91.48
55,5,1,1,3,51.87,79.03
56,5,1,2,3,50.6,85.97
57,5,1,3,3,49.58,89.96
58,5,1,1,4,51.47,85.19
59,5,1,2,4,49.08,78.0
60,5,1,3,4,52.48,92.91
61,6,1,1,1,77.5,90.7
62,6,1,2,1,78.49,87.94
63,6,1,3,1,81.51,93.3
64,6,1,1,2,78.01,88.17
65,6,1,2,2,74.93,83.02
66,6,1,3,2,77.5,90.31
67,6,1,1,3,76.7,85.87
68,6,1,2,3,75.32,80.16
69,6,1,3,3,72.34,87.41
70,6,1,1,4,73.75,92.02
71,6,1,2,4,71.03,79.35
72,6,1,3,4,72.01,92.96
73,7,1,1,1,79.7,92.64
74,7,1,2,1,76.84,84.59
75,7,1,3,1,79.85,86.32
76,7,1,1,2,77.18,78.23
77,7,1,2,2,76.64,92.2
78,7,1,3,2,76.31,83.55
79,7,1,1,3,79.12,90.31
80,7,1,2,3,77.15,86.17
81,7,1,3,3,78.97,82.86
82,7,1,1,4,79.96,79.94
83,7,1,2,4,83.69,87.15
84,7,1,3,4,82.83,80.46
85,8,1,1,1,95.12,93.9
86,8,1,2,1,94.02,95.38
87,8,1,3,1,96.07,90.63
88,8,1,1,2,94.39,91.76
89,8,1,2,2,97.53,90.41
90,8,1,3,2,95.27,97.55
91,8,1,1,3,94.71,96.79
92,8,1,2,3,93.13,96.4
93,8,1,3,3,97.27,91.16
94,8,1,1,4,95.18,97.07
95,8,1,2,4,95.1,98.61
96,8,1,3,4,92.96,97.6
97,9,1,1,1,63.33,84.81
98,9,1,2,1,63.35,79.26
99,9,1,3,1,63.28,83.51
100,9,1,1,2,63.66,85.96
101,9,1,2,2,63.97,84.65
102,9,1,3,2,63.78,83.21
103,9,1,1,3,64.19,79.92
104,9,1,2,3,64.38,90.75
105,9,1,3,3,64.39,91.57
106,9,1,1,4,64.44,93.26
107,9,1,2,4,64.83,88.33
108,9,1,3,4,64.54,90.53
109,10,1,1,1,54.1,88.73
110,10,1,2,1,54.77,83.63
111,10,1,3,1,49.94,86.99
112,10,1,1,2,52.43,86.61
113,10,1,2,2,49.66,89.46
114,10,1,3,2,52.33,87.09
115,10,1,1,3,50.29,82.72
116,10,1,2,3,50.61,86.89
117,10,1,3,3,49.61,82.22
118,10,1,1,4,54.73,80.74
119,10,1,2,4,53.11,90.15
120,10,1,3,4,53.33,80.97
121,11,1,1,1,80.78,86.11
122,11,1,2,1,78.66,91.4
123,11,1,3,1,78.75,83.03
124,11,1,1,2,75.57,79.01
125,11,1,2,2,76.47,92.37
126,11,1,3,2,78.66,84.63
127,11,1,1,3,71.09,79.54
128,11,1,2,3,71.14,79.97
129,11,1,3,3,75.11,87.22
130,11,1,1,4,73.62,83.6
131,11,1,2,4,72.68,87.72
132,11,1,3,4,71.93,87.84
133,12,1,1,1,80.55,83.06
134,12,1,2,1,76.29,85.4
135,12,1,3,1,80.87,92.05
136,12,1,1,2,80.12,91.78
137,12,1,2,2,80.09,92.78
138,12,1,3,2,78.33,93.15
139,12,1,1,3,79.14,89.77
140,12,1,2,3,79.62,78.38
141,12,1,3,3,81.17,82.63
142,12,1,1,4,83.75,90.8
143,12,1,2,4,78.73,90.29
144,12,1,3,4,79.91,92.45
145,13,1,1,1,95.25,93.08
146,13,1,2,1,95.37,96.5
147,13,1,3,1,92.68,95.57
148,13,1,1,2,92.71,91.13
149,13,1,2,2,94.12,95.83
150,13,1,3,2,95.93,90.26
151,13,1,1,3,95.47,93.2
152,13,1,2,3,94.3,92.15
153,13,1,3,3,94.53,91.98
154,13,1,1,4,92.75,94.89
155,13,1,2,4,95.97,98.41
156,13,1,3,4,96.1,93.57
157,14,1,1,1,63.25,80.36
158,14,1,2,1,63.11,82.43
159,14,1,3,1,63.39,82.22
160,14,1,1,2,63.69,93.11
161,14,1,2,2,63.86,91.43
162,14,1,3,2,63.83,88.4
163,14,1,1,3,64.48,86.22
164,14,1,2,3,64.06,88.13
165,14,1,3,3,64.35,83.08
166,14,1,1,4,64.69,78.18
167,14,1,2,4,64.89,85.53
168,14,1,3,4,64.88,88.87
169,15,1,1,1,54.17,92.84
170,15,1,2,1,54.44,84.39
171,15,1,3,1,54.86,93.22
172,15,1,1,2,50.4,91.26
173,15,1,2,2,51.06,81.22
174,15,1,3,2,51.15,88.19
175,15,1,1,3,52.29,85.59
176,15,1,2,3,53.73,87.29
177,15,1,3,3,50.13,88.05
178,15,1,1,4,49.92,92.3
179,15,1,2,4,54.7,91.02
180,15,1,3,4,54.01,89.24
181,16,1,1,1,81.77,88.23
182,16,1,2,1,77.51,83.96
183,16,1,3,1,81.39,80.21
184,16,1,1,2,78.44,93.98
185,16,1,2,2,74.11,81.47
186,16,1,3,2,79.09,87.32
187,16,1,1,3,74.44,93.29
188,16,1,2,3,73.28,93.41
189,16,1,3,3,74.1,88.3
190,16,1,1,4,68.95,86.14
191,16,1,2,4,68.51,89.72
192,16,1,3,4,70.0,82.18
193,17,1,1,1,75.25,87.48
194,17,1,2,1,79.72,80.6
195,17,1,3,1,76.76,86.66
196,17,1,1,2,78.14,93.56
197,17,1,2,2,77.13,89.95
198,17,1,3,2,76.06,87.7
199,17,1,1,3,79.88,84.76
200,17,1,2,3,81.87,92.43
201,17,1,3,3,82.87,93.95
202,17,1,1,4,79.03,86.26
203,17,1,2,4,79.08,86.63
204,17,1,3,4,78.98,92.2
205,18,1,1,1,95.09,97.94
206,18,1,2,1,95.86,90.02
207,18,1,3,1,94.25,93.31
208,18,1,1,2,93.3,91.39
209,18,1,2,2,95.66,91.14
210,18,1,3,2,97.91,94.36
211,18,1,1,3,97.24,96.54
212,18,1,2,3,94.29,95.55
213,18,1,3,3,95.89,93.13
214,18,1,1,4,97.46,91.09
215,18,1,2,4,95.11,97.46
216,18,1,3,4,96.1,94.1
217,19,1,1,1,63.45,79.32
218,19,1,2,1,63.57,79.41
219,19,1,3,1,63.4,82.99
220,19,1,1,2,63.95,81.62
221,19,1,2,2,63.7,86.1
222,19,1,3,2,63.7,92.51
223,19,1,1,3,64.33,91.72
224,19,1,2,3,64.14,80.83
225,19,1,3,3,64.38,81.52
226,19,1,1,4,64.71,83.58
227,19,1,2,4,64.77,84.56
228,19,1,3,4,64.78,84.11
229,20,1,1,1,49.93,89.89
230,20,1,2,1,52.94,80.04
231,20,1,3,1,50.61,91.37
232,20,1,1,2,50.92,91.46
233,20,1,2,2,51.67,80.33
234,20,1,3,2,52.76,81.75
235,20,1,1,3,54.83,86.98
236,20,1,2,3,49.74,82.7
237,20,1,3,3,51.75,84.42
238,20,1,1,4,49.13,89.46
239,20,1,2,4,53.04,83.39
240,20,1,3,4,53.08,92.77
241,21,1,1,1,82.45,91.56
242,21,1,2,1,82.72,88.68
243,21,1,3,1,80.28,81.36
244,21,1,1,2,76.11,83.29
245,21,1,2,2,79.54,89.59
246,21,1,3,2,74.06,86.94
247,21,1,1,3,72.51,83.34
248,21,1,2,3,74.87,84.63
249,21,1,3,3,75.67,85.62
250,21,1,1,4,73.34,83.42
251,21,1,2,4,68.22,81.52
252,21,1,3,4,68.73,91.63
253,22,1,1,1,76.61,78.28
254,22,1,2,1,76.26,85.31
255,22,1,3,1,76.66,88.08
256,22,1,1,2,76.47,89.08
257,22,1,2,2,79.23,78.18
258,22,1,3,2,76.57,83.28
259,22,1,1,3,78.32,85.42
260,22,1,2,3,80.64,80.73
261,22,1,3,3,78.86,87.08
262,22,1,1,4,82.27,88.9
263,22,1,2,4,81.35,79.73
264,22,1,3,4,79.63,84.71
265,23,1,1,1,93.11,96.61
266,23,1,2,1,97.93,98.9
267,23,1,3,1,97.46,95.92
268,23,1,1,2,94.05,93.13
269,23,1,2,2,95.64,92.3
270,23,1,3,2,97.3,97.55
271,23,1,1,3,92.22,94.41
272,23,1,2,3,92.13,97.28
273,23,1,3,3,93.52,96.79
274,23,1,1,4,93.19,92.46
275,23,1,2,4,97.05,93.6
276,23,1,3,4,93.31,90.49
277,24,1,1,1,63.35,79.03
278,24,1,2,1,63.53,88.58
279,24,1,3,1,63.51,90.25
280,24,1,1,2,63.68,85.72
281,24,1,2,2,63.55,86.15
282,24,1,3,2,63.81,83.2
283,24,1,1,3,64.09,83.43
284,24,1,2,3,64.01,93.82
285,24,1,3,3,64.42,80.79
286,24,1,1,4,64.45,93.16
287,24,1,2,4,64.82,86.33
288,24,1,3,4,64.53,79.7
289,25,1,1,1,52.66,81.44
290,25,1,2,1,51.78,81.35
291,25,1,3,1,52.05,86.43
292,25,1,1,2,52.08,90.67
293,25,1,2,2,50.62,91.98
294,25,1,3,2,51.93,86.94
295,25,1,1,3,54.04,83.21
296,25,1,2,3,54.98,84.27
297,25,1,3,3,52.69,86.63
298,25,1,1,4,49.91,86.82
299,25,1,2,4,54.88,89.66
300,25,1,3,4,49.79,91.05
301,26,1,1,1,80.94,78.98
302,26,1,2,1,81.0,78.55
303,26,1,3,1,81.74,93.06
304,26,1,1,2,75.07,82.28
305,26,1,2,2,77.24,83.71
306,26,1,3,2,76.74,80.99
307,26,1,1,3,71.32,80.97
308,26,1,2,3,71.92,88.26
309,26,1,3,3,73.94,86.74
310,26,1,1,4,68.17,81.53
311,26,1,2,4,70.18,86.68
312,26,1,3,4,70.79,89.95
313,27,1,1,1,75.93,83.19
314,27,1,2,1,79.29,78.64
315,27,1,3,1,75.05,79.51
316,27,1,1,2,79.52,89.27
317,27,1,2,2,80.88,82.12
318,27,1,3,2,80.54,80.62
319,27,1,1,3,78.15,91.06
320,27,1,2,3,79.54,84.93
321,27,1,3,3,82.0,80.73
322,27,1,1,4,79.35,93.49
323,27,1,2,4,79.28,80.54
324,27,1,3,4,83.95,84.75
325,28,1,1,1,94.54,97.71
326,28,1,2,1,96.23,98.72
327,28,1,3,1,95.78,93.96
328,28,1,1,2,97.69,95.46
329,28,1,2,2,92.55,98.07
330,28,1,3,2,96.43,91.04
331,28,1,1,3,92.47,96.43
332,28,1,2,3,95.73,91.42
333,28,1,3,3,93.03,95.77
334,28,1,1,4,93.14,98.53
335,28,1,2,4,97.9,90.27
336,28,1,3,4,97.83,95.83
337,29,1,1,1,63.65,90.63
338,29,1,2,1,63.27,83.84
339,29,1,3,1,63.11,86.34
340,29,1,1,2,64.03,91.45
341,29,1,2,2,63.79,80.21
342,29,1,3,2,63.98,86.95
343,29,1,1,3,64.48,85.3
344,29,1,2,3,64.27,87.49
345,29,1,3,3,64.46,88.72
346,29,1,1,4,64.5,82.08
347,29,1,2,4,64.71,85.38
348,29,1,3,4,64.51,91.22
349,30,1,1,1,52.15,86.48
350,30,1,2,1,49.59,82.42
351,30,1,3,1,49.22,87.44
352,30,1,1,2,49.42,92.76
353,30,1,2,2,52.39,84.18
354,30,1,3,2,52.87,87.2
355,30,1,1,3,51.74,85.66
356,30,1,2,3,49.13,92.37
357,30,1,3,3,49.81,79.68
358,30,1,1,4,49.55,86.56
359,30,1,2,4,50.53,93.55
360,30,1,3,4,53.49,79.14
361,31,1,1,1,80.61,79.91
362,31,1,2,1,82.78,92.48
363,31,1,3,1,81.3,82.91
364,31,1,1,2,76.82,83.16
365,31,1,2,2,79.38,89.05
366,31,1,3,2,76.4,86.23
367,31,1,1,3,76.09,84.7
368,31,1,2,3,73.93,87.53
369,31,1,3,3,73.63,90.3
370,31,1,1,4,71.53,87.45
371,31,1,2,4,70.9,78.26
372,31,1,3,4,73.67,84.16
373,32,1,1,1,75.2,85.45
374,32,1,2,1,75.84,81.86
375,32,1,3,1,78.13,82.28
376,32,1,1,2,78.59,89.76
377,32,1,2,2,76.16,87.64
378,32,1,3,2,79.12,93.25
379,32,1,1,3,77.73,83.9
380,32,1,2,3,78.3,79.22
381,32,1,3,3,78.02,84.49
382,32,1,1,4,78.67,79.69
383,32,1,2,4,83.94,84.41
384,32,1,3,4,78.03,81.15
385,33,1,1,1,93.58,97.2
386,33,1,2,1,95.15,98.21
387,33,1,3,1,92.51,91.51
388,33,1,1,2,97.47,91.97
389,33,1,2,2,97.05,97.23
390,33,1,3,2,95.37,98.09
391,33,1,1,3,95.3,90.32
392,33,1,2,3,97.76,98.81
393,33,1,3,3,96.16,97.57
394,33,1,1,4,95.09,98.41
395,33,1,2,4,97.74,98.12
396,33,1,3,4,97.8,95.85
397,34,1,1,1,63.68,78.75
398,34,1,2,1,63.15,88.43
399,34,1,3,1,63.27,78.12
400,34,1,1,2,63.87,78.7
401,34,1,2,2,64.05,79.14
402,34,1,3,2,63.92,86.74
403,34,1,1,3,64.23,86.27
404,34,1,2,3,64.22,85.92
405,34,1,3,3,63.93,83.63
406,34,1,1,4,64.62,85.42
407,34,1,2,4,64.45,78.24
408,34,1,3,4,64.53,79.43
409,35,1,1,1,53.05,80.86
410,35,1,2,1,50.42,86.95
411,35,1,3,1,52.03,83.39
412,35,1,1,2,50.67,88.34
413,35,1,2,2,50.01,79.48
414,35,1,3,2,51.07,89.97
415,35,1,1,3,49.78,93.04
416,35,1,2,3,54.18,90.46
417,35,1,3,3,53.94,85.59
418,35,1,1,4,53.16,88.99
419,35,1,2,4,50.93,85.92
420,35,1,3,4,49.69,78.02
421,36,1,1,1,79.28,93.45
422,36,1,2,1,79.99,84.7
423,36,1,3,1,80.4,86.2
424,36,1,1,2,76.14,89.88
425,36,1,2,2,77.55,88.4
426,36,1,3,2,75.43,84.04
427,36,1,1,3,72.47,82.86
428,36,1,2,3,75.05,88.88
429,36,1,3,3,74.4,82.91
430,36,1,1,4,71.19,93.56
431,36,1,2,4,70.06,89.78
432,36,1,3,4,72.29,87.44
433,37,1,1,1,76.46,85.54
434,37,1,2,1,80.65,87.72
435,37,1,3,1,78.02,88.59
436,37,1,1,2,76.68,80.03
437,37,1,2,2,79.68,82.98
438,37,1,3,2,78.45,82.03
439,37,1,1,3,79.67,82.73
440,37,1,2,3,77.9,88.14
441,37,1,3,3,77.03,87.4
442,37,1,1,4,78.58,91.31
443,37,1,2,4,80.66,79.09
444,37,1,3,4,80.31,82.38
445,38,1,1,1,96.62,96.55
446,38,1,2,1,96.99,92.26
447,38,1,3,1,96.44,93.69
448,38,1,1,2,93.78,92.82
449,38,1,2,2,93.01,95.51
450,38,1,3,2,92.18,91.92
451,38,1,1,3,96.19,96.41
452,38,1,2,3,96.56,93.63
453,38,1,3,3,97.21,95.98
454,38,1,1,4,93.0,90.91
455,38,1,2,4,94.31,95.41
456,38,1,3,4,95.87,93.55
457,39,1,1,1,63.47,82.85
458,39,1,2,1,63.43,93.53
459,39,1,3,1,63.52,83.56
460,39,1,1,2,64.05,81.88
461,39,1,2,2,63.81,78.6
462,39,1,3,2,63.87,81.13
463,39,1,1,3,64.0,84.89
464,39,1,2,3,64.25,85.12
465,39,1,3,3,64.13,85.95
466,39,1,1,4,64.34,82.91
467,39,1,2,4,64.32,87.55
468,39,1,3,4,64.5,82.77
469,40,1,1,1,51.48,93.74
470,40,1,2,1,52.78,86.56
471,40,1,3,1,53.98,93.14
472,40,1,1,2,50.71,88.64
473,40,1,2,2,54.74,86.1
474,40,1,3,2,53.99,83.61
475,40,1,1,3,51.34,81.53
476,40,1,2,3,51.53,84.87
477,40,1,3,3,52.74,92.55
478,40,1,1,4,54.12,90.81
479,40,1,2,4,52.36,84.05
480,40,1,3,4,54.18,91.84
481,41,1,1,1,77.17,81.78
482,41,1,2,1,78.05,87.88
483,41,1,3,1,79.84,91.02
484,41,1,1,2,76.61,81.03
485,41,1,2,2,74.19,79.35
486,41,1,3,2,74.61,81.48
487,41,1,1,3,71.74,87.62
488,41,1,2,3,74.82,93.9
489,41,1,3,3,74.76,84.66
490,41,1,1,4,69.93,92.36
491,41,1,2,4,68.58,79.06
492,41,1,3,4,70.05,80.41
493,42,1,1,1,78.76,79.59
494,42,1,2,1,75.63,91.09
495,42,1,3,1,80.25,86.87
496,42,1,1,2,78.91,87.51
497,42,1,2,2,76.75,83.54
498,42,1,3,2,76.9,85.46
499,42,1,1,3,82.13,79.59
500,42,1,2,3,82.99,90.73
501,42,1,3,3,79.54,93.16
502,42,1,1,4,78.55,88.97
503,42,1,2,4,80.54,93.86
504,42,1,3,4,80.65,78.98
505,43,1,1,1,94.85,96.72
506,43,1,2,1,97.99,93.67
507,43,1,3,1,94.57,90.62
508,43,1,1,2,96.28,94.72
509,43,1,2,2,94.55,93.15
510,43,1,3,2,93.01,97.71
511,43,1,1,3,95.62,97.12
512,43,1,2,3,93.55,97.21
513,43,1,3,3,96.72,96.25
514,43,1,1,4,94.19,96.77
515,43,1,2,4,94.46,95.7
516,43,1,3,4,95.47,95.56
517,44,1,1,1,63.29,91.73
518,44,1,2,1,63.62,82.97
519,44,1,3,1,63.54,87.68
520,44,1,1,2,63.61,84.7
521,44,1,2,2,63.52,87.75
522,44,1,3,2,63.82,82.64
523,44,1,1,3,64.34,91.91
524,44,1,2,3,64.02,92.92
525,44,1,3,3,64.34,85.07
526,44,1,1,4,64.51,86.28
527,44,1,2,4,64.87,82.98
528,44,1,3,4,64.82,81.95
529,45,1,1,1,54.51,87.61
530,45,1,2,1,51.03,83.09
531,45,1,3,1,54.53,88.21
532,45,1,1,2,52.97,84.5
533,45,1,2,2,51.55,85.39
534,45,1,3,2,51.26,79.7
535,45,1,1,3,51.24,91.18
536,45,1,2,3,51.58,88.88
537,45,1,3,3,52.51,87.11
538,45,1,1,4,51.15,90.17
539,45,1,2,4,51.32,83.61
540,45,1,3,4,50.51,85.68
541,46,1,1,1,79.16,85.46
542,46,1,2,1,80.62,91.82
543,46,1,3,1,78.76,93.61
544,46,1,1,2,78.76,79.86
545,46,1,2,2,75.99,82.19
546,46,1,3,2,75.8,91.84
547,46,1,1,3,75.26,78.04
548,46,1,2,3,72.31,79.25
549,46,1,3,3,72.06,89.34
550,46,1,1,4,73.61,93.38
551,46,1,2,4,71.24,79.65
552,46,1,3,4,71.68,86.26
553,47,1,1,1,78.7,82.63
554,47,1,2,1,75.65,84.69
555,47,1,3,1,75.7,93.97
556,47,1,1,2,81.45,90.71
557,47,1,2,2,76.43,87.43
558,47,1,3,2,80.41,84.21
559,47,1,1,3,77.82,93.52
560,47,1,2,3,80.37,78.38
561,47,1,3,3,81.62,82.59
562,47,1,1,4,83.53,86.91
563,47,1,2,4,83.01,85.06
564,47,1,3,4,83.58,84.63
565,48,1,1,1,92.9,95.76
566,48,1,2,1,97.91,91.48
567,48,1,3,1,94.38,90.44
568,48,1,1,2,94.72,95.17
569,48,1,2,2,96.93,93.97
570,48,1,3,2,95.82,97.06
571,48,1,1,3,93.72,97.03
572,48,1,2,3,96.78,93.87
573,48,1,3,3,93.62,96.66
574,48,1,1,4,95.14,91.36
575,48,1,2,4,93.93,96.87
576,48,1,3,4,96.14,90.28
577,49,1,1,1,63.16,85.46
578,49,1,2,1,63.15,84.25
579,49,1,3,1,63.14,93.91
580,49,1,1,2,63.72,88.72
581,49,1,2,2,63.67,81.5
582,49,1,3,2,63.7,79.49
583,49,1,1,3,64.22,79.78
584,49,1,2,3,64.23,89.04
585,49,1,3,3,64.18,83.56
586,49,1,1,4,64.77,80.2
587,49,1,2,4,64.39,86.84
588,49,1,3,4,64.71,84.25
589,50,1,1,1,52.53,85.53
590,50,1,2,1,50.15,90.16
591,50,1,3,1,54.63,85.58
592,50,1,1,2,54.46,87.52
593,50,1,2,2,52.74,82.59
594,50,1,3,2,54.89,86.55
595,50,1,1,3,54.93,83.52
596,50,1,2,3,54.61,89.5
597,50,1,3,3,51.84,92.75
598,50,1,1,4,54.5,80.43
599,50,1,2,4,51.73,92.23
600,50,1,3,4,54.69,89.42
601,51,1,1,1,78.25,79.98
602,51,1,2,1,82.81,91.15
603,51,1,3,1,77.43,83.06
604,51,1,1,2,75.79,93.54
605,51,1,2,2,78.21,91.33
606,51,1,3,2,79.56,82.66
607,51,1,1,3,73.61,92.02
608,51,1,2,3,74.92,92.99
609,51,1,3,3,71.07,93.75
610,51,1,1,4,69.21,88.02
611,51,1,2,4,69.91,82.05
612,51,1,3,4,73.87,91.41
613,52,1,1,1,79.1,86.65
614,52,1,2,1,78.69,78.68
615,52,1,3,1,80.05,87.21
616,52,1,1,2,78.95,88.96
617,52,1,2,2,80.14,79.0
618,52,1,3,2,79.91,91.98
619,52,1,1,3,78.21,93.0
620,52,1,2,3,80.33,86.4
621,52,1,3,3,81.79,86.6
622,52,1,1,4,82.58,88.18
623,52,1,2,4,83.32,90.6
624,52,1,3,4,80.6,92.93
625,53,1,1,1,92.31,95.39
626,53,1,2,1,94.83,97.81
627,53,1,3,1,94.84,91.08
628,53,1,1,2,97.49,97.76
629,53,1,2,2,97.74,92.38
630,53,1,3,2,93.46,92.03
631,53,1,1,3,93.25,98.88
632,53,1,2,3,94.76,96.16
633,53,1,3,3,92.73,96.66
634,53,1,1,4,95.17,93.16
635,53,1,2,4,94.36,97.22
636,53,1,3,4,95.86,97.33
637,54,1,1,1,63.52,82.82
638,54,1,2,1,63.28,84.89
639,54,1,3,1,63.35,84.98
640,54,1,1,2,63.76,79.43
641,54,1,2,2,63.73,83.89
642,54,1,3,2,63.63,86.7
643,54,1,1,3,64.26,90.28
644,54,1,2,3,64.47,82.19
645,54,1,3,3,64.09,89.43
646,54,1,1,4,64.74,90.92
647,54,1,2,4,64.81,83.29
648,54,1,3,4,64.35,81.11
649,55,1,1,1,50.61,79.27
650,55,1,2,1,50.05,89.55
651,55,1,3,1,50.35,82.94
652,55,1,1,2,51.44,91.47
653,55,1,2,2,49.26,82.39
654,55,1,3,2,54.77,92.17
655,55,1,1,3,50.74,79.47
656,55,1,2,3,49.28,91.34
657,55,1,3,3,53.67,83.38
658,55,1,1,4,53.86,90.17
659,55,1,2,4,54.33,86.18
660,55,1,3,4,53.47,84.7
661,56,1,1,1,77.72,88.97
662,56,1,2,1,77.72,78.88
663,56,1,3,1,82.19,81.95
664,56,1,1,2,75.95,87.23
665,56,1,2,2,75.91,81.61
666,56,1,3,2,77.68,82.32
667,56,1,1,3,75.08,92.57
668,56,1,2,3,74.39,82.38
669,56,1,3,3,73.89,85.36
670,56,1,1,4,71.11,89.49
671,56,1,2,4,72.45,90.27
672,56,1,3,4,68.77,90.86
673,57,1,1,1,77.39,80.87
674,57,1,2,1,80.78,87.89
675,57,1,3,1,77.42,86.94
676,57,1,1,2,76.05,86.95
677,57,1,2,2,76.42,92.14
678,57,1,3,2,81.88,78.69
679,57,1,1,3,78.88,80.1
680,57,1,2,3,77.13,78.82
681,57,1,3,3,77.11,93.1
682,57,1,1,4,80.66,78.81
683,57,1,2,4,82.51,87.51
684,57,1,3,4,80.96,93.53
685,58,1,1,1,92.23,94.08
686,58,1,2,1,93.2,92.81
687,58,1,3,1,97.91,94.3
688,58,1,1,2,96.16,96.25
689,58,1,2,2,92.58,93.78
690,58,1,3,2,96.26,97.68
691,58,1,1,3,97.39,92.75
692,58,1,2,3,93.43,90.75
693,58,1,3,3,92.03,90.26
694,58,1,1,4,95.07,98.53
695,58,1,2,4,92.3,92.75
696,58,1,3,4,95.78,90.03
697,59,1,1,1,63.1,80.67
698,59,1,2,1,63.22,85.09
699,59,1,3,1,63.15,84.89
700,59,1,1,2,63.56,92.53
701,59,1,2,2,63.61,87.47
702,59,1,3,2,64.05,79.31
703,59,1,1,3,64.5,84.7
704,59,1,2,3,63.93,89.27
705,59,1,3,3,64.37,90.42
706,59,1,1,4,64.82,85.19
707,59,1,2,4,64.31,83.43
708,59,1,3,4,64.6,89.56
709,60,1,1,1,52.51,87.9
710,60,1,2,1,50.22,91.57
711,60,1,3,1,49.41,92.04
712,60,1,1,2,50.14,85.86
713,60,1,2,2,54.04,93.84
714,60,1,3,2,53.11,79.61
715,60,1,1,3,51.52,83.88
716,60,1,2,3,54.25,80.17
717,60,1,3,3,52.5,92.03
718,60,1,1,4,52.59,92.64
719,60,1,2,4,54.91,92.8
720,60,1,3,4,52.99,85.53
721,61,1,1,1,79.04,82.16
722,61,1,2,1,82.42,78.9
723,61,1,3,1,79.37,93.47
724,61,1,1,2,78.89,79.54
725,61,1,2,2,76.99,90.58
726,61,1,3,2,77.11,93.8
727,61,1,1,3,75.88,87.31
728,61,1,2,3,72.18,86.78
729,61,1,3,3,71.55,82.26
730,61,1,1,4,70.73,93.76
731,61,1,2,4,72.1,88.9
732,61,1,3,4,68.97,82.25
733,62,1,1,1,79.89,89.99
734,62,1,2,1,77.44,90.93
735,62,1,3,1,78.1,80.72
736,62,1,1,2,76.15,88.55
737,62,1,2,2,79.67,93.7
738,62,1,3,2,76.09,89.69
739,62,1,1,3,81.29,80.15
740,62,1,2,3,81.33,80.47
741,62,1,3,3,77.93,89.95
742,62,1,1,4,78.82,80.61
743,62,1,2,4,79.34,85.47
744,62,1,3,4,83.87,90.55
745,63,1,1,1,96.1,95.35
746,63,1,2,1,96.2,90.4
747,63,1,3,1,92.36,98.99
748,63,1,1,2,92.72,98.87
749,63,1,2,2,95.53,94.99
750,63,1,3,2,92.07,91.1
751,63,1,1,3,92.72,98.19
752,63,1,2,3,92.33,90.95
753,63,1,3,3,93.39,95.63
754,63,1,1,4,94.06,91.6
755,63,1,2,4,95.55,98.0
756,63,1,3,4,94.62,98.51
757,64,1,1,1,63.69,85.53
758,64,1,2,1,63.66,90.87
759,64,1,3,1,63.65,84.33
760,64,1,1,2,63.52,86.18
761,64,1,2,2,63.56,91.69
762,64,1,3,2,63.74,79.75
763,64,1,1,3,63.96,86.46
764,64,1,2,3,64.11,78.97
765,64,1,3,3,63.93,80.66
766,64,1,1,4,64.43,84.47
767,64,1,2,4,64.76,87.28
768,64,1,3,4,64.66,83.35
769,65,1,1,1,50.56,80.02
770,65,1,2,1,50.77,84.33
771,65,1,3,1,50.91,83.13
772,65,1,1,2,49.39,91.9
773,65,1,2,2,53.48,79.91
774,65,1,3,2,53.38,93.69
775,65,1,1,3,49.32,81.1
776,65,1,2,3,54.29,85.75
777,65,1,3,3,49.43,89.48
778,65,1,1,4,54.26,85.59
779,65,1,2,4,54.75,79.98
780,65,1,3,4,53.57,91.75
781,66,1,1,1,78.36,88.08
782,66,1,2,1,77.44,83.42
783,66,1,3,1,79.2,87.51
784,66,1,1,2,77.34,84.5
785,66,1,2,2,77.27,90.36
786,66,1,3,2,75.95,81.48
787,66,1,1,3,73.32,78.67
788,66,1,2,3,76.51,92.93
789,66,1,3,3,71.87,83.61
790,66,1,1,4,68.94,83.67
791,66,1,2,4,68.95,83.89
792,66,1,3,4,72.31,79.35
793,67,1,1,1,78.19,80.2
794,67,1,2,1,78.91,91.14
795,67,1,3,1,79.85,93.77
796,67,1,1,2,77.73,87.08
797,67,1,2,2,81.17,80.13
798,67,1,3,2,77.28,86.15
799,67,1,1,3,81.42,79.05
800,67,1,2,3,78.36,90.79
801,67,1,3,3,81.39,92.47
802,67,1,1,4,78.78,80.8
803,67,1,2,4,79.3,90.96
804,67,1,3,4,81.13,88.64
805,68,1,1,1,94.27,94.4
806,68,1,2,1,97.4,97.11
807,68,1,3,1,94.78,93.56
808,68,1,1,2,93.73,90.11
809,68,1,2,2,93.83,91.54
810,68,1,3,2,97.06,94.68
811,68,1,1,3,93.95,96.11
812,68,1,2,3,93.54,96.81
813,68,1,3,3,94.58,97.51
814,68,1,1,4,92.42,96.35
815,68,1,2,4,95.68,98.08
816,68,1,3,4,95.77,94.41
817,69,1,1,1,63.25,88.12
818,69,1,2,1,63.34,78.63
819,69,1,3,1,63.6,92.73
820,69,1,1,2,63.78,81.58
821,69,1,2,2,63.64,89.59
822,69,1,3,2,63.9,83.45
823,69,1,1,3,64.07,84.31
824,69,1,2,3,64.47,78.17
825,69,1,3,3,64.15,83.4
826,69,1,1,4,64.46,81.52
827,69,1,2,4,64.42,85.45
828,69,1,3,4,64.77,88.77
829,70,1,1,1,50.0,86.7
830,70,1,2,1,51.9,79.75
831,70,1,3,1,52.74,92.75
832,70,1,1,2,51.41,82.07
833,70,1,2,2,51.4,87.57
834,70,1,3,2,53.84,78.72
835,70,1,1,3,50.46,80.86
836,70,1,2,3,50.88,86.63
837,70,1,3,3,53.92,92.69
838,70,1,1,4,53.96,84.22
839,70,1,2,4,53.07,78.07
840,70,1,3,4,51.03,86.06
841,71,1,1,1,82.66,83.66
842,71,1,2,1,79.45,82.83
843,71,1,3,1,77.35,87.0
844,71,1,1,2,75.05,88.58
845,71,1,2,2,79.34,87.16
846,71,1,3,2,75.03,80.89
847,71,1,1,3,74.48,86.52
848,71,1,2,3,73.65,87.18
849,71,1,3,3,72.49,92.59
850,71,1,1,4,72.31,85.96
851,71,1,2,4,68.67,78.42
852,71,1,3,4,71.41,87.58
853,72,1,1,1,78.0,88.71
854,72,1,2,1,75.18,90.11
855,72,1,3,1,79.87,80.67
856,72,1,1,2,76.07,85.89
857,72,1,2,2,81.65,88.06
858,72,1,3,2,80.82,93.35
859,72,1,1,3,77.87,87.88
860,72,1,2,3,78.57,80.98
861,72,1,3,3,79.99,80.29
862,72,1,1,4,82.21,89.75
863,72,1,2,4,82.87,82.42
864,72,1,3,4,79.6,79.0
865,73,1,1,1,94.8,93.95
866,73,1,2,1,94.55,97.23
867,73,1,3,1,93.63,91.49
868,73,1,1,2,93.25,93.89
869,73,1,2,2,94.85,93.96
870,73,1,3,2,95.58,90.76
871,73,1,1,3,92.55,93.35
872,73,1,2,3,97.73,97.73
873,73,1,3,3,96.56,92.61
874,73,1,1,4,94.65,97.11
875,73,1,2,4,97.87,93.55
876,73,1,3,4,92.8,93.16
877,74,1,1,1,63.2,86.51
878,74,1,2,1,63.45,78.57
879,74,1,3,1,63.23,80.69
880,74,1,1,2,63.58,84.91
881,74,1,2,2,63.74,84.67
882,74,1,3,2,63.85,93.63
883,74,1,1,3,64.0,91.36
884,74,1,2,3,64.03,81.02
885,74,1,3,3,64.36,80.75
886,74,1,1,4,64.64,89.89
887,74,1,2,4,64.59,83.94
888,74,1,3,4,64.32,93.4
889,75,1,1,1,49.76,89.99
890,75,1,2,1,52.72,80.39
891,75,1,3,1,50.09,85.85
892,75,1,1,2,50.03,84.16
893,75,1,2,2,50.93,87.1
894,75,1,3,2,50.14,79.56
895,75,1,1,3,53.18,81.47
896,75,1,2,3,50.96,84.88
897,75,1,3,3,53.78,89.33
898,75,1,1,4,54.37,82.14
899,75,1,2,4,49.02,91.73
900,75,1,3,4,49.47,84.0
901,76,1,1,1,82.7,82.59
902,76,1,2,1,77.2,92.47
903,76,1,3,1,79.58,83.77
904,76,1,1,2,77.8,82.55
905,76,1,2,2,78.44,92.68
906,76,1,3,2,74.17,88.1
907,76,1,1,3,75.27,83.18
908,76,1,2,3,76.43,86.69
909,76,1,3,3,76.83,79.78
910,76,1,1,4,72.81,79.02
911,76,1,2,4,72.69,84.86
912,76,1,3,4,69.55,88.92
913,77,1,1,1,78.33,91.33
914,77,1,2,1,80.38,86.18
915,77,1,3,1,80.42,87.75
916,77,1,1,2,80.97,90.45
917,77,1,2,2,81.58,84.73
918,77,1,3,2,81.51,78.25
919,77,1,1,3,77.37,87.21
920,77,1,2,3,82.76,91.31
921,77,1,3,3,81.27,93.13
922,77,1,1,4,83.63,82.94
923,77,1,2,4,78.39,79.63
924,77,1,3,4,80.13,85.81
925,78,1,1,1,96.45,92.23
926,78,1,2,1,95.79,91.21
927,78,1,3,1,92.41,96.02
928,78,1,1,2,94.11,95.14
929,78,1,2,2,96.48,97.68
930,78,1,3,2,95.66,97.53
931,78,1,1,3,97.68,97.58
932,78,1,2,3,95.3,94.54
933,78,1,3,3,96.95,96.64
934,78,1,1,4,93.7,95.43
935,78,1,2,4,93.5,90.68
936,78,1,3,4,93.79,91.99
937,79,1,1,1,63.48,81.45
938,79,1,2,1,63.33,87.06
939,79,1,3,1,63.37,83.1
940,79,1,1,2,64.1,84.68
941,79,1,2,2,63.7,93.14
942,79,1,3,2,63.58,85.38
943,79,1,1,3,64.06,89.5
944,79,1,2,3,63.91,87.32
945,79,1,3,3,64.49,86.02
946,79,1,1,4,64.74,83.91
947,79,1,2,4,64.61,83.66
948,79,1,3,4,64.56,90.92
949,80,1,1,1,49.83,83.25
950,80,1,2,1,52.2,83.17
951,80,1,3,1,53.64,79.21
952,80,1,1,2,52.12,93.61
953,80,1,2,2,53.23,82.19
954,80,1,3,2,52.87,84.38
955,80,1,1,3,50.3,85.92
956,80,1,2,3,51.17,84.56
957,80,1,3,3,53.2,80.52
958,80,1,1,4,52.89,88.32
959,80,1,2,4,52.24,79.93
960,80,1,3,4,50.84,81.34
961,81,2,1,1,77.45,87.79
962,81,2,2,1,82.47,92.76
963,81,2,3,1,78.33,78.45
964,81,2,1,2,75.64,85.22
965,81,2,2,2,76.32,88.78
966,81,2,3,2,78.69,86.31
967,81,2,1,3,73.43,87.07
968,81,2,2,3,74.23,82.93
969,81,2,3,3,75.77,89.14
970,81,2,1,4,68.45,84.9
971,81,2,2,4,68.41,91.24
972,81,2,3,4,71.91,88.42
973,82,2,1,1,75.28,92.59
974,82,2,2,1,77.56,88.15
975,82,2,3,1,77.54,81.64
976,82,2,1,2,81.85,81.01
977,82,2,2,2,79.5,91.69
978,82,2,3,2,78.17,82.41
979,82,2,1,3,79.42,90.16
980,82,2,2,3,80.07,89.67
981,82,2,3,3,82.55,83.6
982,82,2,1,4,80.63,79.81
983,82,2,2,4,80.98,93.38
984,82,2,3,4,79.68,84.21
985,83,2,1,1,93.78,91.53
986,83,2,2,1,92.88,98.82
987,83,2,3,1,97.62,91.67
988,83,2,1,2,97.01,94.93
989,83,2,2,2,92.77,98.86
990,83,2,3,2,96.93,90.2
991,83,2,1,3,92.94,93.3
992,83,2,2,3,95.75,96.87
993,83,2,3,3,96.82,94.0
994,83,2,1,4,92.38,94.38
995,83,2,2,4,95.1,94.44
996,83,2,3,4,93.52,95.17
997,84,2,1,1,63.68,90.37
998,84,2,2,1,63.17,87.5
999,84,2,3,1,63.42,92.42
1000,84,2,1,2,63.71,85.84
1001,84,2,2,2,63.75,78.18
1002,84,2,3,2,63.72,93.44
1003,84,2,1,3,64.07,86.47
1004,84,2,2,3,64.45,89.62
1005,84,2,3,3,64.3,88.86
1006,84,2,1,4,64.72,89.2
1007,84,2,2,4,64.55,78.94
1008,84,2,3,4,64.63,85.9
1009,85,2,1,1,51.03,79.11
1010,85,2,2,1,54.36,82.18
1011,85,2,3,1,50.82,86.3
1012,85,2,1,2,49.41,85.24
1013,85,2,2,2,52.12,92.9
1014,85,2,3,2,51.44,82.46
1015,85,2,1,3,53.92,80.22
1016,85,2,2,3,49.43,79.38
1017,85,2,3,3,50.03,80.21
1018,85,2,1,4,49.33,90.27
1019,85,2,2,4,51.74,78.5
1020,85,2,3,4,52.19,85.6
1021,86,2,1,1,79.95,86.11
1022,86,2,2,1,82.98,83.4
1023,86,2,3,1,78.81,85.6
1024,86,2,1,2,74.52,79.78
1025,86,2,2,2,79.64,84.16
1026,86,2,3,2,79.36,80.87
1027,86,2,1,3,74.67,89.83
1028,86,2,2,3,76.99,81.06
1029,86,2,3,3,73.68,93.27
1030,86,2,1,4,73.23,82.49
1031,86,2,2,4,72.61,93.77
1032,86,2,3,4,69.65,83.11
1033,87,2,1,1,75.72,83.19
1034,87,2,2,1,76.25,88.16
1035,87,2,3,1,77.72,84.47
1036,87,2,1,2,78.88,90.82
1037,87,2,2,2,80.18,82.9
1038,87,2,3,2,76.45,93.56
1039,87,2,1,3,78.17,81.58
1040,87,2,2,3,77.99,90.09
1041,87,2,3,3,79.22,93.77
1042,87,2,1,4,83.65,92.35
1043,87,2,2,4,83.34,85.81
1044,87,2,3,4,78.69,80.78
1045,88,2,1,1,94.69,92.27
1046,88,2,2,1,97.19,90.12
1047,88,2,3,1,93.34,90.36
1048,88,2,1,2,96.68,92.51
1049,88,2,2,2,95.12,92.78
1050,88,2,3,2,97.59,97.45
1051,88,2,1,3,96.98,98.61
1052,88,2,2,3,96.98,91.77
1053,88,2,3,3,95.46,97.93
1054,88,2,1,4,95.07,96.87
1055,88,2,2,4,97.51,90.91
1056,88,2,3,4,93.74,95.55
1057,89,2,1,1,63.3,85.59
1058,89,2,2,1,63.62,92.52
1059,89,2,3,1,63.14,90.52
1060,89,2,1,2,64.07,84.12
1061,89,2,2,2,63.6,88.41
1062,89,2,3,2,63.54,80.18
1063,89,2,1,3,64.32,80.39
1064,89,2,2,3,64.38,89.35
1065,89,2,3,3,64.28,84.33
1066,89,2,1,4,64.83,79.25
1067,89,2,2,4,64.71,90.61
1068,89,2,3,4,64.73,80.88
1069,90,2,1,1,54.43,87.99
1070,90,2,2,1,54.99,86.66
1071,90,2,3,1,51.15,92.89
1072,90,2,1,2,52.67,78.95
1073,90,2,2,2,51.83,79.19
1074,90,2,3,2,54.98,83.77
1075,90,2,1,3,52.23,90.4
1076,90,2,2,3,51.12,87.29
1077,90,2,3,3,51.58,83.18
1078,90,2,1,4,49.56,91.09
1079,90,2,2,4,52.07,78.82
1080,90,2,3,4,54.87,88.05
1081,91,2,1,1,79.72,82.99
1082,91,2,2,1,79.31,91.89
1083,91,2,3,1,82.78,85.19
1084,91,2,1,2,75.07,80.71
1085,91,2,2,2,79.09,86.35
1086,91,2,3,2,77.14,81.69
1087,91,2,1,3,76.61,80.72
1088,91,2,2,3,73.4,83.49
1089,91,2,3,3,74.68,78.53
1090,91,2,1,4,71.53,80.74
1091,91,2,2,4,69.42,90.85
1092,91,2,3,4,69.25,90.69
1093,92,2,1,1,77.04,90.96
1094,92,2,2,1,79.31,78.05
1095,92,2,3,1,77.55,92.56
1096,92,2,1,2,76.76,90.96
1097,92,2,2,2,78.22,81.73
1098,92,2,3,2,77.98,86.95
1099,92,2,1,3,78.43,82.22
1100,92,2,2,3,79.99,82.93
1101,92,2,3,3,79.1,87.62
1102,92,2,1,4,83.41,83.11
1103,92,2,2,4,83.62,89.67
1104,92,2,3,4,80.16,88.16
1105,93,2,1,1,96.41,97.69
1106,93,2,2,1,95.58,98.51
1107,93,2,3,1,95.24,94.18
1108,93,2,1,2,96.55,91.74
1109,93,2,2,2,94.44,95.69
1110,93,2,3,2,96.14,93.99
1111,93,2,1,3,92.07,92.22
1112,93,2,2,3,94.19,97.75
1113,93,2,3,3,94.48,90.06
1114,93,2,1,4,94.96,96.86
1115,93,2,2,4,92.31,96.61
1116,93,2,3,4,92.68,96.14
1117,94,2,1,1,63.49,81.48
1118,94,2,2,1,63.55,88.58
1119,94,2,3,1,63.34,80.33
1120,94,2,1,2,63.64,90.91
1121,94,2,2,2,63.99,89.37
1122,94,2,3,2,63.98,85.57
1123,94,2,1,3,64.31,85.27
1124,94,2,2,3,64.34,85.53
1125,94,2,3,3,63.92,78.13
1126,94,2,1,4,64.33,84.15
1127,94,2,2,4,64.39,85.47
1128,94,2,3,4,64.38,82.38
1129,95,2,1,1,50.67,80.54
1130,95,2,2,1,50.77,81.62
1131,95,2,3,1,52.81,90.38
1132,95,2,1,2,50.6,79.91
1133,95,2,2,2,50.74,89.07
1134,95,2,3,2,51.94,84.48
1135,95,2,1,3,50.65,88.88
1136,95,2,2,3,50.01,93.21
1137,95,2,3,3,49.61,83.14
1138,95,2,1,4,54.37,84.34
1139,95,2,2,4,52.88,85.75
1140,95,2,3,4,51.68,90.7
1141,96,2,1,1,80.97,90.89
1142,96,2,2,1,82.75,78.34
1143,96,2,3,1,80.37,92.66
1144,96,2,1,2,74.53,92.96
1145,96,2,2,2,78.44,86.63
1146,96,2,3,2,77.46,81.11
1147,96,2,1,3,72.32,80.52
1148,96,2,2,3,74.58,78.47
1149,96,2,3,3,76.67,85.61
1150,96,2,1,4,71.62,81.58
1151,96,2,2,4,68.52,83.48
1152,96,2,3,4,68.17,93.71
1153,97,2,1,1,77.33,79.91
1154,97,2,2,1,78.57,92.1
1155,97,2,3,1,80.83,82.87
1156,97,2,1,2,77.61,85.18
1157,97,2,2,2,78.72,86.18
1158,97,2,3,2,79.0,86.07
1159,97,2,1,3,80.99,92.78
1160,97,2,2,3,79.8,85.27
1161,97,2,3,3,79.59,79.0
1162,97,2,1,4,83.45,92.11
1163,97,2,2,4,79.15,83.02
1164,97,2,3,4,82.24,84.69
1165,98,2,1,1,96.22,90.39
1166,98,2,2,1,94.62,94.93
1167,98,2,3,1,97.62,93.01
1168,98,2,1,2,96.47,92.5
1169,98,2,2,2,93.98,92.54
1170,98,2,3,2,94.86,91.69
1171,98,2,1,3,95.8,94.13
1172,98,2,2,3,96.58,96.82
1173,98,2,3,3,94.53,96.02
1174,98,2,1,4,96.12,91.7
1175,98,2,2,4,97.77,97.03
1176,98,2,3,4,93.54,90.85
1177,99,2,1,1,63.66,79.93
1178,99,2,2,1,63.4,91.22
1179,99,2,3,1,63.23,85.62
1180,99,2,1,2,63.61,78.84
1181,99,2,2,2,63.69,88.67
1182,99,2,3,2,64.04,82.96
1183,99,2,1,3,63.97,81.47
1184,99,2,2,3,63.96,88.67
1185,99,2,3,3,64.19,85.47
1186,99,2,1,4,64.72,82.6
1187,99,2,2,4,64.72,88.6
1188,99,2,3,4,64.89,88.33
1189,100,2,1,1,49.5,81.69
1190,100,2,2,1,53.54,83.62
1191,100,2,3,1,53.8,92.18
1192,100,2,1,2,54.69,88.96
1193,100,2,2,2,51.24,88.06
1194,100,2,3,2,53.36,88.87
1195,100,2,1,3,50.95,85.04
1196,100,2,2,3,53.52,80.06
1197,100,2,3,3,51.49,78.65
1198,100,2,1,4,54.67,80.23
1199,100,2,2,4,52.94,80.81
1200,100,2,3,4,51.34,80.97
1201,101,2,1,1,80.58,81.33
1202,101,2,2,1,79.68,84.83
1203,101,2,3,1,82.41,87.77
1204,101,2,1,2,74.44,84.04
1205,101,2,2,2,77.94,90.22
1206,101,2,3,2,74.42,82.36
1207,101,2,1,3,74.41,79.59
1208,101,2,2,3,74.07,82.46
1209,101,2,3,3,76.57,87.89
1210,101,2,1,4,71.58,90.96
1211,101,2,2,4,73.6,85.53
1212,101,2,3,4,72.14,92.67
1213,102,2,1,1,77.81,87.77
1214,102,2,2,1,80.3,80.18
1215,102,2,3,1,77.15,88.27
1216,102,2,1,2,76.06,82.06
1217,102,2,2,2,76.68,90.49
1218,102,2,3,2,77.86,91.56
1219,102,2,1,3,82.59,78.48
1220,102,2,2,3,81.86,80.57
1221,102,2,3,3,81.75,87.69
1222,102,2,1,4,83.65,93.52
1223,102,2,2,4,79.82,87.56
1224,102,2,3,4,83.34,93.82
1225,103,2,1,1,97.19,92.68
1226,103,2,2,1,97.74,93.15
1227,103,2,3,1,92.6,93.81
1228,103,2,1,2,94.87,98.44
1229,103,2,2,2,95.21,93.81
1230,103,2,3,2,93.29,91.0
1231,103,2,1,3,95.57,90.42
1232,103,2,2,3,94.83,94.75
1233,103,2,3,3,97.35,98.77
1234,103,2,1,4,96.93,96.52
1235,103,2,2,4,94.88,90.4
1236,103,2,3,4,97.75,95.38
1237,104,2,1,1,63.44,89.09
1238,104,2,2,1,63.45,84.35
1239,104,2,3,1,63.67,80.15
1240,104,2,1,2,63.73,80.89
1241,104,2,2,2,63.84,79.84
1242,104,2,3,2,63.77,88.32
1243,104,2,1,3,64.17,92.24
1244,104,2,2,3,64.34,82.76
1245,104,2,3,3,64.34,87.17
1246,104,2,1,4,64.81,86.75
1247,104,2,2,4,64.75,90.88
1248,104,2,3,4,64.85,82.19
1249,105,2,1,1,50.93,80.13
1250,105,2,2,1,54.89,83.48
1251,105,2,3,1,49.15,82.11
1252,105,2,1,2,50.39,83.24
1253,105,2,2,2,54.48,87.23
1254,105,2,3,2,51.54,78.7
1255,105,2,1,3,50.18,81.32
1256,105,2,2,3,49.53,85.09
1257,105,2,3,3,53.77,84.49
1258,105,2,1,4,52.27,87.59
1259,105,2,2,4,53.72,84.16
1260,105,2,3,4,54.57,79.61
1261,106,2,1,1,81.24,84.97
1262,106,2,2,1,78.06,92.6
1263,106,2,3,1,78.57,79.8
1264,106,2,1,2,75.42,83.2
1265,106,2,2,2,75.11,85.66
1266,106,2,3,2,76.7,81.23
1267,106,2,1,3,71.2,78.7
1268,106,2,2,3,76.2,87.77
1269,106,2,3,3,75.95,93.7
1270,106,2,1,4,72.38,92.75
1271,106,2,2,4,70.23,82.92
1272,106,2,3,4,71.2,86.68
1273,107,2,1,1,75.22,79.18
1274,107,2,2,1,78.03,78.71
1275,107,2,3,1,80.85,80.14
1276,107,2,1,2,79.67,89.58
1277,107,2,2,2,76.36,84.0
1278,107,2,3,2,77.61,92.85
1279,107,2,1,3,82.25,85.99
1280,107,2,2,3,77.76,81.78
1281,107,2,3,3,81.68,80.56
1282,107,2,1,4,83.01,86.54
1283,107,2,2,4,80.93,88.35
1284,107,2,3,4,82.72,78.58
1285,108,2,1,1,93.6,97.71
1286,108,2,2,1,93.49,98.44
1287,108,2,3,1,92.4,91.03
1288,108,2,1,2,95.32,92.36
1289,108,2,2,2,96.58,97.85
1290,108,2,3,2,93.13,93.58
1291,108,2,1,3,97.13,90.29
1292,108,2,2,3,92.55,91.45
1293,108,2,3,3,93.1,95.64
1294,108,2,1,4,96.17,93.45
1295,108,2,2,4,94.57,91.33
1296,108,2,3,4,92.06,92.93
1297,109,2,1,1,63.3,87.03
1298,109,2,2,1,63.56,81.75
1299,109,2,3,1,63.19,80.11
1300,109,2,1,2,64.09,78.34
1301,109,2,2,2,63.9,90.57
1302,109,2,3,2,63.55,84.55
1303,109,2,1,3,64.17,79.02
1304,109,2,2,3,64.48,84.81
1305,109,2,3,3,64.32,82.01
1306,109,2,1,4,64.35,88.65
1307,109,2,2,4,64.63,79.95
1308,109,2,3,4,64.73,89.27
1309,110,2,1,1,52.95,91.59
1310,110,2,2,1,50.04,81.31
1311,110,2,3,1,53.74,83.4
1312,110,2,1,2,52.86,86.11
1313,110,2,2,2,52.24,88.32
1314,110,2,3,2,51.85,84.0
1315,110,2,1,3,53.74,91.21
1316,110,2,2,3,50.22,87.26
1317,110,2,3,3,52.22,79.74
1318,110,2,1,4,54.79,80.71
1319,110,2,2,4,50.77,87.75
1320,110,2,3,4,54.99,82.82
1321,111,2,1,1,82.95,92.02
1322,111,2,2,1,78.48,90.66
1323,111,2,3,1,78.9,85.56
1324,111,2,1,2,76.83,79.66
1325,111,2,2,2,79.66,86.79
1326,111,2,3,2,78.91,92.33
1327,111,2,1,3,75.72,85.21
1328,111,2,2,3,75.52,90.11
1329,111,2,3,3,74.55,91.8
1330,111,2,1,4,68.73,87.78
1331,111,2,2,4,72.21,81.1
1332,111,2,3,4,71.59,83.44
1333,112,2,1,1,75.86,79.89
1334,112,2,2,1,78.93,90.33
1335,112,2,3,1,79.67,84.57
1336,112,2,1,2,78.92,80.24
1337,112,2,2,2,79.8,82.22
1338,112,2,3,2,76.64,83.13
1339,112,2,1,3,79.46,80.93
1340,112,2,2,3,82.24,91.74
1341,112,2,3,3,77.66,91.62
1342,112,2,1,4,82.07,93.3
1343,112,2,2,4,82.36,92.26
1344,112,2,3,4,83.26,86.81
1345,113,2,1,1,93.7,93.13
1346,113,2,2,1,95.75,96.26
1347,113,2,3,1,93.53,90.61
1348,113,2,1,2,93.98,90.48
1349,113,2,2,2,96.66,92.47
1350,113,2,3,2,92.17,94.82
1351,113,2,1,3,96.48,95.33
1352,113,2,2,3,97.78,92.72
1353,113,2,3,3,95.83,95.31
1354,113,2,1,4,97.61,90.58
1355,113,2,2,4,95.79,90.92
1356,113,2,3,4,92.02,90.22
1357,114,2,1,1,63.59,85.66
1358,114,2,2,1,63.26,90.78
1359,114,2,3,1,63.49,78.54
1360,114,2,1,2,64.02,91.57
1361,114,2,2,2,63.96,82.54
1362,114,2,3,2,63.93,79.0
1363,114,2,1,3,64.21,83.51
1364,114,2,2,3,64.43,83.41
1365,114,2,3,3,64.35,79.04
1366,114,2,1,4,64.36,87.36
1367,114,2,2,4,64.53,80.3
1368,114,2,3,4,64.33,88.27
1369,115,2,1,1,51.4,82.38
1370,115,2,2,1,49.01,81.23
1371,115,2,3,1,49.2,85.36
1372,115,2,1,2,50.71,83.82
1373,115,2,2,2,50.79,85.58
1374,115,2,3,2,51.72,83.37
1375,115,2,1,3,50.39,83.27
1376,115,2,2,3,49.88,88.88
1377,115,2,3,3,53.25,78.96
1378,115,2,1,4,54.97,78.31
1379,115,2,2,4,54.14,83.18
1380,115,2,3,4,50.35,85.98
1381,116,2,1,1,77.07,89.04
1382,116,2,2,1,77.07,93.72
1383,116,2,3,1,77.68,89.03
1384,116,2,1,2,76.98,91.84
1385,116,2,2,2,79.32,78.21
1386,116,2,3,2,76.71,92.37
1387,116,2,1,3,71.74,85.49
1388,116,2,2,3,71.79,89.76
1389,116,2,3,3,75.97,90.96
1390,116,2,1,4,69.7,91.97
1391,116,2,2,4,68.34,83.99
1392,116,2,3,4,71.41,81.92
1393,117,2,1,1,75.53,81.02
1394,117,2,2,1,76.18,93.51
1395,117,2,3,1,75.03,88.31
1396,117,2,1,2,76.93,82.28
1397,117,2,2,2,77.61,88.1
1398,117,2,3,2,76.69,84.78
1399,117,2,1,3,78.98,81.3
1400,117,2,2,3,77.22,84.09
1401,117,2,3,3,79.36,93.4
1402,117,2,1,4,79.28,91.27
1403,117,2,2,4,81.62,93.07
1404,117,2,3,4,80.28,83.71
1405,118,2,1,1,96.18,93.75
1406,118,2,2,1,96.03,94.38
1407,118,2,3,1,95.5,95.63
1408,118,2,1,2,94.75,92.47
1409,118,2,2,2,93.77,98.3
1410,118,2,3,2,92.67,90.36
1411,118,2,1,3,96.91,98.72
1412,118,2,2,3,92.77,97.49
1413,118,2,3,3,96.92,92.91
1414,118,2,1,4,94.19,96.14
1415,118,2,2,4,95.59,90.29
1416,118,2,3,4,96.54,92.23
1417,119,2,1,1,63.66,82.63
1418,119,2,2,1,63.26,81.51
1419,119,2,3,1,63.19,92.34
1420,119,2,1,2,63.77,83.49
1421,119,2,2,2,63.79,85.12
1422,119,2,3,2,64.07,82.33
1423,119,2,1,3,64.38,83.76
1424,119,2,2,3,64.08,81.44
1425,119,2,3,3,63.96,87.25
1426,119,2,1,4,64.46,89.21
1427,119,2,2,4,64.35,81.01
1428,119,2,3,4,64.46,89.65
1429,120,2,1,1,51.82,79.6
1430,120,2,2,1,49.92,92.1
1431,120,2,3,1,52.89,86.45
1432,120,2,1,2,51.04,91.76
1433,120,2,2,2,52.77,87.95
1434,120,2,3,2,49.37,91.75
1435,120,2,1,3,54.17,82.6
1436,120,2,2,3,51.2,84.89
1437,120,2,3,3,49.9,84.59
1438,120,2,1,4,54.73,83.39
1439,120,2,2,4,54.79,89.45
1440,120,2,3,4,49.77,81.34
1441,121,2,1,1,79.24,84.85
1442,121,2,2,1,82.46,90.15
1443,121,2,3,1,79.44,84.05
1444,121,2,1,2,76.04,83.4
1445,121,2,2,2,74.87,83.28
1446,121,2,3,2,74.53,85.04
1447,121,2,1,3,72.34,88.4
1448,121,2,2,3,73.56,88.62
1449,121,2,3,3,74.92,83.71
1450,121,2,1,4,71.11,82.98
1451,121,2,2,4,68.81,85.59
1452,121,2,3,4,70.55,83.29
1453,122,2,1,1,78.27,91.98
1454,122,2,2,1,76.71,80.13
1455,122,2,3,1,77.98,90.68
1456,122,2,1,2,78.18,78.67
1457,122,2,2,2,80.12,90.36
1458,122,2,3,2,77.52,84.65
1459,122,2,1,3,82.22,78.59
1460,122,2,2,3,82.63,81.39
1461,122,2,3,3,82.28,89.68
1462,122,2,1,4,82.2,84.14
1463,122,2,2,4,82.08,81.77
1464,122,2,3,4,80.9,83.01
1465,123,2,1,1,94.92,98.08
1466,123,2,2,1,97.3,91.51
1467,123,2,3,1,95.74,94.92
1468,123,2,1,2,93.61,94.76
1469,123,2,2,2,94.02,91.54
1470,123,2,3,2,96.62,97.19
1471,123,2,1,3,96.05,91.23
1472,123,2,2,3,95.19,98.31
1473,123,2,3,3,95.63,95.25
1474,123,2,1,4,95.08,95.56
1475,123,2,2,4,97.54,91.62
1476,123,2,3,4,97.26,95.61
1477,124,2,1,1,63.23,78.84
1478,124,2,2,1,63.3,88.59
1479,124,2,3,1,63.37,93.63
1480,124,2,1,2,63.51,80.22
1481,124,2,2,2,63.79,83.59
1482,124,2,3,2,64.02,79.33
1483,124,2,1,3,64.15,80.58
1484,124,2,2,3,64.06,82.2
1485,124,2,3,3,64.15,81.75
1486,124,2,1,4,64.8,81.5
1487,124,2,2,4,64.78,91.4
1488,124,2,3,4,64.79,87.83
1489,125,2,1,1,52.49,88.79
1490,125,2,2,1,52.74,89.3
1491,125,2,3,1,51.29,93.63
1492,125,2,1,2,53.63,84.71
1493,125,2,2,2,54.54,78.51
1494,125,2,3,2,50.95,82.49
1495,125,2,1,3,52.55,91.71
1496,125,2,2,3,52.01,82.27
1497,125,2,3,3,49.86,81.52
1498,125,2,1,4,53.4,84.21
1499,125,2,2,4,51.47,90.98
1500,125,2,3,4,50.99,87.16
1501,126,2,1,1,81.35,92.67
1502,126,2,2,1,81.37,89.48
1503,126,2,3,1,81.61,92.88
1504,126,2,1,2,79.46,90.26
1505,126,2,2,2,75.23,81.85
1506,126,2,3,2,79.93,87.0
1507,126,2,1,3,72.49,90.75
1508,126,2,2,3,73.43,84.41
1509,126,2,3,3,75.44,89.32
1510,126,2,1,4,71.26,78.77
1511,126,2,2,4,70.55,79.89
1512,126,2,3,4,69.44,93.06
1513,127,2,1,1,78.4,82.98
1514,127,2,2,1,77.15,84.25
1515,127,2,3,1,79.25,79.95
1516,127,2,1,2,79.05,89.67
1517,127,2,2,2,76.82,92.96
1518,127,2,3,2,79.97,79.2
1519,127,2,1,3,79.87,90.42
1520,127,2,2,3,77.63,78.2
1521,127,2,3,3,81.15,92.44
1522,127,2,1,4,79.63,78.43
1523,127,2,2,4,80.81,90.26
1524,127,2,3,4,79.57,92.42
1525,128,2,1,1,95.6,90.26
1526,128,2,2,1,95.4,98.04
1527,128,2,3,1,92.53,95.06
1528,128,2,1,2,93.86,92.92
1529,128,2,2,2,96.53,92.66
1530,128,2,3,2,97.6,98.79
1531,128,2,1,3,94.32,94.37
1532,128,2,2,3,97.38,98.78
1533,128,2,3,3,94.32,93.58
1534,128,2,1,4,96.9,94.59
1535,128,2,2,4,93.36,94.7
1536,128,2,3,4,93.66,92.22
1537,129,2,1,1,63.52,89.07
1538,129,2,2,1,63.26,81.64
1539,129,2,3,1,63.1,83.45
1540,129,2,1,2,63.68,88.05
1541,129,2,2,2,63.55,79.56
1542,129,2,3,2,63.88,82.51
1543,129,2,1,3,64.12,82.38
1544,129,2,2,3,64.22,80.49
1545,129,2,3,3,63.9,80.66
1546,129,2,1,4,64.32,84.73
1547,129,2,2,4,64.59,87.52
1548,129,2,3,4,64.31,89.94
1549,130,2,1,1,49.8,79.73
1550,130,2,2,1,54.0,85.64
1551,130,2,3,1,54.15,87.95
1552,130,2,1,2,52.84,91.78
1553,130,2,2,2,53.06,86.04
1554,130,2,3,2,53.51,78.8
1555,130,2,1,3,53.83,85.59
1556,130,2,2,3,52.34,89.44
1557,130,2,3,3,51.5,86.87
1558,130,2,1,4,54.87,88.23
1559,130,2,2,4,54.3,93.34
1560,130,2,3,4,51.24,84.87
1561,131,2,1,1,81.44,78.42
1562,131,2,2,1,77.27,85.46
1563,131,2,3,1,80.09,87.86
1564,131,2,1,2,77.6,87.37
1565,131,2,2,2,74.55,78.34
1566,131,2,3,2,76.14,84.59
1567,131,2,1,3,74.61,86.87
1568,131,2,2,3,73.42,83.35
1569,131,2,3,3,74.28,92.8
1570,131,2,1,4,72.17,79.31
1571,131,2,2,4,70.07,81.18
1572,131,2,3,4,69.5,79.69
1573,132,2,1,1,75.85,86.35
1574,132,2,2,1,76.96,86.81
1575,132,2,3,1,80.02,87.83
1576,132,2,1,2,81.43,82.32
1577,132,2,2,2,78.44,87.96
1578,132,2,3,2,78.31,82.34
1579,132,2,1,3,81.31,93.01
1580,132,2,2,3,77.69,93.17
1581,132,2,3,3,78.55,93.2
1582,132,2,1,4,81.07,89.88
1583,132,2,2,4,83.89,80.9
1584,132,2,3,4,82.57,90.08
1585,133,2,1,1,94.18,98.86
1586,133,2,2,1,93.62,97.29
1587,133,2,3,1,97.77,96.38
1588,133,2,1,2,95.55,91.91
1589,133,2,2,2,96.98,94.45
1590,133,2,3,2,94.46,94.51
1591,133,2,1,3,93.59,91.02
1592,133,2,2,3,92.21,96.65
1593,133,2,3,3,97.06,94.49
1594,133,2,1,4,92.5,91.32
1595,133,2,2,4,92.98,97.61
1596,133,2,3,4,96.7,97.63
1597,134,2,1,1,63.2,93.77
1598,134,2,2,1,63.47,86.31
1599,134,2,3,1,63.47,91.13
1600,134,2,1,2,63.88,86.49
1601,134,2,2,2,63.78,81.76
1602,134,2,3,2,63.98,82.23
1603,134,2,1,3,64.33,78.59
1604,134,2,2,3,64.19,83.04
1605,134,2,3,3,64.06,86.53
1606,134,2,1,4,64.89,87.78
1607,134,2,2,4,64.88,92.81
1608,134,2,3,4,64.6,87.91
1609,135,2,1,1,50.05,91.01
1610,135,2,2,1,49.86,87.24
1611,135,2,3,1,49.69,92.38
1612,135,2,1,2,52.0,78.63
1613,135,2,2,2,54.52,78.77
1614,135,2,3,2,53.33,85.75
1615,135,2,1,3,54.76,91.42
1616,135,2,2,3,51.91,79.66
1617,135,2,3,3,51.53,84.68
1618,135,2,1,4,50.19,82.28
1619,135,2,2,4,52.82,86.8
1620,135,2,3,4,49.02,92.71
1621,136,2,1,1,78.26,88.81
1622,136,2,2,1,82.27,78.41
1623,136,2,3,1,77.11,83.16
1624,136,2,1,2,74.39,85.22
1625,136,2,2,2,78.22,83.75
1626,136,2,3,2,75.01,93.31
1627,136,2,1,3,72.77,81.35
1628,136,2,2,3,72.02,90.69
1629,136,2,3,3,73.7,90.27
1630,136,2,1,4,71.52,84.81
1631,136,2,2,4,70.9,79.48
1632,136,2,3,4,70.95,89.12
1633,137,2,1,1,79.91,90.07
1634,137,2,2,1,76.52,90.39
1635,137,2,3,1,75.61,89.22
1636,137,2,1,2,79.66,84.0
1637,137,2,2,2,78.94,78.93
1638,137,2,3,2,76.51,81.61
1639,137,2,1,3,79.32,79.49
1640,137,2,2,3,78.55,79.59
1641,137,2,3,3,81.61,93.45
1642,137,2,1,4,80.05,92.66
1643,137,2,2,4,79.55,89.07
1644,137,2,3,4,80.57,89.75
1645,138,2,1,1,92.18,98.64
1646,138,2,2,1,97.03,98.04
1647,138,2,3,1,96.43,97.05
1648,138,2,1,2,96.39,95.81
1649,138,2,2,2,93.18,98.32
1650,138,2,3,2,93.62,97.93
1651,138,2,1,3,93.95,90.03
1652,138,2,2,3,93.56,96.63
1653,138,2,3,3,93.84,92.91
1654,138,2,1,4,92.57,98.68
1655,138,2,2,4,92.05,98.75
1656,138,2,3,4,96.22,95.81
1657,139,2,1,1,63.17,87.37
1658,139,2,2,1,63.23,89.01
1659,139,2,3,1,63.56,82.46
1660,139,2,1,2,63.97,83.46
1661,139,2,2,2,64.0,81.01
1662,139,2,3,2,63.92,92.87
1663,139,2,1,3,64.02,89.82
1664,139,2,2,3,64.0,93.1
1665,139,2,3,3,64.46,85.81
1666,139,2,1,4,64.48,93.44
1667,139,2,2,4,64.52,91.36
1668,139,2,3,4,64.4,86.04
1669,140,2,1,1,49.84,91.83
1670,140,2,2,1,50.72,86.86
1671,140,2,3,1,51.74,88.53
1672,140,2,1,2,49.11,92.04
1673,140,2,2,2,53.58,83.17
1674,140,2,3,2,50.36,78.63
1675,140,2,1,3,50.14,87.16
1676,140,2,2,3,53.58,83.46
1677,140,2,3,3,53.09,85.06
1678,140,2,1,4,49.27,86.73
1679,140,2,2,4,51.14,81.92
1680,140,2,3,4,52.23,81.79
1681,141,2,1,1,80.5,78.44
1682,141,2,2,1,81.83,79.59
1683,141,2,3,1,79.6,92.31
1684,141,2,1,2,79.82,82.96
1685,141,2,2,2,78.29,92.98
1686,141,2,3,2,74.08,84.86
1687,141,2,1,3,74.84,84.21
1688,141,2,2,3,73.36,82.73
1689,141,2,3,3,74.11,89.17
1690,141,2,1,4,73.34,79.44
1691,141,2,2,4,73.04,82.22
1692,141,2,3,4,72.76,82.25
1693,142,2,1,1,75.47,93.86
1694,142,2,2,1,77.28,92.75
1695,142,2,3,1,77.22,80.23
1696,142,2,1,2,79.01,89.29
1697,142,2,2,2,77.16,81.85
1698,142,2,3,2,80.73,90.01
1699,142,2,1,3,81.51,92.27
1700,142,2,2,3,80.46,79.92
1701,142,2,3,3,81.53,83.4
1702,142,2,1,4,81.84,84.89
1703,142,2,2,4,79.01,92.16
1704,142,2,3,4,79.27,79.02
1705,143,2,1,1,97.78,93.17
1706,143,2,2,1,95.73,92.74
1707,143,2,3,1,93.95,95.19
1708,143,2,1,2,95.6,94.36
1709,143,2,2,2,95.23,93.91
1710,143,2,3,2,94.67,91.86
1711,143,2,1,3,92.06,94.96
1712,143,2,2,3,95.67,92.28
1713,143,2,3,3,92.99,96.31
1714,143,2,1,4,93.76,92.28
1715,143,2,2,4,94.01,98.97
1716,143,2,3,4,94.91,92.98
1717,144,2,1,1,63.1,91.93
1718,144,2,2,1,63.19,93.04
1719,144,2,3,1,63.69,81.28
1720,144,2,1,2,63.95,79.72
1721,144,2,2,2,63.56,91.28
1722,144,2,3,2,63.59,83.52
1723,144,2,1,3,63.93,89.86
1724,144,2,2,3,64.44,85.5
1725,144,2,3,3,64.21,88.49
1726,144,2,1,4,64.85,84.14
1727,144,2,2,4,64.74,93.37
1728,144,2,3,4,64.9,93.11
1729,145,2,1,1,53.34,86.92
1730,145,2,2,1,51.72,88.16
1731,145,2,3,1,53.49,91.52
1732,145,2,1,2,53.68,91.46
1733,145,2,2,2,51.83,84.39
1734,145,2,3,2,54.4,79.2
1735,145,2,1,3,54.27,80.54
1736,145,2,2,3,51.99,85.0
1737,145,2,3,3,52.94,90.98
1738,145,2,1,4,52.47,79.98
1739,145,2,2,4,51.26,83.13
1740,145,2,3,4,49.78,83.57
1741,146,2,1,1,78.67,84.29
1742,146,2,2,1,81.07,88.34
1743,146,2,3,1,79.63,90.29
1744,146,2,1,2,75.67,92.63
1745,146,2,2,2,77.04,79.95
1746,146,2,3,2,75.02,81.26
1747,146,2,1,3,75.73,83.58
1748,146,2,2,3,75.03,79.21
1749,146,2,3,3,74.24,92.91
1750,146,2,1,4,69.39,84.0
1751,146,2,2,4,69.82,84.77
1752,146,2,3,4,69.68,93.69
1753,147,2,1,1,76.22,80.79
1754,147,2,2,1,76.77,81.55
1755,147,2,3,1,75.17,78.83
1756,147,2,1,2,79.53,92.19
1757,147,2,2,2,81.13,91.35
1758,147,2,3,2,78.97,93.87
1759,147,2,1,3,79.12,85.78
1760,147,2,2,3,80.89,80.56
1761,147,2,3,3,82.6,79.97
1762,147,2,1,4,78.38,93.53
1763,147,2,2,4,80.33,92.6
1764,147,2,3,4,80.93,91.75
1765,148,2,1,1,96.66,96.3
1766,148,2,2,1,93.86,96.86
1767,148,2,3,1,96.7,96.72
1768,148,2,1,2,96.71,94.75
1769,148,2,2,2,94.5,92.78
1770,148,2,3,2,93.88,97.03
1771,148,2,1,3,96.57,96.85
1772,148,2,2,3,96.47,96.86
1773,148,2,3,3,96.77,97.36
1774,148,2,1,4,93.2,92.78
1775,148,2,2,4,93.11,92.68
1776,148,2,3,4,95.13,98.3
1777,149,2,1,1,63.2,79.7
1778,149,2,2,1,63.65,90.69
1779,149,2,3,1,63.38,85.6
1780,149,2,1,2,63.56,90.02
1781,149,2,2,2,63.88,88.79
1782,149,2,3,2,63.68,93.51
1783,149,2,1,3,63.99,93.15
1784,149,2,2,3,63.92,92.28
1785,149,2,3,3,64.36,90.48
1786,149,2,1,4,64.81,93.5
1787,149,2,2,4,64.78,93.39
1788,149,2,3,4,64.62,91.87
1789,150,2,1,1,49.52,86.3
1790,150,2,2,1,49.81,81.92
1791,150,2,3,1,54.61,90.6
1792,150,2,1,2,54.78,91.8
1793,150,2,2,2,53.07,87.98
1794,150,2,3,2,53.06,91.28
1795,150,2,1,3,53.6,82.7
1796,150,2,2,3,49.69,84.6
1797,150,2,3,3,51.24,83.31
1798,150,2,1,4,52.02,80.79
1799,150,2,2,4,53.68,91.22
1800,150,2,3,4,50.34,86.9
1801,151,2,1,1,81.69,90.03
1802,151,2,2,1,79.84,84.12
1803,151,2,3,1,81.04,86.6
1804,151,2,1,2,74.99,87.48
1805,151,2,2,2,75.99,86.3
1806,151,2,3,2,79.58,89.04
1807,151,2,1,3,75.32,79.05
1808,151,2,2,3,74.71,78.09
1809,151,2,3,3,75.19,81.58
1810,151,2,1,4,70.94,88.71
1811,151,2,2,4,68.7,85.42
1812,151,2,3,4,71.74,88.54
1813,152,2,1,1,76.82,83.91
1814,152,2,2,1,79.89,92.6
1815,152,2,3,1,76.35,83.86
1816,152,2,1,2,77.55,83.93
1817,152,2,2,2,81.19,80.95
1818,152,2,3,2,80.58,93.06
1819,152,2,1,3,82.62,91.54
1820,152,2,2,3,82.99,85.07
1821,152,2,3,3,78.92,87.79
1822,152,2,1,4,83.57,78.89
1823,152,2,2,4,81.68,81.59
1824,152,2,3,4,78.94,83.42
1825,153,2,1,1,93.19,97.64
1826,153,2,2,1,92.69,97.72
1827,153,2,3,1,93.3,97.98
1828,153,2,1,2,95.91,94.61
1829,153,2,2,2,93.6,93.42
1830,153,2,3,2,96.78,91.49
1831,153,2,1,3,96.36,95.13
1832,153,2,2,3,93.86,95.22
1833,153,2,3,3,97.61,98.14
1834,153,2,1,4,96.12,94.32
1835,153,2,2,4,97.23,95.03
1836,153,2,3,4,94.6,91.54
1837,154,2,1,1,63.49,91.99
1838,154,2,2,1,63.61,80.28
1839,154,2,3,1,63.2,89.65
1840,154,2,1,2,63.52,80.46
1841,154,2,2,2,63.87,86.93
1842,154,2,3,2,63.55,82.79
1843,154,2,1,3,64.21,78.87
1844,154,2,2,3,64.08,79.45
1845,154,2,3,3,63.91,90.14
1846,154,2,1,4,64.58,86.01
1847,154,2,2,4,64.65,85.57
1848,154,2,3,4,64.65,80.29
1849,155,2,1,1,54.21,79.04
1850,155,2,2,1,49.15,92.85
1851,155,2,3,1,54.18,88.57
1852,155,2,1,2,52.95,79.98
1853,155,2,2,2,51.01,86.72
1854,155,2,3,2,53.05,91.02
1855,155,2,1,3,51.45,89.41
1856,155,2,2,3,54.44,88.57
1857,155,2,3,3,54.24,82.98
1858,155,2,1,4,53.04,79.09
1859,155,2,2,4,52.19,80.31
1860,155,2,3,4,49.78,78.48
1861,156,2,1,1,81.23,84.74
1862,156,2,2,1,81.32,81.7
1863,156,2,3,1,78.76,86.75
1864,156,2,1,2,76.0,86.87
1865,156,2,2,2,74.08,87.19
1866,156,2,3,2,78.68,81.1
1867,156,2,1,3,71.47,78.73
1868,156,2,2,3,76.25,81.48
1869,156,2,3,3,76.14,80.35
1870,156,2,1,4,71.64,93.77
1871,156,2,2,4,68.83,87.99
1872,156,2,3,4,72.61,81.03
1873,157,2,1,1,78.36,89.74
1874,157,2,2,1,80.04,85.06
1875,157,2,3,1,79.88,90.73
1876,157,2,1,2,77.33,92.15
1877,157,2,2,2,78.2,83.76
1878,157,2,3,2,78.99,91.65
1879,157,2,1,3,79.84,80.38
1880,157,2,2,3,78.89,88.13
1881,157,2,3,3,78.64,79.38
1882,157,2,1,4,78.9,92.88
1883,157,2,2,4,81.04,91.15
1884,157,2,3,4,82.93,82.81
1885,158,2,1,1,92.31,94.17
1886,158,2,2,1,97.41,92.66
1887,158,2,3,1,96.86,92.77
1888,158,2,1,2,94.06,92.46
1889,158,2,2,2,95.08,91.66
1890,158,2,3,2,95.03,91.61
1891,158,2,1,3,94.15,90.35
1892,158,2,2,3,93.39,91.85
1893,158,2,3,3,97.11,98.44
1894,158,2,1,4,93.57,96.04
1895,158,2,2,4,92.84,90.3
1896,158,2,3,4,95.61,98.79
1897,159,2,1,1,63.56,88.05
1898,159,2,2,1,63.63,89.26
1899,159,2,3,1,63.48,82.47
1900,159,2,1,2,63.55,87.26
1901,159,2,2,2,64.06,79.12
1902,159,2,3,2,63.97,93.49
1903,159,2,1,3,64.09,78.21
1904,159,2,2,3,64.2,79.19
1905,159,2,3,3,63.96,85.28
1906,159,2,1,4,64.5,89.26
1907,159,2,2,4,64.64,89.66
1908,159,2,3,4,64.79,82.17
1909,160,2,1,1,52.43,80.63
1910,160,2,2,1,51.14,88.6
1911,160,2,3,1,52.97,84.5
1912,160,2,1,2,53.74,79.89
1913,160,2,2,2,52.26,81.44
1914,160,2,3,2,51.77,90.26
1915,160,2,1,3,52.21,87.35
1916,160,2,2,3,54.95,84.95
1917,160,2,3,3,52.32,91.41
1918,160,2,1,4,52.26,92.15
1919,160,2,2,4,49.86,83.15
1920,160,2,3,4,53.21,88.09
1921,161,3,1,1,79.64,80.92
1922,161,3,2,1,80.67,83.55
1923,161,3,3,1,80.18,91.38
1924,161,3,1,2,78.8,88.87
1925,161,3,2,2,78.63,93.07
1926,161,3,3,2,76.61,82.87
1927,161,3,1,3,75.42,82.18
1928,161,3,2,3,74.89,83.93
1929,161,3,3,3,73.94,84.18
1930,161,3,1,4,69.68,89.73
1931,161,3,2,4,70.28,91.84
1932,161,3,3,4,69.07,88.89
1933,162,3,1,1,77.93,85.23
1934,162,3,2,1,80.57,83.55
1935,162,3,3,1,77.1,87.14
1936,162,3,1,2,80.1,89.12
1937,162,3,2,2,78.83,80.83
1938,162,3,3,2,78.76,83.55
1939,162,3,1,3,81.8,87.1
1940,162,3,2,3,82.77,80.35
1941,162,3,3,3,82.05,84.72
1942,162,3,1,4,83.3,79.87
1943,162,3,2,4,82.17,90.26
1944,162,3,3,4,80.09,86.39
1945,163,3,1,1,94.83,97.31
1946,163,3,2,1,97.51,94.53
1947,163,3,3,1,93.44,96.4
1948,163,3,1,2,93.14,96.36
1949,163,3,2,2,94.21,97.96
1950,163,3,3,2,93.86,91.11
1951,163,3,1,3,96.26,93.21
1952,163,3,2,3,96.11,95.61
1953,163,3,3,3,92.28,96.86
1954,163,3,1,4,92.77,98.88
1955,163,3,2,4,94.99,98.13
1956,163,3,3,4,95.48,93.44
1957,164,3,1,1,63.34,92.48
1958,164,3,2,1,63.53,82.7
1959,164,3,3,1,63.52,80.6
1960,164,3,1,2,63.97,84.93
1961,164,3,2,2,63.78,79.36
1962,164,3,3,2,63.77,88.32
1963,164,3,1,3,64.2,78.36
1964,164,3,2,3,64.45,91.46
1965,164,3,3,3,64.37,93.11
1966,164,3,1,4,64.81,87.43
1967,164,3,2,4,64.78,89.54
1968,164,3,3,4,64.9,83.12
1969,165,3,1,1,51.65,84.06
1970,165,3,2,1,51.68,83.8
1971,165,3,3,1,53.98,83.27
1972,165,3,1,2,52.81,78.42
1973,165,3,2,2,49.5,83.58
1974,165,3,3,2,52.48,84.01
1975,165,3,1,3,53.43,86.93
1976,165,3,2,3,53.35,79.81
1977,165,3,3,3,49.51,93.9
1978,165,3,1,4,53.22,85.45
1979,165,3,2,4,52.53,79.46
1980,165,3,3,4,51.04,79.55
1981,166,3,1,1,77.74,78.64
1982,166,3,2,1,82.05,79.74
1983,166,3,3,1,80.2,83.88
1984,166,3,1,2,78.37,84.36
1985,166,3,2,2,74.29,93.51
1986,166,3,3,2,76.58,92.63
1987,166,3,1,3,72.19,91.4
1988,166,3,2,3,72.88,79.26
1989,166,3,3,3,72.12,85.24
1990,166,3,1,4,68.94,81.07
1991,166,3,2,4,73.31,81.99
1992,166,3,3,4,69.99,85.62
1993,167,3,1,1,78.11,93.76
1994,167,3,2,1,77.7,82.56
1995,167,3,3,1,77.83,78.26
1996,167,3,1,2,79.31,93.47
1997,167,3,2,2,77.09,80.03
1998,167,3,3,2,79.37,83.11
1999,167,3,1,3,79.71,81.29
2000,167,3,2,3,79.94,81.77
2001,167,3,3,3,77.9,87.52
2002,167,3,1,4,83.6,79.22
2003,167,3,2,4,79.63,82.51
2004,167,3,3,4,83.72,85.83
2005,168,3,1,1,94.2,94.65
2006,168,3,2,1,97.38,92.42
2007,168,3,3,1,94.98,95.73
2008,168,3,1,2,94.9,94.63
2009,168,3,2,2,94.1,93.61
2010,168,3,3,2,96.82,91.01
2011,168,3,1,3,92.27,90.42
2012,168,3,2,3,93.86,97.34
2013,168,3,3,3,94.75,93.87
2014,168,3,1,4,96.04,96.52
2015,168,3,2,4,94.53,95.37
2016,168,3,3,4,92.7,93.11
2017,169,3,1,1,63.38,83.11
2018,169,3,2,1,63.53,93.82
2019,169,3,3,1,63.37,79.96
2020,169,3,1,2,63.99,92.33
2021,169,3,2,2,63.62,84.61
2022,169,3,3,2,63.93,85.49
2023,169,3,1,3,64.1,85.6
2024,169,3,2,3,64.3,84.87
2025,169,3,3,3,64.0,80.1
2026,169,3,1,4,64.49,80.73
2027,169,3,2,4,64.34,85.92
2028,169,3,3,4,64.72,81.43
2029,170,3,1,1,54.23,87.6
2030,170,3,2,1,54.72,80.44
2031,170,3,3,1,52.82,84.1
2032,170,3,1,2,51.73,84.94
2033,170,3,2,2,51.84,85.1
2034,170,3,3,2,54.73,88.25
2035,170,3,1,3,54.26,81.45
2036,170,3,2,3,50.56,80.7
2037,170,3,3,3,51.85,78.7
2038,170,3,1,4,52.81,93.95
2039,170,3,2,4,49.82,84.8
2040,170,3,3,4,50.64,91.88
2041,171,3,1,1,78.17,83.27
2042,171,3,2,1,79.97,78.83
2043,171,3,3,1,78.21,83.67
2044,171,3,1,2,77.01,86.23
2045,171,3,2,2,79.48,78.25
2046,171,3,3,2,74.08,88.1
2047,171,3,1,3,71.49,92.97
2048,171,3,2,3,71.86,93.28
2049,171,3,3,3,71.25,78.11
2050,171,3,1,4,72.47,81.97
2051,171,3,2,4,68.16,86.97
2052,171,3,3,4,71.21,86.22
2053,172,3,1,1,77.33,80.16
2054,172,3,2,1,75.59,83.85
2055,172,3,3,1,80.74,93.14
2056,172,3,1,2,80.84,89.51
2057,172,3,2,2,77.88,80.73
2058,172,3,3,2,81.45,79.71
2059,172,3,1,3,80.32,84.4
2060,172,3,2,3,82.59,82.37
2061,172,3,3,3,77.35,81.7
2062,172,3,1,4,79.65,78.59
2063,172,3,2,4,78.57,84.73
2064,172,3,3,4,80.8,83.96
2065,173,3,1,1,96.76,96.25
2066,173,3,2,1,95.38,93.81
2067,173,3,3,1,94.98,93.6
2068,173,3,1,2,96.41,90.79
2069,173,3,2,2,93.96,94.39
2070,173,3,3,2,94.26,92.06
2071,173,3,1,3,96.34,98.89
2072,173,3,2,3,96.73,93.17
2073,173,3,3,3,92.59,97.73
2074,173,3,1,4,94.27,98.21
2075,173,3,2,4,95.65,93.67
2076,173,3,3,4,96.57,92.02
2077,174,3,1,1,63.48,93.55
2078,174,3,2,1,63.68,92.49
2079,174,3,3,1,63.18,87.16
2080,174,3,1,2,63.51,93.1
2081,174,3,2,2,63.77,89.77
2082,174,3,3,2,64.05,86.9
2083,174,3,1,3,64.05,78.92
2084,174,3,2,3,64.0,83.39
2085,174,3,3,3,64.05,91.71
2086,174,3,1,4,64.57,88.92
2087,174,3,2,4,64.37,79.18
2088,174,3,3,4,64.51,85.1
2089,175,3,1,1,53.96,78.12
2090,175,3,2,1,53.15,91.46
2091,175,3,3,1,51.09,82.8
2092,175,3,1,2,50.12,80.34
2093,175,3,2,2,52.18,89.28
2094,175,3,3,2,52.31,81.33
2095,175,3,1,3,50.41,80.1
2096,175,3,2,3,49.38,90.29
2097,175,3,3,3,53.58,78.58
2098,175,3,1,4,52.89,93.9
2099,175,3,2,4,50.58,78.69
2100,175,3,3,4,49.57,85.63
2101,176,3,1,1,82.81,87.4
2102,176,3,2,1,77.13,80.66
2103,176,3,3,1,81.19,88.58
2104,176,3,1,2,75.66,78.35
2105,176,3,2,2,77.73,93.0
2106,176,3,3,2,78.53,80.87
2107,176,3,1,3,76.48,89.75
2108,176,3,2,3,75.36,87.98
2109,176,3,3,3,74.05,85.45
2110,176,3,1,4,72.6,85.34
2111,176,3,2,4,69.38,78.96
2112,176,3,3,4,68.17,90.02
2113,177,3,1,1,77.35,86.75
2114,177,3,2,1,77.78,90.51
2115,177,3,3,1,75.75,92.27
2116,177,3,1,2,79.73,78.79
2117,177,3,2,2,79.64,93.48
2118,177,3,3,2,78.59,85.21
2119,177,3,1,3,80.01,80.49
2120,177,3,2,3,78.98,90.0
2121,177,3,3,3,81.67,79.92
2122,177,3,1,4,83.3,91.08
2123,177,3,2,4,79.26,88.36
2124,177,3,3,4,79.57,92.2
2125,178,3,1,1,97.64,97.84
2126,178,3,2,1,94.84,98.63
2127,178,3,3,1,97.89,91.63
2128,178,3,1,2,96.47,92.12
2129,178,3,2,2,92.15,94.48
2130,178,3,3,2,96.92,98.93
2131,178,3,1,3,94.59,92.27
2132,178,3,2,3,93.56,91.58
2133,178,3,3,3,94.6,98.47
2134,178,3,1,4,95.6,96.68
2135,178,3,2,4,94.28,94.82
2136,178,3,3,4,92.08,95.76
2137,179,3,1,1,63.14,88.02
2138,179,3,2,1,63.68,80.12
2139,179,3,3,1,63.55,86.36
2140,179,3,1,2,63.8,83.16
2141,179,3,2,2,63.81,90.17
2142,179,3,3,2,63.65,89.67
2143,179,3,1,3,64.21,93.68
2144,179,3,2,3,64.33,87.94
2145,179,3,3,3,63.99,83.59
2146,179,3,1,4,64.69,85.26
2147,179,3,2,4,64.56,87.18
2148,179,3,3,4,64.67,90.79
2149,180,3,1,1,53.03,83.48
2150,180,3,2,1,53.38,81.34
2151,180,3,3,1,53.25,91.73
2152,180,3,1,2,53.02,88.91
2153,180,3,2,2,53.02,89.7
2154,180,3,3,2,53.34,88.1
2155,180,3,1,3,52.09,92.58
2156,180,3,2,3,50.91,86.11
2157,180,3,3,3,52.19,79.86
2158,180,3,1,4,50.98,83.84
2159,180,3,2,4,51.45,83.75
2160,180,3,3,4,54.46,83.76
2161,181,3,1,1,79.8,78.69
2162,181,3,2,1,82.21,93.75
2163,181,3,3,1,77.92,88.9
2164,181,3,1,2,79.66,89.55
2165,181,3,2,2,79.81,82.12
2166,181,3,3,2,79.62,82.85
2167,181,3,1,3,75.52,82.79
2168,181,3,2,3,74.47,78.09
2169,181,3,3,3,73.02,93.55
2170,181,3,1,4,73.85,78.87
2171,181,3,2,4,69.15,89.58
2172,181,3,3,4,71.79,88.58
2173,182,3,1,1,80.81,80.5
2174,182,3,2,1,78.07,81.32
2175,182,3,3,1,77.62,88.79
2176,182,3,1,2,80.22,85.17
2177,182,3,2,2,78.23,87.56
2178,182,3,3,2,79.77,85.26
2179,182,3,1,3,81.19,79.87
2180,182,3,2,3,78.28,83.73
2181,182,3,3,3,77.74,78.62
2182,182,3,1,4,83.35,91.17
2183,182,3,2,4,80.12,84.15
2184,182,3,3,4,79.54,88.19
2185,183,3,1,1,93.51,90.94
2186,183,3,2,1,93.97,94.59
2187,183,3,3,1,97.24,95.48
2188,183,3,1,2,93.91,95.0
2189,183,3,2,2,96.66,94.37
2190,183,3,3,2,94.03,94.08
2191,183,3,1,3,93.05,97.1
2192,183,3,2,3,97.14,96.23
2193,183,3,3,3,93.68,94.22
2194,183,3,1,4,95.05,98.06
2195,183,3,2,4,92.69,90.52
2196,183,3,3,4,96.71,92.13
2197,184,3,1,1,63.17,82.54
2198,184,3,2,1,63.49,82.9
2199,184,3,3,1,63.58,81.93
2200,184,3,1,2,63.92,84.79
2201,184,3,2,2,63.89,92.5
2202,184,3,3,2,63.92,82.86
2203,184,3,1,3,64.38,91.68
2204,184,3,2,3,64.31,79.31
2205,184,3,3,3,64.02,81.76
2206,184,3,1,4,64.39,87.19
2207,184,3,2,4,64.59,82.85
2208,184,3,3,4,64.59,92.27
2209,185,3,1,1,53.15,88.32
2210,185,3,2,1,50.53,92.13
2211,185,3,3,1,49.98,89.57
2212,185,3,1,2,49.96,86.29
2213,185,3,2,2,53.0,81.48
2214,185,3,3,2,52.77,86.13
2215,185,3,1,3,51.44,83.9
2216,185,3,2,3,53.62,84.64
2217,185,3,3,3,51.65,79.9
2218,185,3,1,4,52.9,84.76
2219,185,3,2,4,53.46,82.57
2220,185,3,3,4,53.67,85.39
2221,186,3,1,1,81.29,80.99
2222,186,3,2,1,81.84,88.35
2223,186,3,3,1,81.88,89.93
2224,186,3,1,2,77.5,88.39
2225,186,3,2,2,78.82,87.89
2226,186,3,3,2,79.73,89.33
2227,186,3,1,3,71.53,80.53
2228,186,3,2,3,74.27,93.88
2229,186,3,3,3,72.8,86.28
2230,186,3,1,4,68.39,88.68
2231,186,3,2,4,71.06,83.43
2232,186,3,3,4,70.35,87.62
2233,187,3,1,1,77.12,85.92
2234,187,3,2,1,80.96,93.46
2235,187,3,3,1,79.32,89.05
2236,187,3,1,2,76.19,89.63
2237,187,3,2,2,81.12,79.07
2238,187,3,3,2,78.98,88.34
2239,187,3,1,3,78.63,89.53
2240,187,3,2,3,82.21,88.27
2241,187,3,3,3,81.33,83.06
2242,187,3,1,4,80.22,83.43
2243,187,3,2,4,79.72,84.14
2244,187,3,3,4,81.92,93.81
2245,188,3,1,1,96.87,92.95
2246,188,3,2,1,93.67,97.74
2247,188,3,3,1,94.49,91.18
2248,188,3,1,2,94.2,92.65
2249,188,3,2,2,94.96,91.48
2250,188,3,3,2,93.53,94.49
2251,188,3,1,3,94.04,98.73
2252,188,3,2,3,93.42,92.03
2253,188,3,3,3,95.2,95.29
2254,188,3,1,4,96.31,95.22
2255,188,3,2,4,94.59,91.39
2256,188,3,3,4,92.48,91.85
2257,189,3,1,1,63.48,93.76
2258,189,3,2,1,63.36,83.82
2259,189,3,3,1,63.35,87.06
2260,189,3,1,2,63.81,90.31
2261,189,3,2,2,63.96,90.67
2262,189,3,3,2,63.56,86.61
2263,189,3,1,3,64.24,93.43
2264,189,3,2,3,64.35,81.08
2265,189,3,3,3,64.07,90.3
2266,189,3,1,4,64.55,93.55
2267,189,3,2,4,64.31,78.88
2268,189,3,3,4,64.86,79.04
2269,190,3,1,1,52.8,87.08
2270,190,3,2,1,52.29,83.31
2271,190,3,3,1,49.01,87.94
2272,190,3,1,2,51.24,80.36
2273,190,3,2,2,52.44,80.12
2274,190,3,3,2,51.35,90.8
2275,190,3,1,3,54.62,82.32
2276,190,3,2,3,49.25,83.15
2277,190,3,3,3,50.56,89.06
2278,190,3,1,4,53.64,90.36
2279,190,3,2,4,50.43,83.65
2280,190,3,3,4,52.31,90.83
2281,191,3,1,1,81.27,83.17
2282,191,3,2,1,77.7,90.88
2283,191,3,3,1,79.08,83.12
2284,191,3,1,2,76.83,80.74
2285,191,3,2,2,78.45,89.2
2286,191,3,3,2,74.78,84.25
2287,191,3,1,3,71.57,78.91
2288,191,3,2,3,75.1,79.36
2289,191,3,3,3,71.15,91.43
2290,191,3,1,4,70.94,85.43
2291,191,3,2,4,73.56,93.05
2292,191,3,3,4,71.12,86.43
2293,192,3,1,1,75.61,91.59
2294,192,3,2,1,76.59,85.73
2295,192,3,3,1,80.83,91.79
2296,192,3,1,2,76.24,85.66
2297,192,3,2,2,80.02,91.23
2298,192,3,3,2,80.26,89.91
2299,192,3,1,3,77.71,83.6
2300,192,3,2,3,79.51,84.25
2301,192,3,3,3,79.07,86.83
2302,192,3,1,4,78.36,82.69
2303,192,3,2,4,79.31,79.95
2304,192,3,3,4,79.79,88.6
2305,193,3,1,1,92.47,91.96
2306,193,3,2,1,96.35,92.46
2307,193,3,3,1,94.81,97.03
2308,193,3,1,2,93.25,91.38
2309,193,3,2,2,95.39,98.22
2310,193,3,3,2,95.08,95.72
2311,193,3,1,3,97.67,91.28
2312,193,3,2,3,97.74,95.61
2313,193,3,3,3,93.91,97.59
2314,193,3,1,4,93.02,91.19
2315,193,3,2,4,96.06,90.5
2316,193,3,3,4,96.83,95.78
2317,194,3,1,1,63.48,87.11
2318,194,3,2,1,63.55,89.13
2319,194,3,3,1,63.67,87.32
2320,194,3,1,2,63.82,83.7
2321,194,3,2,2,63.65,92.49
2322,194,3,3,2,63.72,78.38
2323,194,3,1,3,63.9,90.52
2324,194,3,2,3,64.32,89.69
2325,194,3,3,3,64.46,79.73
2326,194,3,1,4,64.69,85.61
2327,194,3,2,4,64.52,78.17
2328,194,3,3,4,64.86,88.81
2329,195,3,1,1,49.56,79.25
2330,195,3,2,1,49.11,84.67
2331,195,3,3,1,49.53,85.06
2332,195,3,1,2,50.05,81.26
2333,195,3,2,2,52.39,82.25
2334,195,3,3,2,54.91,88.19
2335,195,3,1,3,51.83,83.44
2336,195,3,2,3,54.74,84.3
2337,195,3,3,3,49.74,79.17
2338,195,3,1,4,51.56,91.94
2339,195,3,2,4,53.66,89.28
2340,195,3,3,4,49.13,89.04
2341,196,3,1,1,78.73,88.0
2342,196,3,2,1,82.07,82.66
2343,196,3,3,1,79.07,91.57
2344,196,3,1,2,75.92,84.15
2345,196,3,2,2,74.39,86.6
2346,196,3,3,2,77.19,91.03
2347,196,3,1,3,71.56,88.34
2348,196,3,2,3,71.82,80.25
2349,196,3,3,3,73.41,82.88
2350,196,3,1,4,72.01,88.22
2351,196,3,2,4,68.38,81.78
2352,196,3,3,4,73.44,88.59
2353,197,3,1,1,80.48,83.71
2354,197,3,2,1,77.53,90.1
2355,197,3,3,1,80.52,84.06
2356,197,3,1,2,79.2,87.74
2357,197,3,2,2,76.74,81.51
2358,197,3,3,2,78.32,79.7
2359,197,3,1,3,78.21,78.03
2360,197,3,2,3,82.7,84.15
2361,197,3,3,3,78.19,80.51
2362,197,3,1,4,82.17,85.71
2363,197,3,2,4,78.2,87.06
2364,197,3,3,4,80.67,87.42
2365,198,3,1,1,92.55,98.95
2366,198,3,2,1,95.33,93.99
2367,198,3,3,1,97.55,96.7
2368,198,3,1,2,94.08,96.49
2369,198,3,2,2,97.81,90.48
2370,198,3,3,2,94.67,92.43
2371,198,3,1,3,95.23,96.75
2372,198,3,2,3,93.85,96.06
2373,198,3,3,3,95.23,90.13
2374,198,3,1,4,95.29,93.05
2375,198,3,2,4,92.76,96.91
2376,198,3,3,4,93.08,96.09
2377,199,3,1,1,63.69,91.74
2378,199,3,2,1,63.23,87.98
2379,199,3,3,1,63.52,78.81
2380,199,3,1,2,64.0,85.22
2381,199,3,2,2,63.5,88.85
2382,199,3,3,2,63.92,87.34
2383,199,3,1,3,64.26,79.8
2384,199,3,2,3,64.39,82.25
2385,199,3,3,3,63.99,83.29
2386,199,3,1,4,64.34,88.36
2387,199,3,2,4,64.88,91.83
2388,199,3,3,4,64.52,85.26
2389,200,3,1,1,52.25,78.98
2390,200,3,2,1,54.37,89.25
2391,200,3,3,1,50.19,87.96
2392,200,3,1,2,51.67,89.29
2393,200,3,2,2,50.09,86.21
2394,200,3,3,2,53.59,81.8
2395,200,3,1,3,51.87,80.6
2396,200,3,2,3,50.12,78.06
2397,200,3,3,3,50.18,80.35
2398,200,3,1,4,52.0,88.92
2399,200,3,2,4,52.87,90.54
2400,200,3,3,4,51.63,81.53
2401,201,3,1,1,80.04,84.86
2402,201,3,2,1,81.1,84.36
2403,201,3,3,1,78.42,82.35
2404,201,3,1,2,76.55,82.66
2405,201,3,2,2,74.62,86.31
2406,201,3,3,2,76.43,90.57
2407,201,3,1,3,74.41,78.26
2408,201,3,2,3,71.65,85.28
2409,201,3,3,3,74.86,91.15
2410,201,3,1,4,73.6,79.4
2411,201,3,2,4,72.65,91.36
2412,201,3,3,4,68.99,91.6
2413,202,3,1,1,76.36,85.98
2414,202,3,2,1,80.67,83.78
2415,202,3,3,1,75.71,83.0
2416,202,3,1,2,79.05,93.33
2417,202,3,2,2,81.03,90.02
2418,202,3,3,2,77.99,91.92
2419,202,3,1,3,78.54,89.89
2420,202,3,2,3,79.19,87.9
2421,202,3,3,3,78.71,82.58
2422,202,3,1,4,82.45,82.63
2423,202,3,2,4,78.12,80.58
2424,202,3,3,4,82.16,90.67
2425,203,3,1,1,94.57,97.69
2426,203,3,2,1,92.29,98.17
2427,203,3,3,1,93.45,96.93
2428,203,3,1,2,96.63,91.32
2429,203,3,2,2,94.5,97.62
2430,203,3,3,2,92.29,96.21
2431,203,3,1,3,92.12,97.97
2432,203,3,2,3,94.69,95.26
2433,203,3,3,3,95.91,95.64
2434,203,3,1,4,96.7,92.89
2435,203,3,2,4,96.89,94.6
2436,203,3,3,4,94.84,98.96
2437,204,3,1,1,63.15,93.44
2438,204,3,2,1,63.65,91.12
2439,204,3,3,1,63.14,93.41
2440,204,3,1,2,63.63,87.41
2441,204,3,2,2,63.86,90.31
2442,204,3,3,2,64.01,79.45
2443,204,3,1,3,64.29,81.57
2444,204,3,2,3,64.45,82.88
2445,204,3,3,3,64.18,81.71
2446,204,3,1,4,64.56,91.19
2447,204,3,2,4,64.83,91.27
2448,204,3,3,4,64.43,87.99
2449,205,3,1,1,49.81,83.97
2450,205,3,2,1,53.83,89.92
2451,205,3,3,1,54.66,83.93
2452,205,3,1,2,54.7,90.95
2453,205,3,2,2,51.72,81.91
2454,205,3,3,2,54.44,84.19
2455,205,3,1,3,49.67,86.18
2456,205,3,2,3,51.81,85.25
2457,205,3,3,3,51.22,91.5
2458,205,3,1,4,49.13,86.74
2459,205,3,2,4,50.93,79.43
2460,205,3,3,4,54.16,83.08
2461,206,3,1,1,82.39,89.09
2462,206,3,2,1,79.51,93.53
2463,206,3,3,1,81.34,83.09
2464,206,3,1,2,79.97,85.88
2465,206,3,2,2,78.71,93.55
2466,206,3,3,2,79.18,87.11
2467,206,3,1,3,76.35,90.23
2468,206,3,2,3,71.84,80.73
2469,206,3,3,3,74.71,87.96
2470,206,3,1,4,71.07,84.2
2471,206,3,2,4,72.55,81.03
2472,206,3,3,4,68.47,87.65
2473,207,3,1,1,77.38,80.34
2474,207,3,2,1,79.45,87.27
2475,207,3,3,1,80.34,81.72
2476,207,3,1,2,76.96,91.39
2477,207,3,2,2,76.36,91.66
2478,207,3,3,2,78.99,86.71
2479,207,3,1,3,82.35,81.19
2480,207,3,2,3,79.58,93.98
2481,207,3,3,3,81.96,87.32
2482,207,3,1,4,78.94,89.48
2483,207,3,2,4,81.89,90.19
2484,207,3,3,4,80.65,82.0
2485,208,3,1,1,94.55,93.23
2486,208,3,2,1,92.26,95.66
2487,208,3,3,1,92.31,96.07
2488,208,3,1,2,93.25,90.46
2489,208,3,2,2,93.66,95.41
2490,208,3,3,2,97.93,96.45
2491,208,3,1,3,97.39,94.77
2492,208,3,2,3,92.86,95.42
2493,208,3,3,3,94.65,93.26
2494,208,3,1,4,94.55,95.6
2495,208,3,2,4,95.08,97.97
2496,208,3,3,4,92.01,93.63
2497,209,3,1,1,63.7,93.43
2498,209,3,2,1,63.59,86.39
2499,209,3,3,1,63.46,81.54
2500,209,3,1,2,64.02,81.61
2501,209,3,2,2,63.52,93.47
2502,209,3,3,2,63.74,93.86
2503,209,3,1,3,64.18,90.09
2504,209,3,2,3,64.41,78.89
2505,209,3,3,3,64.37,86.37
2506,209,3,1,4,64.48,81.96
2507,209,3,2,4,64.51,80.36
2508,209,3,3,4,64.69,83.2
2509,210,3,1,1,49.64,92.89
2510,210,3,2,1,50.2,86.35
2511,210,3,3,1,51.57,79.99
2512,210,3,1,2,50.31,85.75
2513,210,3,2,2,49.88,86.87
2514,210,3,3,2,49.16,88.68
2515,210,3,1,3,51.65,84.24
2516,210,3,2,3,54.34,78.71
2517,210,3,3,3,51.49,86.7
2518,210,3,1,4,54.25,84.9
2519,210,3,2,4,50.65,78.27
2520,210,3,3,4,51.56,89.77
2521,211,3,1,1,81.66,83.24
2522,211,3,2,1,82.75,84.57
2523,211,3,3,1,81.77,88.9
2524,211,3,1,2,78.82,80.03
2525,211,3,2,2,78.31,85.48
2526,211,3,3,2,74.15,87.41
2527,211,3,1,3,72.57,86.36
2528,211,3,2,3,73.88,85.14
2529,211,3,3,3,74.72,78.53
2530,211,3,1,4,70.57,86.08
2531,211,3,2,4,68.66,85.77
2532,211,3,3,4,73.68,92.56
2533,212,3,1,1,77.0,80.89
2534,212,3,2,1,76.9,81.59
2535,212,3,3,1,75.67,79.41
2536,212,3,1,2,77.68,85.17
2537,212,3,2,2,78.08,78.31
2538,212,3,3,2,79.65,83.7
2539,212,3,1,3,77.6,80.9
2540,212,3,2,3,82.65,80.32
2541,212,3,3,3,82.68,81.71
2542,212,3,1,4,82.96,90.94
2543,212,3,2,4,83.89,82.6
2544,212,3,3,4,80.36,81.91
2545,213,3,1,1,95.01,90.2
2546,213,3,2,1,96.3,95.67
2547,213,3,3,1,96.84,95.6
2548,213,3,1,2,93.05,92.86
2549,213,3,2,2,92.44,98.7
2550,213,3,3,2,92.95,97.68
2551,213,3,1,3,94.22,93.46
2552,213,3,2,3,97.97,97.59
2553,213,3,3,3,95.56,93.68
2554,213,3,1,4,95.39,91.76
2555,213,3,2,4,94.06,90.29
2556,213,3,3,4,97.18,93.63
2557,214,3,1,1,63.69,92.87
2558,214,3,2,1,63.21,85.12
2559,214,3,3,1,63.27,85.18
2560,214,3,1,2,63.61,86.46
2561,214,3,2,2,63.96,79.02
2562,214,3,3,2,63.66,84.56
2563,214,3,1,3,63.98,81.49
2564,214,3,2,3,64.08,84.29
2565,214,3,3,3,64.14,93.86
2566,214,3,1,4,64.34,87.56
2567,214,3,2,4,64.41,90.16
2568,214,3,3,4,64.59,92.17
2569,215,3,1,1,54.06,78.57
2570,215,3,2,1,52.15,91.77
2571,215,3,3,1,50.08,87.13
2572,215,3,1,2,53.42,91.16
2573,215,3,2,2,51.27,87.01
2574,215,3,3,2,51.5,81.63
2575,215,3,1,3,51.58,88.05
2576,215,3,2,3,50.61,84.17
2577,215,3,3,3,54.88,92.61
2578,215,3,1,4,53.37,90.69
2579,215,3,2,4,49.2,78.58
2580,215,3,3,4,52.22,82.64
2581,216,3,1,1,81.72,79.87
2582,216,3,2,1,80.15,83.88
2583,216,3,3,1,80.1,88.68
2584,216,3,1,2,78.66,93.58
2585,216,3,2,2,77.82,88.1
2586,216,3,3,2,78.94,84.63
2587,216,3,1,3,74.8,85.42
2588,216,3,2,3,75.43,80.7
2589,216,3,3,3,76.58,91.55
2590,216,3,1,4,72.37,91.09
2591,216,3,2,4,68.2,82.78
2592,216,3,3,4,73.76,91.01
2593,217,3,1,1,78.8,83.52
2594,217,3,2,1,80.15,78.77
2595,217,3,3,1,80.75,93.66
2596,217,3,1,2,78.13,87.87
2597,217,3,2,2,76.09,90.03
2598,217,3,3,2,81.69,80.32
2599,217,3,1,3,79.05,82.38
2600,217,3,2,3,80.55,82.87
2601,217,3,3,3,78.02,79.91
2602,217,3,1,4,79.97,80.97
2603,217,3,2,4,83.82,93.39
2604,217,3,3,4,82.11,91.2
2605,218,3,1,1,94.02,91.1
2606,218,3,2,1,94.77,93.35
2607,218,3,3,1,96.19,98.77
2608,218,3,1,2,96.98,90.19
2609,218,3,2,2,93.78,96.32
2610,218,3,3,2,93.27,98.27
2611,218,3,1,3,92.8,94.9
2612,218,3,2,3,92.18,92.65
2613,218,3,3,3,92.67,94.37
2614,218,3,1,4,93.32,98.77
2615,218,3,2,4,93.14,92.95
2616,218,3,3,4,94.83,97.96
2617,219,3,1,1,63.17,83.45
2618,219,3,2,1,63.6,84.33
2619,219,3,3,1,63.25,86.39
2620,219,3,1,2,63.73,81.46
2621,219,3,2,2,63.64,88.77
2622,219,3,3,2,64.05,78.19
2623,219,3,1,3,63.98,86.01
2624,219,3,2,3,64.29,91.79
2625,219,3,3,3,64.46,79.48
2626,219,3,1,4,64.76,91.74
2627,219,3,2,4,64.57,81.0
2628,219,3,3,4,64.8,87.01
2629,220,3,1,1,49.18,87.79
2630,220,3,2,1,49.75,90.05
2631,220,3,3,1,51.49,88.6
2632,220,3,1,2,49.05,91.18
2633,220,3,2,2,54.99,93.8
2634,220,3,3,2,49.42,93.93
2635,220,3,1,3,49.64,83.55
2636,220,3,2,3,49.81,86.76
2637,220,3,3,3,50.08,90.69
2638,220,3,1,4,54.7,89.63
2639,220,3,2,4,52.68,88.49
2640,220,3,3,4,50.6,89.42
2641,221,3,1,1,78.27,93.22
2642,221,3,2,1,82.93,93.61
2643,221,3,3,1,77.76,90.46
2644,221,3,1,2,75.89,91.76
2645,221,3,2,2,78.44,80.47
2646,221,3,3,2,74.22,92.83
2647,221,3,1,3,73.62,83.89
2648,221,3,2,3,71.87,88.16
2649,221,3,3,3,76.02,79.8
2650,221,3,1,4,70.68,83.58
2651,221,3,2,4,68.8,79.54
2652,221,3,3,4,73.37,92.75
2653,222,3,1,1,77.12,87.24
2654,222,3,2,1,77.01,85.3
2655,222,3,3,1,78.61,81.69
2656,222,3,1,2,80.32,93.04
2657,222,3,2,2,76.44,91.79
2658,222,3,3,2,80.03,91.16
2659,222,3,1,3,78.6,82.26
2660,222,3,2,3,78.96,93.83
2661,222,3,3,3,80.3,83.72
2662,222,3,1,4,81.88,91.63
2663,222,3,2,4,81.62,82.92
2664,222,3,3,4,82.85,85.15
2665,223,3,1,1,95.13,90.26
2666,223,3,2,1,92.37,91.57
2667,223,3,3,1,94.2,92.22
2668,223,3,1,2,96.69,93.18
2669,223,3,2,2,95.37,96.35
2670,223,3,3,2,96.51,96.11
2671,223,3,1,3,94.51,97.94
2672,223,3,2,3,93.3,92.75
2673,223,3,3,3,93.4,94.88
2674,223,3,1,4,94.7,93.44
2675,223,3,2,4,92.18,92.08
2676,223,3,3,4,97.02,90.89
2677,224,3,1,1,63.13,86.67
2678,224,3,2,1,63.34,82.32
2679,224,3,3,1,63.53,91.05
2680,224,3,1,2,63.62,93.36
2681,224,3,2,2,64.1,86.23
2682,224,3,3,2,63.67,87.25
2683,224,3,1,3,64.5,92.08
2684,224,3,2,3,64.28,84.74
2685,224,3,3,3,64.05,87.6
2686,224,3,1,4,64.5,90.51
2687,224,3,2,4,64.86,79.87
2688,224,3,3,4,64.88,85.97
2689,225,3,1,1,53.55,84.17
2690,225,3,2,1,53.58,80.05
2691,225,3,3,1,51.66,78.03
2692,225,3,1,2,51.01,88.85
2693,225,3,2,2,53.39,93.5
2694,225,3,3,2,51.17,89.85
2695,225,3,1,3,50.57,78.83
2696,225,3,2,3,51.0,81.27
2697,225,3,3,3,52.86,91.97
2698,225,3,1,4,54.26,79.24
2699,225,3,2,4,54.75,88.28
2700,225,3,3,4,53.4,81.19
2701,226,3,1,1,79.74,90.67
2702,226,3,2,1,82.7,82.74
2703,226,3,3,1,80.45,86.06
2704,226,3,1,2,74.56,91.59
2705,226,3,2,2,74.67,79.73
2706,226,3,3,2,77.02,79.83
2707,226,3,1,3,74.82,90.64
2708,226,3,2,3,74.02,85.26
2709,226,3,3,3,73.52,92.91
2710,226,3,1,4,71.07,79.62
2711,226,3,2,4,73.14,83.91
2712,226,3,3,4,73.52,81.62
2713,227,3,1,1,77.41,92.64
2714,227,3,2,1,76.76,85.57
2715,227,3,3,1,76.1,92.33
2716,227,3,1,2,77.01,89.83
2717,227,3,2,2,80.16,81.62
2718,227,3,3,2,81.7,81.71
2719,227,3,1,3,82.17,89.55
2720,227,3,2,3,78.02,80.62
2721,227,3,3,3,80.53,80.11
2722,227,3,1,4,78.18,84.95
2723,227,3,2,4,80.79,81.07
2724,227,3,3,4,81.85,87.11
2725,228,3,1,1,96.77,91.56
2726,228,3,2,1,93.42,94.21
2727,228,3,3,1,94.64,91.35
2728,228,3,1,2,94.03,90.81
2729,228,3,2,2,96.64,98.02
2730,228,3,3,2,92.9,97.82
2731,228,3,1,3,97.83,94.67
2732,228,3,2,3,93.39,93.23
2733,228,3,3,3,92.51,97.45
2734,228,3,1,4,97.68,90.54
2735,228,3,2,4,93.79,91.74
2736,228,3,3,4,93.13,98.82
2737,229,3,1,1,63.37,87.76
2738,229,3,2,1,63.35,84.13
2739,229,3,3,1,63.57,78.36
2740,229,3,1,2,63.51,84.35
2741,229,3,2,2,63.75,86.27
2742,229,3,3,2,64.03,89.74
2743,229,3,1,3,64.3,90.74
2744,229,3,2,3,64.48,80.11
2745,229,3,3,3,64.23,93.58
2746,229,3,1,4,64.71,87.81
2747,229,3,2,4,64.66,86.18
2748,229,3,3,4,64.77,87.81
2749,230,3,1,1,54.31,79.54
2750,230,3,2,1,52.47,86.33
2751,230,3,3,1,50.7,85.64
2752,230,3,1,2,52.62,78.6
2753,230,3,2,2,49.56,90.37
2754,230,3,3,2,49.0,85.19
2755,230,3,1,3,50.37,90.68
2756,230,3,2,3,51.7,90.95
2757,230,3,3,3,52.68,83.04
2758,230,3,1,4,54.37,84.41
2759,230,3,2,4,49.73,92.53
2760,230,3,3,4,52.29,90.07
2761,231,3,1,1,81.56,92.46
2762,231,3,2,1,80.95,81.26
2763,231,3,3,1,79.54,83.94
2764,231,3,1,2,77.74,83.83
2765,231,3,2,2,78.38,86.1
2766,231,3,3,2,79.43,82.73
2767,231,3,1,3,75.69,83.07
2768,231,3,2,3,74.88,91.81
2769,231,3,3,3,75.45,91.52
2770,231,3,1,4,72.63,93.65
2771,231,3,2,4,72.48,90.08
2772,231,3,3,4,70.67,87.92
2773,232,3,1,1,76.26,80.0
2774,232,3,2,1,76.85,88.82
2775,232,3,3,1,78.65,83.15
2776,232,3,1,2,80.09,92.37
2777,232,3,2,2,79.0,87.08
2778,232,3,3,2,78.31,82.61
2779,232,3,1,3,81.53,93.19
2780,232,3,2,3,79.49,85.35
2781,232,3,3,3,81.79,88.8
2782,232,3,1,4,82.46,80.78
2783,232,3,2,4,79.72,81.85
2784,232,3,3,4,81.44,80.52
2785,233,3,1,1,96.65,90.84
2786,233,3,2,1,96.3,91.14
2787,233,3,3,1,95.59,91.1
2788,233,3,1,2,97.78,97.61
2789,233,3,2,2,97.59,96.23
2790,233,3,3,2,95.94,96.98
2791,233,3,1,3,93.12,98.79
2792,233,3,2,3,93.63,90.96
2793,233,3,3,3,92.91,93.06
2794,233,3,1,4,93.57,94.38
2795,233,3,2,4,96.37,94.84
2796,233,3,3,4,94.24,90.17
2797,234,3,1,1,63.43,86.59
2798,234,3,2,1,63.69,78.57
2799,234,3,3,1,63.29,92.31
2800,234,3,1,2,64.02,80.0
2801,234,3,2,2,63.63,84.42
2802,234,3,3,2,63.64,80.66
2803,234,3,1,3,64.15,85.55
2804,234,3,2,3,64.04,90.68
2805,234,3,3,3,63.96,90.78
2806,234,3,1,4,64.74,79.05
2807,234,3,2,4,64.37,87.09
2808,234,3,3,4,64.67,87.48
2809,235,3,1,1,51.51,91.29
2810,235,3,2,1,51.99,79.11
2811,235,3,3,1,52.51,83.58
2812,235,3,1,2,51.62,92.9
2813,235,3,2,2,52.2,81.7
2814,235,3,3,2,50.34,93.92
2815,235,3,1,3,50.31,85.09
2816,235,3,2,3,53.04,93.92
2817,235,3,3,3,54.63,90.66
2818,235,3,1,4,54.78,93.24
2819,235,3,2,4,53.82,91.31
2820,235,3,3,4,49.94,90.73
2821,236,3,1,1,77.41,87.06
2822,236,3,2,1,79.77,93.09
2823,236,3,3,1,77.69,85.69
2824,236,3,1,2,74.97,81.05
2825,236,3,2,2,74.73,81.06
2826,236,3,3,2,78.06,82.62
2827,236,3,1,3,71.97,83.54
2828,236,3,2,3,73.22,80.52
2829,236,3,3,3,73.05,92.23
2830,236,3,1,4,72.9,79.53
2831,236,3,2,4,70.81,81.35
2832,236,3,3,4,70.53,91.89
2833,237,3,1,1,76.29,82.08
2834,237,3,2,1,77.47,79.89
2835,237,3,3,1,79.9,82.4
2836,237,3,1,2,81.77,89.34
2837,237,3,2,2,80.57,89.88
2838,237,3,3,2,76.65,79.55
2839,237,3,1,3,82.91,92.48
2840,237,3,2,3,81.25,89.78
2841,237,3,3,3,77.52,90.1
2842,237,3,1,4,83.08,80.53
2843,237,3,2,4,81.12,85.73
2844,237,3,3,4,78.4,88.22
2845,238,3,1,1,94.03,90.95
2846,238,3,2,1,95.81,95.41
2847,238,3,3,1,93.03,93.02
2848,238,3,1,2,96.19,95.27
2849,238,3,2,2,96.6,90.56
2850,238,3,3,2,96.48,91.08
2851,238,3,1,3,92.85,90.89
2852,238,3,2,3,95.6,91.67
2853,238,3,3,3,96.59,92.24
2854,238,3,1,4,92.61,94.37
2855,238,3,2,4,94.61,90.75
2856,238,3,3,4,92.36,90.63
2857,239,3,1,1,63.44,91.24
2858,239,3,2,1,63.52,92.12
2859,239,3,3,1,63.6,93.67
2860,239,3,1,2,63.96,82.26
2861,239,3,2,2,63.88,81.73
2862,239,3,3,2,64.05,88.87
2863,239,3,1,3,64.08,84.89
2864,239,3,2,3,64.31,88.18
2865,239,3,3,3,64.13,81.92
2866,239,3,1,4,64.81,92.91
2867,239,3,2,4,64.89,79.2
2868,239,3,3,4,64.46,93.57
2869,240,3,1,1,51.27,79.83
2870,240,3,2,1,49.06,92.75
2871,240,3,3,1,51.11,92.14
2872,240,3,1,2,54.34,80.04
2873,240,3,2,2,51.18,85.38
2874,240,3,3,2,54.1,87.68
2875,240,3,1,3,54.26,84.39
2876,240,3,2,3,54.49,92.23
2877,240,3,3,3,49.68,90.48
2878,240,3,1,4,52.81,84.11
2879,240,3,2,4,49.0,88.54
2880,240,3,3,4,49.19,84.46
2881,241,4,1,1,80.83,81.74
2882,241,4,2,1,82.48,86.64
2883,241,4,3,1,81.91,92.25
2884,241,4,1,2,77.03,84.77
2885,241,4,2,2,76.32,92.09
2886,241,4,3,2,74.73,81.4
2887,241,4,1,3,72.12,88.18
2888,241,4,2,3,74.4,81.23
2889,241,4,3,3,75.34,84.76
2890,241,4,1,4,69.76,85.91
2891,241,4,2,4,72.27,79.98
2892,241,4,3,4,68.5,93.48
2893,242,4,1,1,77.96,89.23
2894,242,4,2,1,77.4,80.56
2895,242,4,3,1,80.45,80.53
2896,242,4,1,2,80.1,90.8
2897,242,4,2,2,79.89,90.26
2898,242,4,3,2,81.85,88.55
2899,242,4,1,3,77.28,84.02
2900,242,4,2,3,78.39,87.86
2901,242,4,3,3,79.97,80.24
2902,242,4,1,4,80.66,79.89
2903,242,4,2,4,78.02,81.48
2904,242,4,3,4,81.5,90.06
2905,243,4,1,1,93.1,97.82
2906,243,4,2,1,95.63,93.06
2907,243,4,3,1,97.64,91.7
2908,243,4,1,2,95.25,97.56
2909,243,4,2,2,93.78,93.35
2910,243,4,3,2,94.11,98.05
2911,243,4,1,3,95.29,91.93
2912,243,4,2,3,93.93,95.88
2913,243,4,3,3,95.3,93.42
2914,243,4,1,4,92.78,92.05
2915,243,4,2,4,93.01,95.72
2916,243,4,3,4,96.4,98.46
2917,244,4,1,1,63.66,84.93
2918,244,4,2,1,63.42,83.35
2919,244,4,3,1,63.12,78.75
2920,244,4,1,2,63.6,83.39
2921,244,4,2,2,63.71,85.68
2922,244,4,3,2,63.67,91.32
2923,244,4,1,3,64.47,85.98
2924,244,4,2,3,64.05,84.83
2925,244,4,3,3,64.11,91.67
2926,244,4,1,4,64.48,89.86
2927,244,4,2,4,64.9,85.2
2928,244,4,3,4,64.83,86.54
2929,245,4,1,1,50.75,80.83
2930,245,4,2,1,51.12,89.58
2931,245,4,3,1,54.71,82.44
2932,245,4,1,2,50.51,78.58
2933,245,4,2,2,49.32,91.25
2934,245,4,3,2,54.82,89.65
2935,245,4,1,3,51.33,80.72
2936,245,4,2,3,49.43,82.77
2937,245,4,3,3,52.79,91.13
2938,245,4,1,4,52.84,85.08
2939,245,4,2,4,49.41,78.86
2940,245,4,3,4,52.95,84.06
2941,246,4,1,1,82.27,85.92
2942,246,4,2,1,79.3,90.23
2943,246,4,3,1,79.87,85.91
2944,246,4,1,2,74.56,86.65
2945,246,4,2,2,79.23,82.75
2946,246,4,3,2,79.96,91.98
2947,246,4,1,3,73.11,93.02
2948,246,4,2,3,72.24,85.09
2949,246,4,3,3,74.66,89.43
2950,246,4,1,4,71.83,89.25
2951,246,4,2,4,73.56,80.35
2952,246,4,3,4,72.74,78.5
2953,247,4,1,1,79.95,92.11
2954,247,4,2,1,80.08,88.19
2955,247,4,3,1,78.78,82.63
2956,247,4,1,2,76.19,79.67
2957,247,4,2,2,78.2,82.89
2958,247,4,3,2,77.81,86.17
2959,247,4,1,3,77.17,91.55
2960,247,4,2,3,81.2,80.65
2961,247,4,3,3,77.89,88.31
2962,247,4,1,4,80.16,89.8
2963,247,4,2,4,78.85,78.44
2964,247,4,3,4,83.38,92.01
2965,248,4,1,1,94.95,98.78
2966,248,4,2,1,93.41,95.13
2967,248,4,3,1,95.01,97.97
2968,248,4,1,2,95.98,97.32
2969,248,4,2,2,93.05,93.73
2970,248,4,3,2,95.77,98.45
2971,248,4,1,3,93.62,90.58
2972,248,4,2,3,95.41,98.53
2973,248,4,3,3,96.9,96.08
2974,248,4,1,4,92.25,97.56
2975,248,4,2,4,94.37,91.33
2976,248,4,3,4,92.87,90.73
2977,249,4,1,1,63.29,90.99
2978,249,4,2,1,63.32,92.49
2979,249,4,3,1,63.46,93.24
2980,249,4,1,2,64.05,89.71
2981,249,4,2,2,63.72,83.46
2982,249,4,3,2,63.89,90.69
2983,249,4,1,3,63.98,84.24
2984,249,4,2,3,64.12,91.98
2985,249,4,3,3,64.03,93.71
2986,249,4,1,4,64.32,83.01
2987,249,4,2,4,64.32,85.48
2988,249,4,3,4,64.38,91.67
2989,250,4,1,1,52.98,91.06
2990,250,4,2,1,49.97,88.89
2991,250,4,3,1,54.09,85.35
2992,250,4,1,2,49.95,89.03
2993,250,4,2,2,53.32,92.72
2994,250,4,3,2,52.22,82.84
2995,250,4,1,3,52.39,91.47
2996,250,4,2,3,53.77,80.14
2997,250,4,3,3,52.89,82.0
2998,250,4,1,4,54.12,88.23
2999,250,4,2,4,49.03,79.46
3000,250,4,3,4,49.98,86.8
3001,251,4,1,1,79.34,93.52
3002,251,4,2,1,81.33,88.5
3003,251,4,3,1,79.73,87.36
3004,251,4,1,2,78.88,86.51
3005,251,4,2,2,78.34,89.41
3006,251,4,3,2,76.49,84.37
3007,251,4,1,3,71.63,81.33
3008,251,4,2,3,76.92,85.61
3009,251,4,3,3,76.11,89.9
3010,251,4,1,4,71.88,79.19
3011,251,4,2,4,73.67,78.07
3012,251,4,3,4,70.75,93.53
3013,252,4,1,1,75.99,86.61
3014,252,4,2,1,75.03,79.59
3015,252,4,3,1,79.8,91.48
3016,252,4,1,2,76.21,92.47
3017,252,4,2,2,76.23,89.87
3018,252,4,3,2,80.42,90.33
3019,252,4,1,3,80.9,84.81
3020,252,4,2,3,77.01,92.66
3021,252,4,3,3,78.97,93.36
3022,252,4,1,4,78.92,88.81
3023,252,4,2,4,81.94,91.57
3024,252,4,3,4,78.98,81.96
3025,253,4,1,1,97.89,93.61
3026,253,4,2,1,93.77,95.79
3027,253,4,3,1,96.42,95.98
3028,253,4,1,2,96.3,97.48
3029,253,4,2,2,97.65,91.88
3030,253,4,3,2,96.34,97.41
3031,253,4,1,3,97.75,97.85
3032,253,4,2,3,93.77,94.54
3033,253,4,3,3,92.08,97.36
3034,253,4,1,4,94.31,95.29
3035,253,4,2,4,93.83,91.37
3036,253,4,3,4,94.58,91.5
3037,254,4,1,1,63.12,80.92
3038,254,4,2,1,63.42,87.77
3039,254,4,3,1,63.15,83.45
3040,254,4,1,2,64.05,89.98
3041,254,4,2,2,63.59,84.26
3042,254,4,3,2,63.67,86.63
3043,254,4,1,3,64.07,78.87
3044,254,4,2,3,64.11,82.32
3045,254,4,3,3,64.26,79.87
3046,254,4,1,4,64.64,81.02
3047,254,4,2,4,64.9,83.76
3048,254,4,3,4,64.59,80.84
3049,255,4,1,1,54.51,82.48
3050,255,4,2,1,49.38,87.03
3051,255,4,3,1,54.82,82.21
3052,255,4,1,2,52.44,84.14
3053,255,4,2,2,51.46,82.98
3054,255,4,3,2,50.48,89.42
3055,255,4,1,3,52.5,88.54
3056,255,4,2,3,51.55,80.17
3057,255,4,3,3,51.68,89.08
3058,255,4,1,4,50.23,78.22
3059,255,4,2,4,51.1,91.93
3060,255,4,3,4,51.87,86.23
3061,256,4,1,1,78.67,90.32
3062,256,4,2,1,80.17,87.34
3063,256,4,3,1,77.97,91.98
3064,256,4,1,2,76.9,89.23
3065,256,4,2,2,79.57,92.04
3066,256,4,3,2,74.81,80.41
3067,256,4,1,3,73.85,91.15
3068,256,4,2,3,75.06,82.09
3069,256,4,3,3,76.8,82.28
3070,256,4,1,4,70.64,93.07
3071,256,4,2,4,70.86,80.2
3072,256,4,3,4,71.93,78.1
3073,257,4,1,1,78.78,92.4
3074,257,4,2,1,76.42,78.65
3075,257,4,3,1,80.05,86.39
3076,257,4,1,2,79.8,83.46
3077,257,4,2,2,76.21,86.63
3078,257,4,3,2,77.86,83.52
3079,257,4,1,3,80.62,88.08
3080,257,4,2,3,82.38,82.58
3081,257,4,3,3,80.84,85.38
3082,257,4,1,4,83.58,92.79
3083,257,4,2,4,82.14,80.33
3084,257,4,3,4,78.91,88.55
3085,258,4,1,1,93.01,92.92
3086,258,4,2,1,94.91,95.3
3087,258,4,3,1,95.42,97.62
3088,258,4,1,2,95.25,90.03
3089,258,4,2,2,97.35,92.67
3090,258,4,3,2,92.02,98.89
3091,258,4,1,3,92.67,98.12
3092,258,4,2,3,96.6,91.92
3093,258,4,3,3,96.18,93.52
3094,258,4,1,4,96.88,98.15
3095,258,4,2,4,96.83,90.35
3096,258,4,3,4,93.18,90.97
3097,259,4,1,1,63.19,84.48
3098,259,4,2,1,63.36,84.5
3099,259,4,3,1,63.52,92.13
3100,259,4,1,2,63.62,85.18
3101,259,4,2,2,63.87,85.43
3102,259,4,3,2,64.05,84.59
3103,259,4,1,3,64.39,86.05
3104,259,4,2,3,64.17,90.38
3105,259,4,3,3,64.28,82.57
3106,259,4,1,4,64.43,80.58
3107,259,4,2,4,64.58,87.02
3108,259,4,3,4,64.74,89.18
3109,260,4,1,1,50.8,78.73
3110,260,4,2,1,54.77,80.41
3111,260,4,3,1,50.84,85.43
3112,260,4,1,2,53.82,89.51
3113,260,4,2,2,53.57,79.72
3114,260,4,3,2,50.7,88.96
3115,260,4,1,3,49.25,93.48
3116,260,4,2,3,51.12,78.65
3117,260,4,3,3,49.99,82.77
3118,260,4,1,4,53.98,85.58
3119,260,4,2,4,54.57,90.16
3120,260,4,3,4,53.19,88.99
3121,261,4,1,1,79.48,80.56
3122,261,4,2,1,79.28,88.32
3123,261,4,3,1,82.21,80.41
3124,261,4,1,2,79.19,92.0
3125,261,4,2,2,77.46,78.13
3126,261,4,3,2,75.48,93.14
3127,261,4,1,3,71.37,79.52
3128,261,4,2,3,71.09,79.74
3129,261,4,3,3,72.78,83.56
3130,261,4,1,4,71.51,79.3
3131,261,4,2,4,70.62,88.59
3132,261,4,3,4,73.69,90.09
3133,262,4,1,1,80.28,90.11
3134,262,4,2,1,76.71,89.77
3135,262,4,3,1,75.34,91.64
3136,262,4,1,2,79.55,90.68
3137,262,4,2,2,77.51,79.26
3138,262,4,3,2,80.11,84.1
3139,262,4,1,3,78.85,87.8
3140,262,4,2,3,79.66,89.51
3141,262,4,3,3,78.93,91.65
3142,262,4,1,4,81.81,82.15
3143,262,4,2,4,79.2,78.26
3144,262,4,3,4,81.89,90.82
3145,263,4,1,1,96.38,92.59
3146,263,4,2,1,92.0,97.95
3147,263,4,3,1,92.88,92.81
3148,263,4,1,2,95.98,97.57
3149,263,4,2,2,94.67,90.41
3150,263,4,3,2,95.95,93.47
3151,263,4,1,3,94.12,92.39
3152,263,4,2,3,94.45,90.41
3153,263,4,3,3,92.39,90.72
3154,263,4,1,4,93.3,92.11
3155,263,4,2,4,93.14,97.62
3156,263,4,3,4,97.04,91.6
3157,264,4,1,1,63.66,82.16
3158,264,4,2,1,63.4,88.97
3159,264,4,3,1,63.63,91.07
3160,264,4,1,2,63.55,93.75
3161,264,4,2,2,63.89,80.26
3162,264,4,3,2,63.76,81.84
3163,264,4,1,3,64.16,80.79
3164,264,4,2,3,64.14,82.65
3165,264,4,3,3,64.04,78.3
3166,264,4,1,4,64.9,84.72
3167,264,4,2,4,64.59,86.93
3168,264,4,3,4,64.44,79.61
3169,265,4,1,1,49.89,89.54
3170,265,4,2,1,49.32,84.93
3171,265,4,3,1,53.76,86.65
3172,265,4,1,2,51.31,93.92
3173,265,4,2,2,54.15,84.09
3174,265,4,3,2,53.34,91.15
3175,265,4,1,3,52.58,82.85
3176,265,4,2,3,49.98,80.82
3177,265,4,3,3,54.99,79.04
3178,265,4,1,4,53.1,87.57
3179,265,4,2,4,53.17,78.23
3180,265,4,3,4,51.66,80.93
3181,266,4,1,1,78.79,78.47
3182,266,4,2,1,78.0,80.9
3183,266,4,3,1,82.31,85.47
3184,266,4,1,2,77.11,78.99
3185,266,4,2,2,76.22,93.98
3186,266,4,3,2,78.4,85.27
3187,266,4,1,3,74.04,85.85
3188,266,4,2,3,75.04,83.57
3189,266,4,3,3,71.77,82.54
3190,266,4,1,4,72.92,84.4
3191,266,4,2,4,73.02,79.12
3192,266,4,3,4,71.92,78.67
3193,267,4,1,1,76.99,90.15
3194,267,4,2,1,80.23,84.1
3195,267,4,3,1,78.66,93.38
3196,267,4,1,2,81.97,88.51
3197,267,4,2,2,78.4,89.42
3198,267,4,3,2,81.13,80.2
3199,267,4,1,3,78.56,86.18
3200,267,4,2,3,81.13,84.1
3201,267,4,3,3,80.78,88.12
3202,267,4,1,4,79.2,82.79
3203,267,4,2,4,82.35,79.11
3204,267,4,3,4,81.14,80.58
3205,268,4,1,1,92.98,95.99
3206,268,4,2,1,96.41,91.52
3207,268,4,3,1,92.63,94.94
3208,268,4,1,2,93.86,92.85
3209,268,4,2,2,92.28,97.37
3210,268,4,3,2,94.27,95.28
3211,268,4,1,3,97.02,91.23
3212,268,4,2,3,94.13,96.55
3213,268,4,3,3,94.5,91.77
3214,268,4,1,4,97.06,93.72
3215,268,4,2,4,96.55,94.77
3216,268,4,3,4,92.16,97.89
3217,269,4,1,1,63.61,81.64
3218,269,4,2,1,63.35,88.01
3219,269,4,3,1,63.39,82.57
3220,269,4,1,2,64.06,91.41
3221,269,4,2,2,63.86,88.89
3222,269,4,3,2,63.62,85.65
3223,269,4,1,3,64.29,93.22
3224,269,4,2,3,64.02,88.76
3225,269,4,3,3,64.17,80.38
3226,269,4,1,4,64.45,78.77
3227,269,4,2,4,64.67,80.6
3228,269,4,3,4,64.86,92.2
3229,270,4,1,1,53.67,86.92
3230,270,4,2,1,54.79,91.31
3231,270,4,3,1,52.34,79.07
3232,270,4,1,2,54.28,85.81
3233,270,4,2,2,49.09,91.07
3234,270,4,3,2,52.06,92.84
3235,270,4,1,3,52.04,86.28
3236,270,4,2,3,50.09,92.99
3237,270,4,3,3,54.81,87.25
3238,270,4,1,4,49.25,91.59
3239,270,4,2,4,53.22,93.51
3240,270,4,3,4,49.15,82.43
3241,271,4,1,1,80.81,92.54
3242,271,4,2,1,79.58,89.69
3243,271,4,3,1,81.28,90.54
3244,271,4,1,2,78.46,84.34
3245,271,4,2,2,76.2,82.75
3246,271,4,3,2,78.34,89.66
3247,271,4,1,3,75.06,86.99
3248,271,4,2,3,71.01,78.54
3249,271,4,3,3,74.61,79.37
3250,271,4,1,4,69.11,83.51
3251,271,4,2,4,73.85,85.76
3252,271,4,3,4,71.02,88.77
3253,272,4,1,1,76.03,78.04
3254,272,4,2,1,80.52,90.54
3255,272,4,3,1,80.58,91.69
3256,272,4,1,2,80.56,80.36
3257,272,4,2,2,81.86,85.05
3258,272,4,3,2,78.59,88.78
3259,272,4,1,3,79.99,93.46
3260,272,4,2,3,80.56,82.0
3261,272,4,3,3,79.38,88.89
3262,272,4,1,4,80.72,81.71
3263,272,4,2,4,78.72,85.62
3264,272,4,3,4,78.06,81.39
3265,273,4,1,1,93.9,95.28
3266,273,4,2,1,96.06,95.96
3267,273,4,3,1,96.67,94.45
3268,273,4,1,2,92.26,91.5
3269,273,4,2,2,96.14,92.49
3270,273,4,3,2,95.66,97.0
3271,273,4,1,3,94.31,96.69
3272,273,4,2,3,97.51,98.63
3273,273,4,3,3,95.48,94.28
3274,273,4,1,4,96.7,98.67
3275,273,4,2,4,92.44,90.42
3276,273,4,3,4,97.38,91.07
3277,274,4,1,1,63.46,81.96
3278,274,4,2,1,63.62,83.56
3279,274,4,3,1,63.5,91.93
3280,274,4,1,2,64.05,79.96
3281,274,4,2,2,64.02,87.2
3282,274,4,3,2,63.55,84.02
3283,274,4,1,3,64.28,89.26
3284,274,4,2,3,64.45,79.58
3285,274,4,3,3,64.21,79.26
3286,274,4,1,4,64.72,91.94
3287,274,4,2,4,64.34,91.42
3288,274,4,3,4,64.32,87.27
3289,275,4,1,1,54.55,82.79
3290,275,4,2,1,54.25,84.19
3291,275,4,3,1,49.86,90.58
3292,275,4,1,2,52.0,88.08
3293,275,4,2,2,53.75,81.62
3294,275,4,3,2,52.55,79.83
3295,275,4,1,3,53.64,88.25
3296,275,4,2,3,54.15,91.35
3297,275,4,3,3,49.11,89.43
3298,275,4,1,4,51.15,84.98
3299,275,4,2,4,50.24,79.1
3300,275,4,3,4,54.66,93.59
3301,276,4,1,1,80.63,93.08
3302,276,4,2,1,77.12,87.78
3303,276,4,3,1,78.71,93.99
3304,276,4,1,2,79.87,80.76
3305,276,4,2,2,74.07,89.0
3306,276,4,3,2,79.06,84.05
3307,276,4,1,3,76.38,88.03
3308,276,4,2,3,71.59,88.27
3309,276,4,3,3,75.73,93.5
3310,276,4,1,4,71.95,86.23
3311,276,4,2,4,68.69,91.29
3312,276,4,3,4,73.71,85.99
3313,277,4,1,1,75.03,87.15
3314,277,4,2,1,78.62,93.34
3315,277,4,3,1,80.22,83.55
3316,277,4,1,2,80.03,87.29
3317,277,4,2,2,79.0,85.35
3318,277,4,3,2,80.7,83.29
3319,277,4,1,3,79.04,79.19
3320,277,4,2,3,81.88,87.45
3321,277,4,3,3,78.8,84.85
3322,277,4,1,4,79.72,80.66
3323,277,4,2,4,78.07,90.56
3324,277,4,3,4,83.07,86.22
3325,278,4,1,1,93.23,94.06
3326,278,4,2,1,93.34,97.16
3327,278,4,3,1,93.4,98.92
3328,278,4,1,2,96.33,94.73
3329,278,4,2,2,96.39,92.66
3330,278,4,3,2,97.68,92.65
3331,278,4,1,3,93.52,90.81
3332,278,4,2,3,95.75,97.57
3333,278,4,3,3,95.06,91.34
3334,278,4,1,4,94.76,94.99
3335,278,4,2,4,92.39,91.35
3336,278,4,3,4,93.07,94.11
3337,279,4,1,1,63.44,82.41
3338,279,4,2,1,63.35,92.57
3339,279,4,3,1,63.58,90.02
3340,279,4,1,2,63.63,88.72
3341,279,4,2,2,63.73,91.28
3342,279,4,3,2,64.05,83.59
3343,279,4,1,3,64.36,81.96
3344,279,4,2,3,64.22,88.55
3345,279,4,3,3,64.11,88.97
3346,279,4,1,4,64.54,84.12
3347,279,4,2,4,64.61,92.18
3348,279,4,3,4,64.47,85.78
3349,280,4,1,1,51.95,79.72
3350,280,4,2,1,50.75,92.25
3351,280,4,3,1,50.5,88.82
3352,280,4,1,2,54.57,90.35
3353,280,4,2,2,49.43,85.87
3354,280,4,3,2,49.5,90.11
3355,280,4,1,3,51.17,89.15
3356,280,4,2,3,53.98,87.89
3357,280,4,3,3,49.2,83.51
3358,280,4,1,4,52.41,88.48
3359,280,4,2,4,52.83,92.11
3360,280,4,3,4,54.41,80.65
3361,281,4,1,1,81.59,78.73
3362,281,4,2,1,77.57,91.63
3363,281,4,3,1,82.13,80.62
3364,281,4,1,2,77.71,81.3
3365,281,4,2,2,77.66,87.74
3366,281,4,3,2,77.01,88.13
3367,281,4,1,3,71.23,78.66
3368,281,4,2,3,74.67,87.09
3369,281,4,3,3,74.92,85.28
3370,281,4,1,4,70.96,89.19
3371,281,4,2,4,71.63,82.61
3372,281,4,3,4,70.46,85.05
3373,282,4,1,1,79.95,89.5
3374,282,4,2,1,76.23,89.97
3375,282,4,3,1,78.67,80.13
3376,282,4,1,2,78.72,79.24
3377,282,4,2,2,81.71,84.17
3378,282,4,3,2,81.67,88.38
3379,282,4,1,3,79.63,93.19
3380,282,4,2,3,78.95,84.16
3381,282,4,3,3,81.59,79.73
3382,282,4,1,4,83.29,78.9
3383,282,4,2,4,81.56,87.55
3384,282,4,3,4,82.25,91.68
3385,283,4,1,1,93.14,96.86
3386,283,4,2,1,96.2,91.46
3387,283,4,3,1,96.86,96.44
3388,283,4,1,2,93.49,91.85
3389,283,4,2,2,97.82,94.28
3390,283,4,3,2,93.23,98.0
3391,283,4,1,3,96.76,97.82
3392,283,4,2,3,97.56,98.77
3393,283,4,3,3,96.5,90.17
3394,283,4,1,4,92.62,94.76
3395,283,4,2,4,92.36,95.42
3396,283,4,3,4,96.25,98.52
3397,284,4,1,1,63.6,83.93
3398,284,4,2,1,63.56,78.69
3399,284,4,3,1,63.1,83.13
3400,284,4,1,2,63.68,81.43
3401,284,4,2,2,63.98,81.61
3402,284,4,3,2,63.61,84.03
3403,284,4,1,3,64.22,91.08
3404,284,4,2,3,64.34,84.25
3405,284,4,3,3,64.27,80.2
3406,284,4,1,4,64.52,87.73
3407,284,4,2,4,64.64,82.07
3408,284,4,3,4,64.47,78.37
3409,285,4,1,1,51.58,91.56
3410,285,4,2,1,53.78,86.64
3411,285,4,3,1,50.45,90.87
3412,285,4,1,2,52.47,86.67
3413,285,4,2,2,52.67,93.06
3414,285,4,3,2,54.8,85.43
3415,285,4,1,3,51.6,78.53
3416,285,4,2,3,54.87,84.43
3417,285,4,3,3,53.15,89.42
3418,285,4,1,4,50.26,92.34
3419,285,4,2,4,53.4,83.14
3420,285,4,3,4,50.02,89.77
3421,286,4,1,1,78.3,89.9
3422,286,4,2,1,81.07,82.36
3423,286,4,3,1,79.42,82.29
3424,286,4,1,2,76.83,85.28
3425,286,4,2,2,75.16,85.24
3426,286,4,3,2,74.77,93.23
3427,286,4,1,3,73.49,78.0
3428,286,4,2,3,76.06,90.32
3429,286,4,3,3,73.28,79.82
3430,286,4,1,4,73.64,90.41
3431,286,4,2,4,69.23,87.33
3432,286,4,3,4,73.66,87.33
3433,287,4,1,1,80.59,85.12
3434,287,4,2,1,76.19,88.4
3435,287,4,3,1,80.93,87.43
3436,287,4,1,2,78.52,93.19
3437,287,4,2,2,78.17,88.86
3438,287,4,3,2,79.29,80.89
3439,287,4,1,3,77.34,89.86
3440,287,4,2,3,81.59,80.08
3441,287,4,3,3,79.86,91.31
3442,287,4,1,4,83.63,90.39
3443,287,4,2,4,83.18,87.85
3444,287,4,3,4,83.76,84.25
3445,288,4,1,1,92.72,97.28
3446,288,4,2,1,94.64,95.05
3447,288,4,3,1,96.26,92.52
3448,288,4,1,2,94.4,95.1
3449,288,4,2,2,92.38,94.27
3450,288,4,3,2,96.67,90.84
3451,288,4,1,3,95.05,94.89
3452,288,4,2,3,96.38,94.35
3453,288,4,3,3,92.31,92.52
3454,288,4,1,4,96.71,95.22
3455,288,4,2,4,94.2,90.97
3456,288,4,3,4,96.43,93.42
3457,289,4,1,1,63.66,79.31
3458,289,4,2,1,63.37,92.04
3459,289,4,3,1,63.14,81.1
3460,289,4,1,2,64.09,92.84
3461,289,4,2,2,64.02,84.32
3462,289,4,3,2,63.8,86.72
3463,289,4,1,3,63.99,92.74
3464,289,4,2,3,63.92,85.52
3465,289,4,3,3,63.93,87.64
3466,289,4,1,4,64.57,85.12
3467,289,4,2,4,64.58,85.69
3468,289,4,3,4,64.59,83.81
3469,290,4,1,1,51.72,78.61
3470,290,4,2,1,54.3,89.64
3471,290,4,3,1,51.7,87.66
3472,290,4,1,2,51.74,78.68
3473,290,4,2,2,50.41,86.29
3474,290,4,3,2,51.39,85.4
3475,290,4,1,3,49.07,79.48
3476,290,4,2,3,51.17,86.45
3477,290,4,3,3,50.92,84.63
3478,290,4,1,4,54.29,83.77
3479,290,4,2,4,49.86,82.09
3480,290,4,3,4,53.11,83.74
3481,291,4,1,1,81.62,85.23
3482,291,4,2,1,78.65,91.94
3483,291,4,3,1,81.67,81.51
3484,291,4,1,2,74.75,91.11
3485,291,4,2,2,74.49,82.56
3486,291,4,3,2,74.28,88.27
3487,291,4,1,3,73.54,82.03
3488,291,4,2,3,76.44,78.81
3489,291,4,3,3,76.03,90.59
3490,291,4,1,4,71.59,86.36
3491,291,4,2,4,69.05,92.85
3492,291,4,3,4,72.94,89.21
3493,292,4,1,1,80.72,79.49
3494,292,4,2,1,75.43,86.75
3495,292,4,3,1,77.58,89.36
3496,292,4,1,2,78.67,91.56
3497,292,4,2,2,80.69,81.17
3498,292,4,3,2,78.26,80.41
3499,292,4,1,3,80.99,91.57
3500,292,4,2,3,77.78,91.76
3501,292,4,3,3,77.26,78.83
3502,292,4,1,4,83.95,92.46
3503,292,4,2,4,79.44,81.39
3504,292,4,3,4,81.3,87.88
3505,293,4,1,1,94.16,97.91
3506,293,4,2,1,94.35,96.44
3507,293,4,3,1,93.9,90.67
3508,293,4,1,2,94.56,93.95
3509,293,4,2,2,96.4,98.01
3510,293,4,3,2,92.22,91.66
3511,293,4,1,3,96.99,91.81
3512,293,4,2,3,95.89,97.64
3513,293,4,3,3,93.34,91.03
3514,293,4,1,4,96.38,90.59
3515,293,4,2,4,94.74,97.31
3516,293,4,3,4,95.82,97.92
3517,294,4,1,1,63.69,81.32
3518,294,4,2,1,63.51,87.51
3519,294,4,3,1,63.4,88.71
3520,294,4,1,2,63.84,84.98
3521,294,4,2,2,63.67,90.2
3522,294,4,3,2,63.92,83.65
3523,294,4,1,3,64.02,81.01
3524,294,4,2,3,64.06,80.27
3525,294,4,3,3,63.93,91.35
3526,294,4,1,4,64.41,92.33
3527,294,4,2,4,64.87,78.36
3528,294,4,3,4,64.54,83.5
3529,295,4,1,1,54.05,92.33
3530,295,4,2,1,52.77,92.51
3531,295,4,3,1,50.42,81.15
3532,295,4,1,2,54.24,78.21
3533,295,4,2,2,54.0,90.38
3534,295,4,3,2,51.26,86.22
3535,295,4,1,3,49.72,87.49
3536,295,4,2,3,49.32,93.57
3537,295,4,3,3,51.48,82.42
3538,295,4,1,4,50.58,92.2
3539,295,4,2,4,51.16,81.43
3540,295,4,3,4,49.94,79.69
3541,296,4,1,1,79.71,92.4
3542,296,4,2,1,78.65,87.86
3543,296,4,3,1,77.89,87.8
3544,296,4,1,2,76.14,83.89
3545,296,4,2,2,74.38,84.38
3546,296,4,3,2,79.04,81.82
3547,296,4,1,3,73.89,90.73
3548,296,4,2,3,72.34,83.88
3549,296,4,3,3,71.13,79.44
3550,296,4,1,4,70.67,84.19
3551,296,4,2,4,70.42,92.43
3552,296,4,3,4,69.53,91.11
3553,297,4,1,1,76.28,86.77
3554,297,4,2,1,79.25,93.69
3555,297,4,3,1,75.23,82.43
3556,297,4,1,2,78.46,89.69
3557,297,4,2,2,79.18,82.41
3558,297,4,3,2,79.76,90.1
3559,297,4,1,3,82.82,92.23
3560,297,4,2,3,79.18,88.71
3561,297,4,3,3,80.0,88.67
3562,297,4,1,4,80.77,93.9
3563,297,4,2,4,79.28,82.29
3564,297,4,3,4,83.46,89.94
3565,298,4,1,1,93.91,98.12
3566,298,4,2,1,96.91,94.43
3567,298,4,3,1,97.04,90.43
3568,298,4,1,2,93.64,92.12
3569,298,4,2,2,93.08,96.05
3570,298,4,3,2,96.69,92.94
3571,298,4,1,3,97.19,92.23
3572,298,4,2,3,92.74,96.15
3573,298,4,3,3,94.51,98.01
3574,298,4,1,4,92.48,95.65
3575,298,4,2,4,96.26,94.42
3576,298,4,3,4,95.63,95.57
3577,299,4,1,1,63.49,83.91
3578,299,4,2,1,63.47,80.73
3579,299,4,3,1,63.56,91.82
3580,299,4,1,2,63.64,81.46
3581,299,4,2,2,63.77,82.39
3582,299,4,3,2,64.02,89.76
3583,299,4,1,3,64.33,83.44
3584,299,4,2,3,64.32,78.29
3585,299,4,3,3,64.3,92.65
3586,299,4,1,4,64.71,84.35
3587,299,4,2,4,64.65,78.36
3588,299,4,3,4,64.87,89.85
3589,300,4,1,1,54.15,83.16
3590,300,4,2,1,49.17,90.46
3591,300,4,3,1,49.7,85.43
3592,300,4,1,2,53.21,80.77
3593,300,4,2,2,54.12,79.01
3594,300,4,3,2,50.6,81.83
3595,300,4,1,3,53.2,81.69
3596,300,4,2,3,52.86,90.28
3597,300,4,3,3,53.44,81.76
3598,300,4,1,4,51.34,86.94
3599,300,4,2,4,52.09,84.95
3600,300,4,3,4,51.62,83.78
3601,301,4,1,1,82.31,82.54
3602,301,4,2,1,80.41,82.15
3603,301,4,3,1,79.22,85.37
3604,301,4,1,2,77.14,81.54
3605,301,4,2,2,74.61,84.1
3606,301,4,3,2,74.26,90.81
3607,301,4,1,3,76.45,84.68
3608,301,4,2,3,75.5,84.89
3609,301,4,3,3,74.6,84.17
3610,301,4,1,4,70.68,93.75
3611,301,4,2,4,71.07,87.58
3612,301,4,3,4,71.66,92.92
3613,302,4,1,1,76.33,91.05
3614,302,4,2,1,76.55,88.78
3615,302,4,3,1,75.05,88.77
3616,302,4,1,2,78.62,80.02
3617,302,4,2,2,79.74,88.89
3618,302,4,3,2,76.48,79.16
3619,302,4,1,3,81.88,87.81
3620,302,4,2,3,78.52,79.83
3621,302,4,3,3,78.37,82.62
3622,302,4,1,4,81.12,92.19
3623,302,4,2,4,78.23,88.75
3624,302,4,3,4,79.47,85.41
3625,303,4,1,1,93.94,96.65
3626,303,4,2,1,92.6,97.02
3627,303,4,3,1,94.72,96.56
3628,303,4,1,2,92.21,90.54
3629,303,4,2,2,94.16,96.95
3630,303,4,3,2,92.8,94.36
3631,303,4,1,3,94.92,90.95
3632,303,4,2,3,97.69,93.38
3633,303,4,3,3,94.35,96.16
3634,303,4,1,4,97.73,98.7
3635,303,4,2,4,94.33,92.41
3636,303,4,3,4,94.78,98.06
3637,304,4,1,1,63.31,88.36
3638,304,4,2,1,63.28,85.31
3639,304,4,3,1,63.16,80.56
3640,304,4,1,2,64.09,85.94
3641,304,4,2,2,63.54,79.03
3642,304,4,3,2,63.59,84.56
3643,304,4,1,3,64.33,83.92
3644,304,4,2,3,64.37,79.67
3645,304,4,3,3,64.31,83.54
3646,304,4,1,4,64.41,85.36
3647,304,4,2,4,64.55,87.39
3648,304,4,3,4,64.59,79.57
3649,305,4,1,1,53.33,78.93
3650,305,4,2,1,52.42,80.11
3651,305,4,3,1,49.39,93.78
3652,305,4,1,2,54.86,87.12
3653,305,4,2,2,50.18,82.76
3654,305,4,3,2,49.69,89.2
3655,305,4,1,3,52.1,90.81
3656,305,4,2,3,52.83,85.36
3657,305,4,3,3,52.11,89.7
3658,305,4,1,4,52.86,93.74
3659,305,4,2,4,53.74,83.41
3660,305,4,3,4,51.94,90.71
3661,306,4,1,1,78.51,85.96
3662,306,4,2,1,77.91,81.69
3663,306,4,3,1,78.83,85.3
3664,306,4,1,2,79.33,90.97
3665,306,4,2,2,78.15,88.19
3666,306,4,3,2,75.78,88.66
3667,306,4,1,3,72.6,87.57
3668,306,4,2,3,75.73,88.89
3669,306,4,3,3,72.26,78.28
3670,306,4,1,4,72.89,92.98
3671,306,4,2,4,73.96,88.15
3672,306,4,3,4,69.55,91.55
3673,307,4,1,1,75.04,92.99
3674,307,4,2,1,79.61,91.46
3675,307,4,3,1,77.93,87.74
3676,307,4,1,2,77.68,85.87
3677,307,4,2,2,80.31,80.56
3678,307,4,3,2,78.49,93.91
3679,307,4,1,3,78.71,79.06
3680,307,4,2,3,79.43,78.59
3681,307,4,3,3,80.02,88.12
3682,307,4,1,4,83.77,86.58
3683,307,4,2,4,79.99,82.19
3684,307,4,3,4,81.41,82.51
3685,308,4,1,1,96.14,93.85
3686,308,4,2,1,92.64,96.95
3687,308,4,3,1,92.84,96.59
3688,308,4,1,2,94.65,95.39
3689,308,4,2,2,97.5,93.61
3690,308,4,3,2,97.86,94.71
3691,308,4,1,3,97.0,94.67
3692,308,4,2,3,96.32,97.18
3693,308,4,3,3,93.43,93.67
3694,308,4,1,4,95.55,91.6
3695,308,4,2,4,95.81,98.83
3696,308,4,3,4,96.82,97.61
3697,309,4,1,1,63.6,82.61
3698,309,4,2,1,63.26,88.93
3699,309,4,3,1,63.25,78.28
3700,309,4,1,2,63.67,92.21
3701,309,4,2,2,63.55,90.66
3702,309,4,3,2,64.05,85.44
3703,309,4,1,3,64.07,83.24
3704,309,4,2,3,64.42,81.26
3705,309,4,3,3,64.43,90.21
3706,309,4,1,4,64.86,84.41
3707,309,4,2,4,64.61,82.99
3708,309,4,3,4,64.73,86.54
3709,310,4,1,1,51.08,79.91
3710,310,4,2,1,52.18,91.72
3711,310,4,3,1,49.08,93.83
3712,310,4,1,2,52.6,80.59
3713,310,4,2,2,51.11,93.51
3714,310,4,3,2,52.87,91.03
3715,310,4,1,3,52.34,80.66
3716,310,4,2,3,49.63,81.22
3717,310,4,3,3,54.94,83.5
3718,310,4,1,4,49.9,87.64
3719,310,4,2,4,53.11,83.84
3720,310,4,3,4,49.4,82.84
3721,311,4,1,1,78.47,88.42
3722,311,4,2,1,79.79,80.48
3723,311,4,3,1,82.21,87.73
3724,311,4,1,2,76.62,83.08
3725,311,4,2,2,74.2,88.96
3726,311,4,3,2,75.43,86.47
3727,311,4,1,3,73.24,80.99
3728,311,4,2,3,74.35,88.23
3729,311,4,3,3,75.84,92.55
3730,311,4,1,4,72.64,79.69
3731,311,4,2,4,70.17,88.97
3732,311,4,3,4,72.07,81.53
3733,312,4,1,1,77.68,92.52
3734,312,4,2,1,75.3,85.66
3735,312,4,3,1,75.72,87.89
3736,312,4,1,2,77.53,84.24
3737,312,4,2,2,77.7,90.68
3738,312,4,3,2,78.45,93.83
3739,312,4,1,3,82.3,78.69
3740,312,4,2,3,78.5,90.36
3741,312,4,3,3,81.82,80.32
3742,312,4,1,4,83.59,81.29
3743,312,4,2,4,78.3,92.66
3744,312,4,3,4,82.52,79.34
3745,313,4,1,1,94.95,92.96
3746,313,4,2,1,97.72,91.86
3747,313,4,3,1,93.74,90.28
3748,313,4,1,2,93.27,98.23
3749,313,4,2,2,94.98,91.75
3750,313,4,3,2,92.2,91.24
3751,313,4,1,3,93.83,94.5
3752,313,4,2,3,95.89,93.0
3753,313,4,3,3,92.21,96.46
3754,313,4,1,4,94.67,96.33
3755,313,4,2,4,93.07,90.47
3756,313,4,3,4,92.54,94.45
3757,314,4,1,1,63.22,90.43
3758,314,4,2,1,63.66,80.42
3759,314,4,3,1,63.49,92.52
3760,314,4,1,2,63.67,78.38
3761,314,4,2,2,63.78,80.77
3762,314,4,3,2,63.54,87.07
3763,314,4,1,3,64.33,88.91
3764,314,4,2,3,64.25,92.62
3765,314,4,3,3,64.12,81.35
3766,314,4,1,4,64.43,91.07
3767,314,4,2,4,64.86,92.9
3768,314,4,3,4,64.74,92.16
3769,315,4,1,1,53.5,89.35
3770,315,4,2,1,52.59,89.19
3771,315,4,3,1,53.57,86.39
3772,315,4,1,2,50.15,83.4
3773,315,4,2,2,54.99,82.48
3774,315,4,3,2,53.99,83.22
3775,315,4,1,3,51.68,85.42
3776,315,4,2,3,53.13,85.49
3777,315,4,3,3,52.66,93.04
3778,315,4,1,4,49.2,88.79
3779,315,4,2,4,52.81,87.73
3780,315,4,3,4,54.82,79.64
3781,316,4,1,1,80.2,90.43
3782,316,4,2,1,79.81,81.6
3783,316,4,3,1,78.36,92.08
3784,316,4,1,2,77.58,78.01
3785,316,4,2,2,76.18,79.81
3786,316,4,3,2,79.23,88.09
3787,316,4,1,3,74.82,90.98
3788,316,4,2,3,72.35,90.5
3789,316,4,3,3,76.17,93.03
3790,316,4,1,4,72.9,88.87
3791,316,4,2,4,73.36,92.67
3792,316,4,3,4,68.72,86.87
3793,317,4,1,1,75.76,84.62
3794,317,4,2,1,76.84,78.41
3795,317,4,3,1,78.79,86.34
3796,317,4,1,2,80.23,82.78
3797,317,4,2,2,79.78,85.06
3798,317,4,3,2,76.07,89.79
3799,317,4,1,3,79.55,86.97
3800,317,4,2,3,82.89,83.12
3801,317,4,3,3,79.54,80.1
3802,317,4,1,4,83.88,88.72
3803,317,4,2,4,78.21,84.89
3804,317,4,3,4,80.42,93.06
3805,318,4,1,1,92.2,97.54
3806,318,4,2,1,96.78,91.78
3807,318,4,3,1,93.3,97.01
3808,318,4,1,2,95.98,96.85
3809,318,4,2,2,94.04,95.81
3810,318,4,3,2,97.94,96.86
3811,318,4,1,3,96.3,95.04
3812,318,4,2,3,95.3,96.69
3813,318,4,3,3,97.44,90.52
3814,318,4,1,4,94.59,96.72
3815,318,4,2,4,93.11,92.06
3816,318,4,3,4,95.31,96.08
3817,319,4,1,1,63.65,87.37
3818,319,4,2,1,63.17,93.88
3819,319,4,3,1,63.25,79.47
3820,319,4,1,2,63.96,87.57
3821,319,4,2,2,63.83,85.9
3822,319,4,3,2,63.65,88.54
3823,319,4,1,3,64.01,87.78
3824,319,4,2,3,63.91,81.26
3825,319,4,3,3,64.18,87.53
3826,319,4,1,4,64.56,79.8
3827,319,4,2,4,64.84,83.65
3828,319,4,3,4,64.44,89.4
3829,320,4,1,1,49.1,82.73
3830,320,4,2,1,50.08,91.73
3831,320,4,3,1,49.3,84.98
3832,320,4,1,2,54.1,85.05
3833,320,4,2,2,51.11,80.54
3834,320,4,3,2,49.5,81.69
3835,320,4,1,3,49.17,78.88
3836,320,4,2,3,54.54,89.14
3837,320,4,3,3,51.63,90.94
3838,320,4,1,4,49.52,87.06
3839,320,4,2,4,50.75,84.23
3840,320,4,3,4,52.22,78.27
3841,321,5,1,1,79.85,78.28
3842,321,5,2,1,77.41,93.89
3843,321,5,3,1,81.23,81.72
3844,321,5,1,2,74.43,84.96
3845,321,5,2,2,75.25,86.42
3846,321,5,3,2,74.92,83.97
3847,321,5,1,3,71.24,78.17
3848,321,5,2,3,71.03,80.31
3849,321,5,3,3,75.31,86.79
3850,321,5,1,4,72.04,86.51
3851,321,5,2,4,68.17,83.43
3852,321,5,3,4,69.67,79.52
3853,322,5,1,1,79.98,81.98
3854,322,5,2,1,75.24,78.79
3855,322,5,3,1,77.55,80.99
3856,322,5,1,2,79.44,81.26
3857,322,5,2,2,80.9,93.43
3858,322,5,3,2,81.44,82.39
3859,322,5,1,3,78.47,92.74
3860,322,5,2,3,79.38,90.42
3861,322,5,3,3,80.07,82.83
3862,322,5,1,4,78.99,89.19
3863,322,5,2,4,82.24,87.64
3864,322,5,3,4,83.75,89.96
3865,323,5,1,1,92.09,98.78
3866,323,5,2,1,94.61,91.3
3867,323,5,3,1,94.35,90.82
3868,323,5,1,2,95.85,92.74
3869,323,5,2,2,93.25,93.2
3870,323,5,3,2,97.39,95.57
3871,323,5,1,3,96.23,94.32
3872,323,5,2,3,96.2,93.62
3873,323,5,3,3,93.07,98.26
3874,323,5,1,4,95.52,92.35
3875,323,5,2,4,96.4,97.86
3876,323,5,3,4,93.65,96.54
3877,324,5,1,1,63.14,81.6
3878,324,5,2,1,63.16,82.79
3879,324,5,3,1,63.17,78.02
3880,324,5,1,2,63.57,83.49
3881,324,5,2,2,64.01,86.87
3882,324,5,3,2,64.09,87.88
3883,324,5,1,3,64.33,85.49
3884,324,5,2,3,64.3,84.66
3885,324,5,3,3,64.14,89.11
3886,324,5,1,4,64.9,88.7
3887,324,5,2,4,64.7,79.29
3888,324,5,3,4,64.59,84.65
3889,325,5,1,1,52.69,87.73
3890,325,5,2,1,52.93,92.05
3891,325,5,3,1,49.11,90.64
3892,325,5,1,2,52.66,90.24
3893,325,5,2,2,54.08,87.37
3894,325,5,3,2,51.02,92.06
3895,325,5,1,3,53.23,87.03
3896,325,5,2,3,51.41,91.87
3897,325,5,3,3,50.34,91.88
3898,325,5,1,4,49.92,89.93
3899,325,5,2,4,50.23,87.13
3900,325,5,3,4,54.9,80.81
3901,326,5,1,1,77.52,85.69
3902,326,5,2,1,77.86,81.97
3903,326,5,3,1,82.46,93.27
3904,326,5,1,2,74.36,84.51
3905,326,5,2,2,79.23,91.85
3906,326,5,3,2,78.06,87.93
3907,326,5,1,3,71.28,88.66
3908,326,5,2,3,74.8,93.89
3909,326,5,3,3,74.3,88.96
3910,326,5,1,4,73.45,86.78
3911,326,5,2,4,69.32,89.62
3912,326,5,3,4,70.88,88.56
3913,327,5,1,1,76.54,85.72
3914,327,5,2,1,77.02,80.26
3915,327,5,3,1,75.78,85.84
3916,327,5,1,2,79.9,82.39
3917,327,5,2,2,76.91,91.71
3918,327,5,3,2,76.82,90.54
3919,327,5,1,3,80.65,80.75
3920,327,5,2,3,80.21,88.3
3921,327,5,3,3,78.11,87.52
3922,327,5,1,4,81.13,84.54
3923,327,5,2,4,83.28,87.41
3924,327,5,3,4,79.51,79.67
3925,328,5,1,1,95.61,92.96
3926,328,5,2,1,95.18,97.33
3927,328,5,3,1,96.32,97.91
3928,328,5,1,2,94.95,90.57
3929,328,5,2,2,94.4,94.96
3930,328,5,3,2,92.81,92.16
3931,328,5,1,3,92.89,95.72
3932,328,5,2,3,95.59,93.0
3933,328,5,3,3,92.42,90.66
3934,328,5,1,4,97.65,94.6
3935,328,5,2,4,93.19,91.89
3936,328,5,3,4,95.82,93.7
3937,329,5,1,1,63.62,81.34
3938,329,5,2,1,63.35,90.86
3939,329,5,3,1,63.52,87.68
3940,329,5,1,2,63.93,79.98
3941,329,5,2,2,63.59,90.97
3942,329,5,3,2,63.69,92.32
3943,329,5,1,3,63.97,81.88
3944,329,5,2,3,64.2,84.14
3945,329,5,3,3,64.03,80.8
3946,329,5,1,4,64.45,88.83
3947,329,5,2,4,64.45,92.66
3948,329,5,3,4,64.63,89.94
3949,330,5,1,1,54.98,83.72
3950,330,5,2,1,49.26,90.59
3951,330,5,3,1,53.79,85.11
3952,330,5,1,2,51.41,88.09
3953,330,5,2,2,52.44,84.27
3954,330,5,3,2,51.12,89.16
3955,330,5,1,3,52.93,87.75
3956,330,5,2,3,51.95,86.89
3957,330,5,3,3,49.68,81.72
3958,330,5,1,4,52.18,82.69
3959,330,5,2,4,49.77,84.08
3960,330,5,3,4,52.31,87.03
3961,331,5,1,1,77.16,83.54
3962,331,5,2,1,78.06,90.84
3963,331,5,3,1,79.33,90.23
3964,331,5,1,2,76.5,79.17
3965,331,5,2,2,78.69,82.81
3966,331,5,3,2,77.19,78.58
3967,331,5,1,3,73.02,79.18
3968,331,5,2,3,72.85,88.82
3969,331,5,3,3,72.83,78.12
3970,331,5,1,4,68.14,80.31
3971,331,5,2,4,72.62,79.49
3972,331,5,3,4,71.09,81.27
3973,332,5,1,1,79.97,88.35
3974,332,5,2,1,79.6,86.67
3975,332,5,3,1,77.07,89.4
3976,332,5,1,2,76.87,87.38
3977,332,5,2,2,77.98,78.63
3978,332,5,3,2,80.16,78.57
3979,332,5,1,3,78.09,93.98
3980,332,5,2,3,77.38,81.95
3981,332,5,3,3,79.22,89.86
3982,332,5,1,4,78.9,79.02
3983,332,5,2,4,80.74,78.63
3984,332,5,3,4,80.0,81.15
3985,333,5,1,1,97.7,91.31
3986,333,5,2,1,93.44,97.24
3987,333,5,3,1,94.87,91.38
3988,333,5,1,2,93.11,97.38
3989,333,5,2,2,95.02,90.31
3990,333,5,3,2,95.74,92.15
3991,333,5,1,3,97.69,90.5
3992,333,5,2,3,96.49,98.55
3993,333,5,3,3,93.82,91.52
3994,333,5,1,4,93.41,97.22
3995,333,5,2,4,93.55,90.67
3996,333,5,3,4,94.76,94.31
3997,334,5,1,1,63.34,90.34
3998,334,5,2,1,63.55,83.26
3999,334,5,3,1,63.18,80.82
4000,334,5,1,2,63.72,80.96
4001,334,5,2,2,63.76,80.63
4002,334,5,3,2,63.9,81.27
4003,334,5,1,3,64.3,82.04
4004,334,5,2,3,64.04,91.12
4005,334,5,3,3,64.32,85.75
4006,334,5,1,4,64.65,81.89
4007,334,5,2,4,64.55,80.36
4008,334,5,3,4,64.31,91.97
4009,335,5,1,1,49.65,93.38
4010,335,5,2,1,54.96,89.86
4011,335,5,3,1,51.07,84.68
4012,335,5,1,2,53.42,91.61
4013,335,5,2,2,50.23,84.21
4014,335,5,3,2,51.65,81.34
4015,335,5,1,3,52.79,91.64
4016,335,5,2,3,52.9,86.7
4017,335,5,3,3,53.59,79.15
4018,335,5,1,4,54.1,81.47
4019,335,5,2,4,49.9,90.18
4020,335,5,3,4,50.38,85.97
4021,336,5,1,1,79.46,93.22
4022,336,5,2,1,77.97,82.78
4023,336,5,3,1,78.1,90.01
4024,336,5,1,2,75.72,78.22
4025,336,5,2,2,78.48,91.77
4026,336,5,3,2,79.68,92.77
4027,336,5,1,3,76.5,89.28
4028,336,5,2,3,76.08,80.78
4029,336,5,3,3,76.87,78.44
4030,336,5,1,4,72.72,93.76
4031,336,5,2,4,68.51,78.95
4032,336,5,3,4,70.32,86.83
4033,337,5,1,1,76.25,84.31
4034,337,5,2,1,77.27,88.06
4035,337,5,3,1,79.29,89.83
4036,337,5,1,2,76.34,83.55
4037,337,5,2,2,76.32,89.45
4038,337,5,3,2,76.04,81.18
4039,337,5,1,3,82.87,83.09
4040,337,5,2,3,81.34,82.93
4041,337,5,3,3,82.23,79.74
4042,337,5,1,4,81.55,84.66
4043,337,5,2,4,80.91,82.56
4044,337,5,3,4,80.87,81.89
4045,338,5,1,1,96.83,95.42
4046,338,5,2,1,96.51,93.42
4047,338,5,3,1,93.63,97.24
4048,338,5,1,2,94.94,94.88
4049,338,5,2,2,97.61,90.95
4050,338,5,3,2,94.02,96.52
4051,338,5,1,3,92.73,97.71
4052,338,5,2,3,96.71,93.15
4053,338,5,3,3,96.95,95.44
4054,338,5,1,4,97.94,94.19
4055,338,5,2,4,95.88,92.07
4056,338,5,3,4,97.28,90.63
4057,339,5,1,1,63.13,89.81
4058,339,5,2,1,63.7,84.43
4059,339,5,3,1,63.56,83.46
4060,339,5,1,2,63.63,78.87
4061,339,5,2,2,63.69,90.52
4062,339,5,3,2,63.89,91.45
4063,339,5,1,3,64.29,93.58
4064,339,5,2,3,64.07,84.55
4065,339,5,3,3,63.91,89.21
4066,339,5,1,4,64.34,93.12
4067,339,5,2,4,64.76,78.62
4068,339,5,3,4,64.49,79.56
4069,340,5,1,1,53.19,81.17
4070,340,5,2,1,50.02,90.86
4071,340,5,3,1,51.09,92.15
4072,340,5,1,2,50.96,88.56
4073,340,5,2,2,51.17,88.86
4074,340,5,3,2,53.38,82.55
4075,340,5,1,3,50.28,79.3
4076,340,5,2,3,49.61,84.77
4077,340,5,3,3,50.43,79.24
4078,340,5,1,4,52.5,84.25
4079,340,5,2,4,49.68,81.91
4080,340,5,3,4,52.79,86.35
4081,341,5,1,1,78.83,88.26
4082,341,5,2,1,81.91,89.38
4083,341,5,3,1,80.38,92.2
4084,341,5,1,2,75.67,93.92
4085,341,5,2,2,74.98,84.77
4086,341,5,3,2,74.15,81.28
4087,341,5,1,3,71.62,90.55
4088,341,5,2,3,71.63,79.9
4089,341,5,3,3,74.67,91.56
4090,341,5,1,4,70.55,82.07
4091,341,5,2,4,73.96,80.36
4092,341,5,3,4,72.17,89.84
4093,342,5,1,1,75.17,81.52
4094,342,5,2,1,75.93,81.73
4095,342,5,3,1,78.35,83.38
4096,342,5,1,2,80.2,91.19
4097,342,5,2,2,80.53,90.27
4098,342,5,3,2,81.6,83.16
4099,342,5,1,3,82.75,85.35
4100,342,5,2,3,81.58,82.14
4101,342,5,3,3,81.32,79.81
4102,342,5,1,4,80.28,93.87
4103,342,5,2,4,81.04,87.11
4104,342,5,3,4,79.47,92.37
4105,343,5,1,1,94.85,97.14
4106,343,5,2,1,96.74,97.49
4107,343,5,3,1,94.71,93.65
4108,343,5,1,2,92.94,91.83
4109,343,5,2,2,94.7,98.53
4110,343,5,3,2,97.07,93.83
4111,343,5,1,3,93.65,90.1
4112,343,5,2,3,97.53,90.88
4113,343,5,3,3,96.51,93.12
4114,343,5,1,4,92.95,98.02
4115,343,5,2,4,93.17,93.89
4116,343,5,3,4,97.61,96.03
4117,344,5,1,1,63.58,93.88
4118,344,5,2,1,63.31,86.85
4119,344,5,3,1,63.15,79.45
4120,344,5,1,2,63.88,92.03
4121,344,5,2,2,63.82,88.65
4122,344,5,3,2,63.59,89.45
4123,344,5,1,3,64.08,88.91
4124,344,5,2,3,64.3,91.55
4125,344,5,3,3,64.47,83.07
4126,344,5,1,4,64.46,91.82
4127,344,5,2,4,64.54,91.68
4128,344,5,3,4,64.62,85.34
4129,345,5,1,1,52.41,79.47
4130,345,5,2,1,53.0,86.91
4131,345,5,3,1,50.05,84.82
4132,345,5,1,2,49.23,85.38
4133,345,5,2,2,55.0,92.41
4134,345,5,3,2,52.83,80.94
4135,345,5,1,3,51.01,80.23
4136,345,5,2,3,52.25,79.52
4137,345,5,3,3,49.08,93.03
4138,345,5,1,4,52.86,93.52
4139,345,5,2,4,49.96,88.84
4140,345,5,3,4,52.41,86.22
4141,346,5,1,1,77.0,89.11
4142,346,5,2,1,81.55,90.65
4143,346,5,3,1,77.48,88.19
4144,346,5,1,2,77.75,84.49
4145,346,5,2,2,74.83,79.88
4146,346,5,3,2,75.98,80.87
4147,346,5,1,3,76.61,91.77
4148,346,5,2,3,71.37,92.64
4149,346,5,3,3,72.64,86.47
4150,346,5,1,4,70.58,93.92
4151,346,5,2,4,72.58,85.33
4152,346,5,3,4,73.27,78.55
4153,347,5,1,1,79.57,86.21
4154,347,5,2,1,77.34,82.4
4155,347,5,3,1,75.04,78.87
4156,347,5,1,2,78.73,90.2
4157,347,5,2,2,76.69,94.0
4158,347,5,3,2,80.5,78.37
4159,347,5,1,3,78.44,91.93
4160,347,5,2,3,79.17,83.85
4161,347,5,3,3,78.33,89.15
4162,347,5,1,4,80.4,93.63
4163,347,5,2,4,83.54,86.09
4164,347,5,3,4,82.21,88.64
4165,348,5,1,1,97.96,94.61
4166,348,5,2,1,95.96,97.19
4167,348,5,3,1,93.26,97.04
4168,348,5,1,2,94.04,92.57
4169,348,5,2,2,94.83,98.04
4170,348,5,3,2,95.11,94.06
4171,348,5,1,3,94.7,97.18
4172,348,5,2,3,94.34,93.68
4173,348,5,3,3,93.89,93.42
4174,348,5,1,4,94.54,98.49
4175,348,5,2,4,94.5,96.88
4176,348,5,3,4,97.37,94.71
4177,349,5,1,1,63.12,92.23
4178,349,5,2,1,63.63,78.77
4179,349,5,3,1,63.62,87.92
4180,349,5,1,2,64.01,87.96
4181,349,5,2,2,63.92,83.6
4182,349,5,3,2,64.0,88.67
4183,349,5,1,3,64.17,79.43
4184,349,5,2,3,64.12,93.77
4185,349,5,3,3,64.12,84.47
4186,349,5,1,4,64.64,89.06
4187,349,5,2,4,64.6,89.21
4188,349,5,3,4,64.88,80.13
4189,350,5,1,1,54.19,92.43
4190,350,5,2,1,50.09,80.95
4191,350,5,3,1,50.65,83.55
4192,350,5,1,2,52.63,82.05
4193,350,5,2,2,52.16,87.05
4194,350,5,3,2,54.93,78.11
4195,350,5,1,3,53.94,93.48
4196,350,5,2,3,52.06,80.24
4197,350,5,3,3,51.22,79.45
4198,350,5,1,4,49.87,83.56
4199,350,5,2,4,51.52,92.5
4200,350,5,3,4,52.18,89.54
4201,351,5,1,1,81.79,79.18
4202,351,5,2,1,81.44,79.76
4203,351,5,3,1,81.03,79.61
4204,351,5,1,2,77.85,80.0
4205,351,5,2,2,77.14,81.72
4206,351,5,3,2,74.28,86.82
4207,351,5,1,3,72.51,88.05
4208,351,5,2,3,75.47,86.99
4209,351,5,3,3,75.18,89.98
4210,351,5,1,4,68.38,91.16
4211,351,5,2,4,73.53,78.28
4212,351,5,3,4,70.91,86.9
4213,352,5,1,1,79.54,82.49
4214,352,5,2,1,76.03,81.11
4215,352,5,3,1,80.8,92.1
4216,352,5,1,2,77.29,83.77
4217,352,5,2,2,81.68,87.79
4218,352,5,3,2,78.5,82.55
4219,352,5,1,3,82.25,81.68
4220,352,5,2,3,82.9,91.04
4221,352,5,3,3,77.32,81.77
4222,352,5,1,4,79.23,86.04
4223,352,5,2,4,79.99,91.65
4224,352,5,3,4,81.6,85.28
4225,353,5,1,1,96.34,94.14
4226,353,5,2,1,96.13,95.38
4227,353,5,3,1,95.04,98.97
4228,353,5,1,2,93.19,93.82
4229,353,5,2,2,94.32,93.58
4230,353,5,3,2,96.71,98.26
4231,353,5,1,3,97.79,91.87
4232,353,5,2,3,95.07,97.66
4233,353,5,3,3,92.5,97.89
4234,353,5,1,4,97.28,98.47
4235,353,5,2,4,96.79,92.27
4236,353,5,3,4,92.79,96.79
4237,354,5,1,1,63.18,78.85
4238,354,5,2,1,63.36,88.35
4239,354,5,3,1,63.3,80.45
4240,354,5,1,2,64.04,90.26
4241,354,5,2,2,63.84,78.91
4242,354,5,3,2,63.84,82.34
4243,354,5,1,3,64.08,79.27
4244,354,5,2,3,63.92,89.02
4245,354,5,3,3,64.2,78.02
4246,354,5,1,4,64.61,86.79
4247,354,5,2,4,64.46,78.78
4248,354,5,3,4,64.84,87.6
4249,355,5,1,1,54.76,85.06
4250,355,5,2,1,54.54,81.22
4251,355,5,3,1,52.05,90.45
4252,355,5,1,2,54.85,87.17
4253,355,5,2,2,52.47,85.38
4254,355,5,3,2,54.48,80.79
4255,355,5,1,3,52.65,79.27
4256,355,5,2,3,52.47,92.24
4257,355,5,3,3,54.15,86.86
4258,355,5,1,4,49.62,88.36
4259,355,5,2,4,52.97,90.21
4260,355,5,3,4,52.04,85.81
4261,356,5,1,1,82.08,90.78
4262,356,5,2,1,79.28,80.94
4263,356,5,3,1,79.31,82.85
4264,356,5,1,2,75.46,91.43
4265,356,5,2,2,75.2,93.76
4266,356,5,3,2,75.06,83.5
4267,356,5,1,3,73.53,92.34
4268,356,5,2,3,75.21,80.41
4269,356,5,3,3,72.49,79.76
4270,356,5,1,4,70.99,87.95
4271,356,5,2,4,68.12,91.67
4272,356,5,3,4,70.46,88.58
4273,357,5,1,1,79.15,89.87
4274,357,5,2,1,77.53,84.51
4275,357,5,3,1,77.66,91.89
4276,357,5,1,2,77.55,79.61
4277,357,5,2,2,77.12,86.6
4278,357,5,3,2,79.9,87.33
4279,357,5,1,3,77.74,88.95
4280,357,5,2,3,81.7,90.81
4281,357,5,3,3,80.61,89.63
4282,357,5,1,4,82.5,83.89
4283,357,5,2,4,79.38,90.02
4284,357,5,3,4,83.83,84.56
4285,358,5,1,1,97.34,90.83
4286,358,5,2,1,92.65,92.06
4287,358,5,3,1,93.57,98.11
4288,358,5,1,2,96.0,95.81
4289,358,5,2,2,93.25,91.11
4290,358,5,3,2,94.99,90.2
4291,358,5,1,3,96.81,98.24
4292,358,5,2,3,93.24,91.01
4293,358,5,3,3,93.05,94.33
4294,358,5,1,4,95.15,97.87
4295,358,5,2,4,97.19,94.02
4296,358,5,3,4,92.64,95.06
4297,359,5,1,1,63.21,91.57
4298,359,5,2,1,63.12,89.51
4299,359,5,3,1,63.43,93.58
4300,359,5,1,2,63.71,81.51
4301,359,5,2,2,63.68,90.94
4302,359,5,3,2,63.8,89.39
4303,359,5,1,3,63.91,93.08
4304,359,5,2,3,63.99,86.8
4305,359,5,3,3,64.13,88.17
4306,359,5,1,4,64.6,88.82
4307,359,5,2,4,64.35,91.67
4308,359,5,3,4,64.88,81.51
4309,360,5,1,1,50.0,84.63
4310,360,5,2,1,49.8,91.25
4311,360,5,3,1,54.08,90.11
4312,360,5,1,2,51.92,85.63
4313,360,5,2,2,52.54,86.51
4314,360,5,3,2,50.86,93.54
4315,360,5,1,3,53.22,78.99
4316,360,5,2,3,54.09,86.54
4317,360,5,3,3,55.0,83.99
4318,360,5,1,4,51.58,78.87
4319,360,5,2,4,52.2,81.34
4320,360,5,3,4,53.37,83.4
4321,361,5,1,1,79.5,93.51
4322,361,5,2,1,82.88,93.03
4323,361,5,3,1,77.69,91.54
4324,361,5,1,2,75.55,93.86
4325,361,5,2,2,75.59,83.68
4326,361,5,3,2,76.7,78.86
4327,361,5,1,3,76.7,90.74
4328,361,5,2,3,72.66,85.67
4329,361,5,3,3,74.0,93.21
4330,361,5,1,4,69.81,86.69
4331,361,5,2,4,68.47,81.1
4332,361,5,3,4,70.66,90.55
4333,362,5,1,1,75.84,87.29
4334,362,5,2,1,76.57,79.67
4335,362,5,3,1,76.01,91.77
4336,362,5,1,2,76.92,86.51
4337,362,5,2,2,77.26,79.14
4338,362,5,3,2,81.71,87.47
4339,362,5,1,3,77.31,80.77
4340,362,5,2,3,82.74,91.81
4341,362,5,3,3,82.89,81.77
4342,362,5,1,4,79.78,84.23
4343,362,5,2,4,80.71,80.71
4344,362,5,3,4,80.18,88.62
4345,363,5,1,1,95.17,90.02
4346,363,5,2,1,97.55,91.59
4347,363,5,3,1,97.73,96.24
4348,363,5,1,2,92.43,91.15
4349,363,5,2,2,97.71,98.61
4350,363,5,3,2,95.73,95.05
4351,363,5,1,3,94.11,93.39
4352,363,5,2,3,93.83,95.13
4353,363,5,3,3,95.17,97.23
4354,363,5,1,4,92.1,95.22
4355,363,5,2,4,97.19,96.85
4356,363,5,3,4,94.63,97.62
4357,364,5,1,1,63.3,88.15
4358,364,5,2,1,63.39,84.94
4359,364,5,3,1,63.23,89.34
4360,364,5,1,2,63.62,82.98
4361,364,5,2,2,63.84,89.07
4362,364,5,3,2,63.54,90.24
4363,364,5,1,3,64.5,78.04
4364,364,5,2,3,64.37,83.39
4365,364,5,3,3,64.17,87.8
4366,364,5,1,4,64.82,79.17
4367,364,5,2,4,64.72,86.59
4368,364,5,3,4,64.49,90.24
4369,365,5,1,1,52.06,81.68
4370,365,5,2,1,51.22,84.35
4371,365,5,3,1,53.66,90.29
4372,365,5,1,2,50.69,79.43
4373,365,5,2,2,53.0,85.51
4374,365,5,3,2,51.04,78.9
4375,365,5,1,3,50.65,81.49
4376,365,5,2,3,53.1,84.94
4377,365,5,3,3,50.25,82.31
4378,365,5,1,4,54.97,90.32
4379,365,5,2,4,51.34,88.54
4380,365,5,3,4,54.49,78.05
4381,366,5,1,1,82.21,80.51
4382,366,5,2,1,81.4,81.05
4383,366,5,3,1,77.67,93.31
4384,366,5,1,2,77.2,81.42
4385,366,5,2,2,74.97,93.94
4386,366,5,3,2,78.35,91.98
4387,366,5,1,3,75.47,87.67
4388,366,5,2,3,75.85,83.87
4389,366,5,3,3,73.67,93.55
4390,366,5,1,4,70.56,92.35
4391,366,5,2,4,71.49,79.8
4392,366,5,3,4,69.74,92.82
4393,367,5,1,1,76.33,91.78
4394,367,5,2,1,80.96,93.22
4395,367,5,3,1,75.41,80.92
4396,367,5,1,2,78.68,91.71
4397,367,5,2,2,78.74,90.55
4398,367,5,3,2,78.53,92.78
4399,367,5,1,3,80.39,86.51
4400,367,5,2,3,79.45,84.14
4401,367,5,3,3,81.89,85.57
4402,367,5,1,4,80.07,78.28
4403,367,5,2,4,83.08,86.33
4404,367,5,3,4,80.49,81.37
4405,368,5,1,1,92.04,98.96
4406,368,5,2,1,96.36,96.35
4407,368,5,3,1,96.78,95.96
4408,368,5,1,2,92.34,99.0
4409,368,5,2,2,93.05,90.67
4410,368,5,3,2,93.14,92.45
4411,368,5,1,3,93.3,95.46
4412,368,5,2,3,93.88,92.64
4413,368,5,3,3,93.76,96.28
4414,368,5,1,4,95.58,95.7
4415,368,5,2,4,95.51,94.92
4416,368,5,3,4,92.73,95.02
4417,369,5,1,1,63.22,91.77
4418,369,5,2,1,63.41,78.67
4419,369,5,3,1,63.65,83.37
4420,369,5,1,2,63.68,90.86
4421,369,5,2,2,63.64,87.0
4422,369,5,3,2,63.65,78.76
4423,369,5,1,3,64.26,85.95
4424,369,5,2,3,64.39,80.74
4425,369,5,3,3,64.43,91.81
4426,369,5,1,4,64.86,92.37
4427,369,5,2,4,64.43,93.12
4428,369,5,3,4,64.63,78.13
4429,370,5,1,1,53.88,81.3
4430,370,5,2,1,50.14,90.33
4431,370,5,3,1,50.01,82.45
4432,370,5,1,2,52.58,81.88
4433,370,5,2,2,51.25,91.75
4434,370,5,3,2,49.04,79.07
4435,370,5,1,3,53.61,93.13
4436,370,5,2,3,53.07,81.03
4437,370,5,3,3,49.71,78.54
4438,370,5,1,4,52.48,88.39
4439,370,5,2,4,54.94,80.79
4440,370,5,3,4,54.2,78.02
4441,371,5,1,1,81.35,84.73
4442,371,5,2,1,80.68,79.45
4443,371,5,3,1,80.94,80.45
4444,371,5,1,2,76.64,78.28
4445,371,5,2,2,74.82,78.29
4446,371,5,3,2,74.19,89.89
4447,371,5,1,3,75.68,79.95
4448,371,5,2,3,74.73,88.62
4449,371,5,3,3,76.99,79.88
4450,371,5,1,4,72.65,80.4
4451,371,5,2,4,73.17,91.18
4452,371,5,3,4,69.89,85.64
4453,372,5,1,1,77.74,93.95
4454,372,5,2,1,75.5,85.8
4455,372,5,3,1,79.35,91.37
4456,372,5,1,2,80.47,84.85
4457,372,5,2,2,76.94,92.13
4458,372,5,3,2,78.62,89.44
4459,372,5,1,3,78.87,80.43
4460,372,5,2,3,77.92,91.93
4461,372,5,3,3,78.45,79.47
4462,372,5,1,4,82.24,91.86
4463,372,5,2,4,80.33,85.8
4464,372,5,3,4,83.02,93.53
4465,373,5,1,1,94.18,94.25
4466,373,5,2,1,92.11,97.35
4467,373,5,3,1,94.7,97.67
4468,373,5,1,2,97.94,90.93
4469,373,5,2,2,96.13,93.58
4470,373,5,3,2,97.59,97.47
4471,373,5,1,3,92.15,95.86
4472,373,5,2,3,97.66,92.25
4473,373,5,3,3,94.76,91.61
4474,373,5,1,4,93.45,92.25
4475,373,5,2,4,96.94,98.15
4476,373,5,3,4,97.82,91.91
4477,374,5,1,1,63.44,92.2
4478,374,5,2,1,63.16,85.3
4479,374,5,3,1,63.61,81.5
4480,374,5,1,2,64.09,91.26
4481,374,5,2,2,63.94,88.02
4482,374,5,3,2,63.76,93.33
4483,374,5,1,3,64.19,83.2
4484,374,5,2,3,64.41,83.4
4485,374,5,3,3,64.45,88.32
4486,374,5,1,4,64.69,85.89
4487,374,5,2,4,64.71,91.01
4488,374,5,3,4,64.83,87.03
4489,375,5,1,1,52.03,83.44
4490,375,5,2,1,51.59,86.42
4491,375,5,3,1,52.33,84.5
4492,375,5,1,2,52.41,85.1
4493,375,5,2,2,53.62,85.22
4494,375,5,3,2,49.54,78.42
4495,375,5,1,3,53.47,78.1
4496,375,5,2,3,49.09,92.19
4497,375,5,3,3,51.98,90.09
4498,375,5,1,4,52.42,89.83
4499,375,5,2,4,51.69,92.14
4500,375,5,3,4,54.06,87.32
4501,376,5,1,1,81.78,86.14
4502,376,5,2,1,82.56,78.68
4503,376,5,3,1,80.27,93.86
4504,376,5,1,2,77.27,79.88
4505,376,5,2,2,78.19,90.19
4506,376,5,3,2,79.2,84.29
4507,376,5,1,3,74.08,86.14
4508,376,5,2,3,75.3,83.11
4509,376,5,3,3,75.89,78.9
4510,376,5,1,4,71.62,83.19
4511,376,5,2,4,72.66,79.37
4512,376,5,3,4,68.29,88.52
4513,377,5,1,1,75.69,89.43
4514,377,5,2,1,79.79,93.61
4515,377,5,3,1,80.02,83.17
4516,377,5,1,2,77.73,90.28
4517,377,5,2,2,81.99,93.6
4518,377,5,3,2,78.51,86.49
4519,377,5,1,3,78.46,86.85
4520,377,5,2,3,81.71,88.17
4521,377,5,3,3,77.58,81.09
4522,377,5,1,4,81.25,83.73
4523,377,5,2,4,81.58,92.82
4524,377,5,3,4,83.59,88.37
4525,378,5,1,1,95.88,97.52
4526,378,5,2,1,97.91,96.03
4527,378,5,3,1,93.67,91.69
4528,378,5,1,2,93.01,91.45
4529,378,5,2,2,95.02,97.86
4530,378,5,3,2,96.11,98.89
4531,378,5,1,3,93.44,96.35
4532,378,5,2,3,96.84,93.21
4533,378,5,3,3,96.64,98.21
4534,378,5,1,4,96.31,93.2
4535,378,5,2,4,97.79,92.48
4536,378,5,3,4,93.82,95.41
4537,379,5,1,1,63.67,88.23
4538,379,5,2,1,63.18,85.68
4539,379,5,3,1,63.28,83.58
4540,379,5,1,2,63.57,92.83
4541,379,5,2,2,63.77,90.0
4542,379,5,3,2,63.97,93.14
4543,379,5,1,3,64.01,90.59
4544,379,5,2,3,64.08,86.83
4545,379,5,3,3,64.27,86.18
4546,379,5,1,4,64.37,79.05
4547,379,5,2,4,64.69,91.17
4548,379,5,3,4,64.89,91.66
4549,380,5,1,1,51.92,81.57
4550,380,5,2,1,50.92,81.67
4551,380,5,3,1,52.03,80.11
4552,380,5,1,2,53.24,88.27
4553,380,5,2,2,51.6,78.77
4554,380,5,3,2,53.24,92.78
4555,380,5,1,3,53.54,79.4
4556,380,5,2,3,49.47,80.2
4557,380,5,3,3,53.24,92.27
4558,380,5,1,4,49.91,81.97
4559,380,5,2,4,52.44,84.5
4560,380,5,3,4,50.63,81.59
4561,381,5,1,1,81.97,81.33
4562,381,5,2,1,77.45,89.58
4563,381,5,3,1,80.87,78.89
4564,381,5,1,2,76.46,87.09
4565,381,5,2,2,75.19,79.15
4566,381,5,3,2,79.83,90.18
4567,381,5,1,3,75.04,91.24
4568,381,5,2,3,71.85,89.63
4569,381,5,3,3,73.4,90.29
4570,381,5,1,4,70.27,79.66
4571,381,5,2,4,73.47,89.49
4572,381,5,3,4,69.6,89.8
4573,382,5,1,1,77.65,89.0
4574,382,5,2,1,78.66,92.46
4575,382,5,3,1,79.66,88.83
4576,382,5,1,2,79.67,85.27
4577,382,5,2,2,77.57,91.17
4578,382,5,3,2,77.42,78.21
4579,382,5,1,3,82.54,82.15
4580,382,5,2,3,79.04,93.15
4581,382,5,3,3,80.86,87.74
4582,382,5,1,4,83.7,80.76
4583,382,5,2,4,82.88,86.99
4584,382,5,3,4,78.75,81.27
4585,383,5,1,1,95.8,94.76
4586,383,5,2,1,92.46,94.13
4587,383,5,3,1,93.16,94.66
4588,383,5,1,2,96.83,98.09
4589,383,5,2,2,92.45,96.76
4590,383,5,3,2,94.96,98.49
4591,383,5,1,3,96.07,94.73
4592,383,5,2,3,92.69,90.73
4593,383,5,3,3,92.14,91.26
4594,383,5,1,4,92.4,91.64
4595,383,5,2,4,95.5,95.82
4596,383,5,3,4,96.04,98.04
4597,384,5,1,1,63.24,85.75
4598,384,5,2,1,63.64,86.17
4599,384,5,3,1,63.31,78.54
4600,384,5,1,2,64.05,78.46
4601,384,5,2,2,63.88,84.76
4602,384,5,3,2,63.96,91.76
4603,384,5,1,3,64.28,92.86
4604,384,5,2,3,64.17,93.24
4605,384,5,3,3,64.13,84.8
4606,384,5,1,4,64.66,91.23
4607,384,5,2,4,64.63,90.15
4608,384,5,3,4,64.62,86.79
4609,385,5,1,1,54.35,92.55
4610,385,5,2,1,51.2,92.17
4611,385,5,3,1,51.25,91.9
4612,385,5,1,2,52.72,88.56
4613,385,5,2,2,54.82,92.03
4614,385,5,3,2,54.18,89.1
4615,385,5,1,3,52.72,88.01
4616,385,5,2,3,51.31,83.03
4617,385,5,3,3,50.89,92.3
4618,385,5,1,4,51.39,78.51
4619,385,5,2,4,52.88,82.39
4620,385,5,3,4,53.54,90.94
4621,386,5,1,1,81.53,93.15
4622,386,5,2,1,79.7,93.3
4623,386,5,3,1,81.31,93.28
4624,386,5,1,2,77.76,81.27
4625,386,5,2,2,79.43,89.42
4626,386,5,3,2,77.02,83.47
4627,386,5,1,3,74.76,85.13
4628,386,5,2,3,75.24,92.8
4629,386,5,3,3,76.57,85.78
4630,386,5,1,4,73.14,87.78
4631,386,5,2,4,68.11,86.79
4632,386,5,3,4,68.37,78.01
4633,387,5,1,1,79.22,91.91
4634,387,5,2,1,77.94,82.45
4635,387,5,3,1,76.22,84.68
4636,387,5,1,2,79.07,93.02
4637,387,5,2,2,76.7,80.94
4638,387,5,3,2,77.03,83.13
4639,387,5,1,3,78.26,86.25
4640,387,5,2,3,77.63,88.0
4641,387,5,3,3,77.97,85.1
4642,387,5,1,4,79.56,84.12
4643,387,5,2,4,83.83,82.25
4644,387,5,3,4,82.94,91.83
4645,388,5,1,1,94.99,90.37
4646,388,5,2,1,97.69,93.73
4647,388,5,3,1,97.97,92.72
4648,388,5,1,2,95.44,94.84
4649,388,5,2,2,93.58,91.55
4650,388,5,3,2,94.51,94.14
4651,388,5,1,3,96.88,97.78
4652,388,5,2,3,93.35,96.38
4653,388,5,3,3,94.98,95.31
4654,388,5,1,4,94.92,93.87
4655,388,5,2,4,96.27,92.39
4656,388,5,3,4,93.77,95.71
4657,389,5,1,1,63.45,78.28
4658,389,5,2,1,63.45,80.12
4659,389,5,3,1,63.67,91.89
4660,389,5,1,2,63.65,81.92
4661,389,5,2,2,63.66,90.04
4662,389,5,3,2,63.54,84.39
4663,389,5,1,3,63.96,81.84
4664,389,5,2,3,64.28,83.86
4665,389,5,3,3,64.28,79.48
4666,389,5,1,4,64.56,84.56
4667,389,5,2,4,64.72,88.56
4668,389,5,3,4,64.52,87.4
4669,390,5,1,1,53.58,88.38
4670,390,5,2,1,49.15,85.69
4671,390,5,3,1,50.56,79.3
4672,390,5,1,2,50.74,87.62
4673,390,5,2,2,53.72,85.96
4674,390,5,3,2,53.26,80.86
4675,390,5,1,3,52.56,83.55
4676,390,5,2,3,50.39,85.44
4677,390,5,3,3,54.04,78.18
4678,390,5,1,4,51.2,81.01
4679,390,5,2,4,53.53,85.36
4680,390,5,3,4,49.82,82.51
4681,391,5,1,1,82.34,91.56
4682,391,5,2,1,79.68,81.58
4683,391,5,3,1,77.51,84.58
4684,391,5,1,2,79.18,88.71
4685,391,5,2,2,74.38,91.02
4686,391,5,3,2,75.07,93.02
4687,391,5,1,3,73.13,89.88
4688,391,5,2,3,72.47,79.07
4689,391,5,3,3,72.59,78.09
4690,391,5,1,4,69.6,80.53
4691,391,5,2,4,71.28,80.29
4692,391,5,3,4,69.62,87.03
4693,392,5,1,1,78.0,83.52
4694,392,5,2,1,78.5,90.43
4695,392,5,3,1,76.15,89.91
4696,392,5,1,2,77.64,93.93
4697,392,5,2,2,77.45,91.84
4698,392,5,3,2,80.49,91.12
4699,392,5,1,3,82.0,80.7
4700,392,5,2,3,81.94,92.37
4701,392,5,3,3,80.78,88.73
4702,392,5,1,4,82.3,86.14
4703,392,5,2,4,78.77,92.36
4704,392,5,3,4,81.32,84.22
4705,393,5,1,1,97.98,91.75
4706,393,5,2,1,93.25,92.81
4707,393,5,3,1,96.95,96.61
4708,393,5,1,2,95.96,97.53
4709,393,5,2,2,95.43,96.34
4710,393,5,3,2,92.11,92.4
4711,393,5,1,3,93.23,95.48
4712,393,5,2,3,97.84,90.3
4713,393,5,3,3,96.22,98.75
4714,393,5,1,4,93.49,93.12
4715,393,5,2,4,95.09,97.87
4716,393,5,3,4,94.71,93.24
4717,394,5,1,1,63.26,84.96
4718,394,5,2,1,63.53,88.52
4719,394,5,3,1,63.69,91.56
4720,394,5,1,2,63.86,91.4
4721,394,5,2,2,64.1,89.39
4722,394,5,3,2,63.58,78.27
4723,394,5,1,3,64.5,80.13
4724,394,5,2,3,64.2,89.98
4725,394,5,3,3,64.14,85.38
4726,394,5,1,4,64.73,89.45
4727,394,5,2,4,64.83,84.29
4728,394,5,3,4,64.46,79.41
4729,395,5,1,1,50.63,80.46
4730,395,5,2,1,52.64,91.84
4731,395,5,3,1,52.07,79.76
4732,395,5,1,2,49.93,84.59
4733,395,5,2,2,54.17,92.38
4734,395,5,3,2,52.92,78.64
4735,395,5,1,3,54.39,88.76
4736,395,5,2,3,49.48,84.4
4737,395,5,3,3,49.51,86.1
4738,395,5,1,4,53.49,82.64
4739,395,5,2,4,53.08,83.8
4740,395,5,3,4,50.92,78.04
4741,396,5,1,1,80.22,78.98
4742,396,5,2,1,81.49,81.42
4743,396,5,3,1,81.69,86.19
4744,396,5,1,2,77.35,78.06
4745,396,5,2,2,74.53,81.57
4746,396,5,3,2,79.77,82.52
4747,396,5,1,3,76.42,86.14
4748,396,5,2,3,71.45,81.99
4749,396,5,3,3,73.35,79.5
4750,396,5,1,4,69.65,92.6
4751,396,5,2,4,72.5,82.85
4752,396,5,3,4,70.94,83.98
4753,397,5,1,1,76.48,82.93
4754,397,5,2,1,76.24,91.62
4755,397,5,3,1,78.13,90.21
4756,397,5,1,2,78.84,91.02
4757,397,5,2,2,81.44,82.7
4758,397,5,3,2,77.59,84.27
4759,397,5,1,3,81.87,86.63
4760,397,5,2,3,79.86,84.85
4761,397,5,3,3,78.1,78.72
4762,397,5,1,4,78.9,82.76
4763,397,5,2,4,79.8,86.67
4764,397,5,3,4,82.77,86.38
4765,398,5,1,1,94.69,93.31
4766,398,5,2,1,92.87,96.54
4767,398,5,3,1,93.03,91.26
4768,398,5,1,2,95.02,93.18
4769,398,5,2,2,93.92,93.43
4770,398,5,3,2,95.7,91.79
4771,398,5,1,3,93.54,95.45
4772,398,5,2,3,96.42,98.58
4773,398,5,3,3,95.74,92.69
4774,398,5,1,4,97.31,93.7
4775,398,5,2,4,92.36,90.38
4776,398,5,3,4,93.2,97.81
4777,399,5,1,1,63.62,90.7
4778,399,5,2,1,63.62,82.28
4779,399,5,3,1,63.6,86.0
4780,399,5,1,2,63.94,90.66
4781,399,5,2,2,63.81,86.14
4782,399,5,3,2,64.01,86.38
4783,399,5,1,3,64.36,84.71
4784,399,5,2,3,64.08,79.93
4785,399,5,3,3,64.17,79.62
4786,399,5,1,4,64.44,84.68
4787,399,5,2,4,64.76,86.03
4788,399,5,3,4,64.81,92.55
4789,400,5,1,1,49.5,92.17
4790,400,5,2,1,50.01,89.05
4791,400,5,3,1,52.4,80.13
4792,400,5,1,2,52.69,80.41
4793,400,5,2,2,52.78,83.15
4794,400,5,3,2,53.21,84.54
4795,400,5,1,3,53.96,92.17
4796,400,5,2,3,49.26,91.7
4797,400,5,3,3,49.82,92.15
4798,400,5,1,4,49.4,88.92
4799,400,5,2,4,53.16,89.61
4800,400,5,3,4,49.89,86.85
4801,401,6,1,1,80.86,93.19
4802,401,6,2,1,81.83,80.87
4803,401,6,3,1,81.21,91.46
4804,401,6,1,2,74.54,90.96
4805,401,6,2,2,77.49,87.02
4806,401,6,3,2,75.95,79.12
4807,401,6,1,3,73.03,79.94
4808,401,6,2,3,71.17,78.24
4809,401,6,3,3,72.11,82.65
4810,401,6,1,4,68.44,82.88
4811,401,6,2,4,72.61,78.85
4812,401,6,3,4,71.26,84.53
4813,402,6,1,1,75.39,86.78
4814,402,6,2,1,80.48,81.69
4815,402,6,3,1,76.66,92.47
4816,402,6,1,2,77.8,86.18
4817,402,6,2,2,78.06,93.18
4818,402,6,3,2,76.04,86.82
4819,402,6,1,3,80.06,86.41
4820,402,6,2,3,77.17,81.98
4821,402,6,3,3,77.71,90.97
4822,402,6,1,4,81.27,79.03
4823,402,6,2,4,79.22,80.25
4824,402,6,3,4,83.26,82.2
4825,403,6,1,1,95.08,97.48
4826,403,6,2,1,94.65,90.07
4827,403,6,3,1,93.96,90.59
4828,403,6,1,2,93.02,95.66
4829,403,6,2,2,95.6,90.51
4830,403,6,3,2,95.31,91.55
4831,403,6,1,3,92.63,93.98
4832,403,6,2,3,94.31,95.34
4833,403,6,3,3,97.07,95.96
4834,403,6,1,4,94.13,91.37
4835,403,6,2,4,94.76,91.38
4836,403,6,3,4,94.76,92.11
4837,404,6,1,1,63.37,91.48
4838,404,6,2,1,63.18,80.06
4839,404,6,3,1,63.44,80.78
4840,404,6,1,2,63.64,88.4
4841,404,6,2,2,63.63,87.26
4842,404,6,3,2,64.03,92.93
4843,404,6,1,3,64.21,83.94
4844,404,6,2,3,64.47,79.99
4845,404,6,3,3,64.24,85.57
4846,404,6,1,4,64.52,89.35
4847,404,6,2,4,64.37,83.67
4848,404,6,3,4,64.41,81.99
4849,405,6,1,1,52.43,82.68
4850,405,6,2,1,52.76,90.71
4851,405,6,1,2,52.43,92.89
4852,405,6,2,2,53.93,87.93
4853,405,6,3,2,52.76,90.11
4854,405,6,1,3,50.54,78.7
4855,405,6,2,3,53.7,82.88
4856,405,6,3,3,54.22,84.73
4857,405,6,1,4,51.77,85.56
4858,405,6,2,4,49.41,90.86
4859,405,6,3,4,52.89,83.76
4860,406,6,1,1,78.58,84.73
4861,406,6,2,1,80.81,81.19
4862,406,6,1,2,76.69,84.65
4863,406,6,2,2,74.57,89.03
4864,406,6,3,2,78.03,82.48
4865,406,6,1,3,72.06,82.76
4866,406,6,2,3,76.37,83.11
4867,406,6,3,3,73.28,93.41
4868,406,6,1,4,70.22,89.65
4869,406,6,2,4,69.89,80.75
4870,406,6,3,4,70.42,83.44
4871,407,6,1,1,78.47,86.57
4872,407,6,2,1,78.76,83.43
4873,407,6,1,2,80.69,91.97
4874,407,6,2,2,79.14,93.4
4875,407,6,3,2,77.48,84.27
4876,407,6,1,3,78.99,89.85
4877,407,6,2,3,79.84,84.83
4878,407,6,3,3,78.98,81.21
4879,407,6,1,4,81.27,81.15
4880,407,6,2,4,82.46,78.69
4881,407,6,3,4,78.85,88.53
4882,408,6,1,1,94.49,94.46
4883,408,6,2,1,93.79,96.42
4884,408,6,1,2,97.07,96.81
4885,408,6,2,2,96.38,92.01
4886,408,6,3,2,96.96,97.55
4887,408,6,1,3,92.98,96.24
4888,408,6,2,3,97.3,96.35
4889,408,6,3,3,94.59,95.45
4890,408,6,1,4,94.53,93.31
4891,408,6,2,4,95.55,96.21
4892,408,6,3,4,96.93,94.51
4893,409,6,1,1,63.46,78.51
4894,409,6,2,1,63.54,84.7
4895,409,6,1,2,63.56,90.26
4896,409,6,2,2,63.86,90.08
4897,409,6,3,2,63.53,82.82
4898,409,6,1,3,64.33,79.48
4899,409,6,2,3,64.16,79.94
4900,409,6,3,3,64.07,89.13
4901,409,6,1,4,64.42,92.17
4902,409,6,2,4,64.43,84.24
4903,409,6,3,4,64.35,81.73
4904,410,6,1,1,50.58,88.35
4905,410,6,2,1,51.58,82.77
4906,410,6,1,2,52.95,78.74
4907,410,6,2,2,50.95,85.5
4908,410,6,3,2,54.63,88.89
4909,410,6,1,3,52.55,90.97
4910,410,6,2,3,52.99,85.73
4911,410,6,3,3,51.24,86.04
4912,410,6,1,4,50.98,78.36
4913,410,6,2,4,49.84,93.6
4914,410,6,3,4,53.09,91.13
4915,411,6,1,1,81.77,80.53
4916,411,6,2,1,82.69,83.77
4917,411,6,1,2,79.79,88.19
4918,411,6,2,2,79.37,81.69
4919,411,6,3,2,77.45,90.13
4920,411,6,1,3,71.58,84.57
4921,411,6,2,3,71.04,88.33
4922,411,6,3,3,72.32,89.15
4923,411,6,1,4,69.83,86.34
4924,411,6,2,4,69.74,78.61
4925,411,6,3,4,71.12,87.6
4926,412,6,1,1,78.82,91.45
4927,412,6,2,1,76.44,88.96
4928,412,6,1,2,79.07,87.91
4929,412,6,2,2,76.89,78.46
4930,412,6,3,2,76.03,84.48
4931,412,6,1,3,77.92,86.22
4932,412,6,2,3,77.83,79.73
4933,412,6,3,3,82.28,79.47
4934,412,6,1,4,78.91,88.39
4935,412,6,2,4,80.13,82.25
4936,412,6,3,4,78.29,87.4
4937,413,6,1,1,92.21,92.28
4938,413,6,2,1,93.15,94.49
4939,413,6,1,2,94.62,92.78
4940,413,6,2,2,97.46,93.15
4941,413,6,3,2,97.17,92.22
4942,413,6,1,3,92.86,91.89
4943,413,6,2,3,95.19,96.72
4944,413,6,3,3,94.08,94.02
4945,413,6,1,4,96.21,91.38
4946,413,6,2,4,97.35,98.64
4947,413,6,3,4,92.63,91.77
4948,414,6,1,1,63.56,84.43
4949,414,6,2,1,63.68,81.29
4950,414,6,1,2,63.55,80.15
4951,414,6,2,2,63.67,87.66
4952,414,6,3,2,64.07,82.57
4953,414,6,1,3,64.28,78.11
4954,414,6,2,3,64.45,79.86
4955,414,6,3,3,64.38,78.98
4956,414,6,1,4,64.43,92.25
4957,414,6,2,4,64.5,83.03
4958,414,6,3,4,64.51,85.98
4959,415,6,1,1,51.61,92.89
4960,415,6,2,1,51.15,86.73
4961,415,6,1,2,50.56,82.27
4962,415,6,2,2,52.48,84.34
4963,415,6,3,2,49.0,91.39
4964,415,6,1,3,51.86,79.81
4965,415,6,2,3,53.07,85.94
4966,415,6,3,3,53.13,88.45
4967,415,6,1,4,53.17,81.3
4968,415,6,2,4,49.33,87.26
4969,415,6,3,4,52.41,90.71
4970,416,6,1,1,80.91,90.76
4971,416,6,2,1,77.17,80.52
4972,416,6,1,2,75.55,80.12
4973,416,6,2,2,75.5,84.17
4974,416,6,3,2,75.03,78.12
4975,416,6,1,3,72.27,79.22
4976,416,6,2,3,71.61,84.2
4977,416,6,3,3,75.17,87.86
4978,416,6,1,4,70.18,83.03
4979,416,6,2,4,70.03,80.22
4980,416,6,3,4,70.35,90.36
4981,417,6,1,1,76.95,85.59
4982,417,6,2,1,78.98,83.32
4983,417,6,1,2,77.85,85.8
4984,417,6,2,2,77.06,81.18
4985,417,6,3,2,77.53,92.25
4986,417,6,1,3,82.05,90.22
4987,417,6,2,3,81.76,89.59
4988,417,6,3,3,77.0,82.31
4989,417,6,1,4,79.38,86.69
4990,417,6,2,4,80.79,83.63
4991,417,6,3,4,80.03,88.13
4992,418,6,1,1,97.23,95.38
4993,418,6,2,1,96.02,94.52
4994,418,6,1,2,96.81,93.32
4995,418,6,2,2,95.23,95.22
4996,418,6,3,2,95.96,91.55
4997,418,6,1,3,97.02,95.79
4998,418,6,2,3,92.45,92.55
4999,418,6,3,3,93.56,93.28
5000,418,6,1,4,92.1,92.01
5001,418,6,2,4,96.9,93.8
5002,418,6,3,4,93.41,97.94
5003,419,6,1,1,63.52,88.75
5004,419,6,2,1,63.25,86.31
5005,419,6,1,2,63.65,89.29
5006,419,6,2,2,63.64,79.29
5007,419,6,3,2,64.01,90.2
5008,419,6,1,3,64.29,92.68
5009,419,6,2,3,64.43,82.83
5010,419,6,3,3,64.03,81.46
5011,419,6,1,4,64.76,85.05
5012,419,6,2,4,64.35,82.91
5013,419,6,3,4,64.66,86.55
5014,420,6,1,1,49.62,86.14
5015,420,6,2,1,50.68,92.28
5016,420,6,1,2,51.64,89.52
5017,420,6,2,2,50.32,79.12
5018,420,6,3,2,50.43,92.95
5019,420,6,1,3,52.03,88.88
5020,420,6,2,3,52.98,86.51
5021,420,6,3,3,51.04,79.66
5022,420,6,1,4,51.41,88.16
5023,420,6,2,4,53.14,88.38
5024,420,6,3,4,54.93,79.19
5025,421,6,1,1,78.87,86.27
5026,421,6,2,1,77.53,78.87
5027,421,6,1,2,77.07,87.32
5028,421,6,2,2,74.39,82.67
5029,421,6,3,2,78.78,85.11
5030,421,6,1,3,72.17,83.69
5031,421,6,2,3,74.97,90.2
5032,421,6,3,3,73.65,92.35
5033,421,6,1,4,69.63,78.16
5034,421,6,2,4,68.49,88.96
5035,421,6,3,4,71.83,80.43
5036,422,6,1,1,75.46,87.49
5037,422,6,2,1,77.12,83.07
5038,422,6,1,2,78.01,93.54
5039,422,6,2,2,81.7,83.24
5040,422,6,3,2,77.22,84.86
5041,422,6,1,3,81.99,89.49
5042,422,6,2,3,80.7,84.59
5043,422,6,3,3,81.95,86.38
5044,422,6,1,4,80.55,79.9
5045,422,6,2,4,83.48,93.77
5046,422,6,3,4,80.66,84.39
5047,423,6,1,1,96.18,93.16
5048,423,6,2,1,97.91,95.16
5049,423,6,1,2,94.67,98.79
5050,423,6,2,2,93.06,90.92
5051,423,6,3,2,93.96,93.49
5052,423,6,1,3,92.97,90.0
5053,423,6,2,3,96.86,91.19
5054,423,6,3,3,96.15,92.36
5055,423,6,1,4,92.6,92.86
5056,423,6,2,4,96.62,91.56
5057,423,6,3,4,93.21,90.9
5058,424,6,1,1,63.34,79.69
5059,424,6,2,1,63.52,92.73
5060,424,6,1,2,63.53,83.05
5061,424,6,2,2,63.66,83.44
5062,424,6,3,2,63.88,79.22
5063,424,6,1,3,64.5,81.35
5064,424,6,2,3,64.41,87.89
5065,424,6,3,3,64.0,87.5
5066,424,6,1,4,64.46,88.17
5067,424,6,2,4,64.74,93.67
5068,424,6,3,4,64.5,87.03
5069,425,6,1,1,50.4,90.49
5070,425,6,2,1,53.71,93.07
5071,425,6,1,2,49.96,78.87
5072,425,6,2,2,52.96,90.25
5073,425,6,3,2,49.61,93.73
5074,425,6,1,3,51.3,78.25
5075,425,6,2,3,51.27,86.42
5076,425,6,3,3,54.46,82.26
5077,425,6,1,4,49.04,84.26
5078,425,6,2,4,54.72,78.06
5079,425,6,3,4,51.84,88.66
5080,426,6,1,1,81.69,84.53
5081,426,6,2,1,78.35,89.54
5082,426,6,1,2,77.5,83.82
5083,426,6,2,2,74.99,89.64
5084,426,6,3,2,74.86,79.99
5085,426,6,1,3,75.55,89.28
5086,426,6,2,3,76.78,80.08
5087,426,6,3,3,73.9,93.74
5088,426,6,1,4,73.15,86.69
5089,426,6,2,4,68.82,79.06
5090,426,6,3,4,73.28,78.04
5091,427,6,1,1,77.24,80.98
5092,427,6,2,1,78.7,85.72
5093,427,6,1,2,79.9,90.39
5094,427,6,2,2,80.02,88.06
5095,427,6,3,2,81.65,83.77
5096,427,6,1,3,80.85,92.53
5097,427,6,2,3,78.32,81.5
5098,427,6,3,3,79.68,87.03
5099,427,6,1,4,79.55,91.96
5100,427,6,2,4,79.69,92.3
5101,427,6,3,4,80.82,93.67
5102,428,6,1,1,92.24,94.18
5103,428,6,2,1,95.22,91.89
5104,428,6,1,2,96.52,92.44
5105,428,6,2,2,97.34,96.25
5106,428,6,3,2,92.44,98.42
5107,428,6,1,3,92.13,92.49
5108,428,6,2,3,93.63,97.35
5109,428,6,3,3,94.85,94.03
5110,428,6,1,4,97.27,94.37
5111,428,6,2,4,96.33,96.92
5112,428,6,3,4,94.09,97.38
5113,429,6,1,1,63.27,83.76
5114,429,6,2,1,63.58,93.9
5115,429,6,1,2,63.83,85.55
5116,429,6,2,2,64.05,79.82
5117,429,6,3,2,63.68,93.93
5118,429,6,1,3,64.08,84.82
5119,429,6,2,3,63.93,83.07
5120,429,6,3,3,64.06,89.43
5121,429,6,1,4,64.69,83.92
5122,429,6,2,4,64.51,80.61
5123,429,6,3,4,64.79,87.26
5124,430,6,1,1,49.63,81.09
5125,430,6,2,1,52.04,81.28
5126,430,6,1,2,53.13,84.04
5127,430,6,2,2,51.72,87.35
5128,430,6,3,2,51.49,92.0
5129,430,6,1,3,51.91,83.79
5130,430,6,2,3,49.61,86.16
5131,430,6,3,3,49.14,83.39
5132,430,6,1,4,52.75,78.21
5133,430,6,2,4,54.4,80.2
5134,430,6,3,4,52.8,79.24
5135,431,6,1,1,79.38,84.3
5136,431,6,2,1,77.84,81.76
5137,431,6,1,2,78.18,81.96
5138,431,6,2,2,79.25,93.97
5139,431,6,3,2,78.94,88.0
5140,431,6,1,3,73.09,92.75
5141,431,6,2,3,71.02,92.09
5142,431,6,3,3,71.99,78.97
5143,431,6,1,4,70.47,87.46
5144,431,6,2,4,72.0,89.32
5145,431,6,3,4,70.47,78.26
5146,432,6,1,1,77.2,93.73
5147,432,6,2,1,81.0,79.76
5148,432,6,1,2,81.25,85.07
5149,432,6,2,2,80.69,78.92
5150,432,6,3,2,80.01,88.54
5151,432,6,1,3,82.83,92.85
5152,432,6,2,3,82.74,87.71
5153,432,6,3,3,78.96,89.41
5154,432,6,1,4,80.32,90.56
5155,432,6,2,4,78.56,79.64
5156,432,6,3,4,81.76,82.79
5157,433,6,1,1,94.15,98.4
5158,433,6,2,1,97.17,90.07
5159,433,6,1,2,95.71,98.19
5160,433,6,2,2,95.55,93.48
5161,433,6,3,2,95.67,98.68
5162,433,6,1,3,95.66,95.85
5163,433,6,2,3,95.42,90.32
5164,433,6,3,3,96.36,95.74
5165,433,6,1,4,92.95,95.1
5166,433,6,2,4,97.07,90.75
5167,433,6,3,4,94.21,97.95
5168,434,6,1,1,63.46,86.76
5169,434,6,2,1,63.46,80.77
5170,434,6,1,2,63.53,81.19
5171,434,6,2,2,64.01,90.39
5172,434,6,3,2,63.5,85.02
5173,434,6,1,3,63.97,86.64
5174,434,6,2,3,64.06,93.77
5175,434,6,3,3,64.05,82.25
5176,434,6,1,4,64.31,83.51
5177,434,6,2,4,64.86,83.22
5178,434,6,3,4,64.83,89.84
5179,435,6,1,1,52.39,83.98
5180,435,6,2,1,49.11,80.13
5181,435,6,1,2,53.73,88.57
5182,435,6,2,2,54.48,86.63
5183,435,6,3,2,51.13,81.24
5184,435,6,1,3,51.04,78.28
5185,435,6,2,3,52.82,90.98
5186,435,6,3,3,54.12,89.15
5187,435,6,1,4,53.23,85.11
5188,435,6,2,4,50.74,90.05
5189,435,6,3,4,54.73,85.38
5190,436,6,1,1,79.63,81.41
5191,436,6,2,1,80.63,82.79
5192,436,6,1,2,75.4,79.45
5193,436,6,2,2,77.5,79.01
5194,436,6,3,2,78.8,81.74
5195,436,6,1,3,76.54,89.12
5196,436,6,2,3,71.92,80.2
5197,436,6,3,3,72.4,86.65
5198,436,6,1,4,73.16,90.35
5199,436,6,2,4,73.72,91.89
5200,436,6,3,4,68.49,93.97
5201,437,6,1,1,76.46,79.36
5202,437,6,2,1,77.57,86.45
5203,437,6,1,2,81.16,80.57
5204,437,6,2,2,77.78,83.4
5205,437,6,3,2,77.24,85.89
5206,437,6,1,3,80.62,92.93
5207,437,6,2,3,78.85,92.72
5208,437,6,3,3,82.75,93.06
5209,437,6,1,4,80.01,83.73
5210,437,6,2,4,79.19,83.26
5211,437,6,3,4,81.08,83.51
5212,438,6,1,1,94.23,98.79
5213,438,6,2,1,95.84,95.63
5214,438,6,1,2,93.13,98.55
5215,438,6,2,2,97.37,94.89
5216,438,6,3,2,97.66,93.0
5217,438,6,1,3,97.85,90.13
5218,438,6,2,3,97.15,94.96
5219,438,6,3,3,96.81,91.4
5220,438,6,1,4,93.21,97.6
5221,438,6,2,4,94.18,97.75
5222,438,6,3,4,95.56,96.54
5223,439,6,1,1,63.45,87.41
5224,439,6,2,1,63.3,88.43
5225,439,6,1,2,63.5,83.26
5226,439,6,2,2,64.06,79.45
5227,439,6,3,2,63.73,84.42
5228,439,6,1,3,64.45,82.92
5229,439,6,2,3,64.41,81.32
5230,439,6,3,3,64.16,85.29
5231,439,6,1,4,64.81,84.34
5232,439,6,2,4,64.72,79.34
5233,439,6,3,4,64.51,80.19
5234,440,6,1,1,53.07,79.48
5235,440,6,2,1,52.47,92.05
5236,440,6,1,2,52.26,92.2
5237,440,6,2,2,52.31,80.25
5238,440,6,3,2,49.28,86.17
5239,440,6,1,3,50.16,80.83
5240,440,6,2,3,52.28,85.31
5241,440,6,3,3,49.61,84.08
5242,440,6,1,4,54.84,86.49
5243,440,6,2,4,49.2,93.02
5244,440,6,3,4,51.09,81.11
5245,441,6,1,1,78.46,85.2
5246,441,6,2,1,80.52,87.24
5247,441,6,1,2,77.53,79.58
5248,441,6,2,2,79.05,84.55
5249,441,6,3,2,78.29,81.31
5250,441,6,1,3,75.11,93.81
5251,441,6,2,3,73.66,91.51
5252,441,6,3,3,72.2,93.23
5253,441,6,1,4,70.53,91.97
5254,441,6,2,4,71.99,84.44
5255,441,6,3,4,68.69,85.84
5256,442,6,1,1,80.7,81.59
5257,442,6,2,1,78.51,78.22
5258,442,6,1,2,79.04,78.27
5259,442,6,2,2,78.19,79.0
5260,442,6,3,2,80.88,79.77
5261,442,6,1,3,78.51,82.11
5262,442,6,2,3,78.16,78.46
5263,442,6,3,3,81.18,84.45
5264,442,6,1,4,80.34,81.71
5265,442,6,2,4,80.58,86.92
5266,442,6,3,4,79.03,81.56
5267,443,6,1,1,94.73,97.48
5268,443,6,2,1,94.74,96.87
5269,443,6,1,2,93.44,91.84
5270,443,6,2,2,95.34,98.99
5271,443,6,3,2,93.45,92.05
5272,443,6,1,3,94.24,96.68
5273,443,6,2,3,97.36,93.45
5274,443,6,3,3,92.34,91.55
5275,443,6,1,4,96.92,96.42
5276,443,6,2,4,95.13,95.58
5277,443,6,3,4,97.45,91.46
5278,444,6,1,1,63.41,82.64
5279,444,6,2,1,63.47,92.39
5280,444,6,1,2,63.87,82.29
5281,444,6,2,2,63.8,78.69
5282,444,6,3,2,63.76,93.06
5283,444,6,1,3,64.13,79.26
5284,444,6,2,3,64.19,87.75
5285,444,6,3,3,64.25,81.2
5286,444,6,1,4,64.62,91.6
5287,444,6,2,4,64.7,78.66
5288,444,6,3,4,64.86,81.7
5289,445,6,1,1,53.43,91.93
5290,445,6,2,1,54.18,83.4
5291,445,6,1,2,52.84,83.61
5292,445,6,2,2,52.87,85.09
5293,445,6,3,2,51.34,91.09
5294,445,6,1,3,54.08,80.24
5295,445,6,2,3,51.35,80.26
5296,445,6,3,3,54.45,91.52
5297,445,6,1,4,49.61,84.37
5298,445,6,2,4,54.1,93.35
5299,445,6,3,4,50.68,89.33
5300,446,6,1,1,78.99,90.1
5301,446,6,2,1,78.19,84.72
5302,446,6,1,2,77.22,84.78
5303,446,6,2,2,76.7,85.07
5304,446,6,3,2,79.42,84.33
5305,446,6,1,3,72.22,86.18
5306,446,6,2,3,75.51,87.48
5307,446,6,3,3,76.73,92.79
5308,446,6,1,4,73.06,86.12
5309,446,6,2,4,69.58,89.58
5310,446,6,3,4,72.55,82.57
5311,447,6,1,1,76.25,85.86
5312,447,6,2,1,76.06,83.64
5313,447,6,1,2,80.46,89.47
5314,447,6,2,2,81.54,89.04
5315,447,6,3,2,80.18,92.6
5316,447,6,1,3,80.45,79.73
5317,447,6,2,3,82.52,91.57
5318,447,6,3,3,77.5,93.83
5319,447,6,1,4,82.34,82.08
5320,447,6,2,4,80.11,86.78
5321,447,6,3,4,79.13,82.81
5322,448,6,1,1,95.16,96.88
5323,448,6,2,1,94.63,95.16
5324,448,6,1,2,92.37,94.35
5325,448,6,2,2,97.2,96.23
5326,448,6,3,2,94.93,90.31
5327,448,6,1,3,97.01,90.55
5328,448,6,2,3,93.1,95.26
5329,448,6,3,3,93.21,98.87
5330,448,6,1,4,97.24,90.27
5331,448,6,2,4,94.27,93.8
5332,448,6,3,4,95.12,98.59
5333,449,6,1,1,63.21,80.64
5334,449,6,2,1,63.21,81.07
5335,449,6,1,2,63.69,89.45
5336,449,6,2,2,64.1,84.52
5337,449,6,3,2,63.93,88.27
5338,449,6,1,3,64.16,80.65
5339,449,6,2,3,64.12,90.36
5340,449,6,3,3,63.99,87.45
5341,449,6,1,4,64.33,89.3
5342,449,6,2,4,64.65,85.68
5343,449,6,3,4,64.72,86.85
5344,450,6,1,1,51.87,84.52
5345,450,6,2,1,50.68,89.78
5346,450,6,1,2,49.72,79.03
5347,450,6,2,2,51.2,79.74
5348,450,6,3,2,54.01,78.4
5349,450,6,1,3,52.65,86.72
5350,450,6,2,3,53.84,88.52
5351,450,6,3,3,49.57,92.17
5352,450,6,1,4,49.47,81.21
5353,450,6,2,4,52.07,82.3
5354,450,6,3,4,51.93,78.3
5355,451,6,1,1,77.23,90.76
5356,451,6,2,1,78.66,84.39
5357,451,6,1,2,76.66,84.77
5358,451,6,2,2,76.6,88.75
5359,451,6,3,2,74.45,81.83
5360,451,6,1,3,73.42,80.46
5361,451,6,2,3,76.43,93.24
5362,451,6,3,3,74.75,79.62
5363,451,6,1,4,72.33,78.15
5364,451,6,2,4,70.57,85.97
5365,451,6,3,4,71.1,84.64
5366,452,6,1,1,78.39,78.82
5367,452,6,2,1,75.72,86.29
5368,452,6,1,2,78.01,83.42
5369,452,6,2,2,77.67,86.13
5370,452,6,3,2,78.4,84.66
5371,452,6,1,3,79.09,78.56
5372,452,6,2,3,77.74,89.03
5373,452,6,3,3,78.44,82.8
5374,452,6,1,4,80.85,81.28
5375,452,6,2,4,80.64,93.54
5376,452,6,3,4,78.69,88.71
5377,453,6,1,1,92.6,96.6
5378,453,6,2,1,95.18,97.25
5379,453,6,1,2,92.32,92.9
5380,453,6,2,2,96.56,98.31
5381,453,6,3,2,95.24,96.2
5382,453,6,1,3,93.48,92.28
5383,453,6,2,3,93.96,95.87
5384,453,6,3,3,97.35,95.35
5385,453,6,1,4,97.11,91.53
5386,453,6,2,4,94.42,93.17
5387,453,6,3,4,93.21,91.15
5388,454,6,1,1,63.1,93.5
5389,454,6,2,1,63.27,85.65
5390,454,6,1,2,64.03,78.75
5391,454,6,2,2,63.89,91.02
5392,454,6,3,2,63.85,79.92
5393,454,6,1,3,64.05,83.74
5394,454,6,2,3,64.33,91.0
5395,454,6,3,3,64.2,84.95
5396,454,6,1,4,64.7,93.76
5397,454,6,2,4,64.65,80.48
5398,454,6,3,4,64.46,79.8
5399,455,6,1,1,54.3,80.7
5400,455,6,2,1,51.33,82.38
5401,455,6,1,2,49.71,89.09
5402,455,6,2,2,49.38,84.4
5403,455,6,3,2,49.81,88.29
5404,455,6,1,3,52.65,91.01
5405,455,6,2,3,52.84,93.94
5406,455,6,3,3,52.37,85.61
5407,455,6,1,4,51.69,92.39
5408,455,6,2,4,54.56,78.46
5409,455,6,3,4,54.23,92.89
5410,456,6,1,1,77.16,88.6
5411,456,6,2,1,79.56,81.41
5412,456,6,1,2,78.38,90.57
5413,456,6,2,2,77.76,79.34
5414,456,6,3,2,75.43,82.27
5415,456,6,1,3,71.57,81.16
5416,456,6,2,3,76.44,82.25
5417,456,6,3,3,71.08,79.69
5418,456,6,1,4,71.6,91.09
5419,456,6,2,4,73.23,84.05
5420,456,6,3,4,71.88,79.27
5421,457,6,1,1,80.98,79.96
5422,457,6,2,1,77.44,80.46
5423,457,6,1,2,80.7,83.74
5424,457,6,2,2,78.9,80.43
5425,457,6,3,2,77.36,86.68
5426,457,6,1,3,80.24,82.66
5427,457,6,2,3,77.61,85.84
5428,457,6,3,3,79.73,82.01
5429,457,6,1,4,79.79,89.15
5430,457,6,2,4,82.15,80.7
5431,457,6,3,4,82.0,78.53
5432,458,6,1,1,97.9,92.13
5433,458,6,2,1,93.47,94.46
5434,458,6,1,2,95.23,90.78
5435,458,6,2,2,95.16,95.48
5436,458,6,3,2,94.14,95.59
5437,458,6,1,3,94.15,93.28
5438,458,6,2,3,92.24,92.89
5439,458,6,3,3,94.44,91.03
5440,458,6,1,4,96.95,90.09
5441,458,6,2,4,92.96,94.17
5442,458,6,3,4,92.89,95.37
5443,459,6,1,1,63.61,89.52
5444,459,6,2,1,63.55,81.89
5445,459,6,1,2,63.62,81.0
5446,459,6,2,2,63.92,87.31
5447,459,6,3,2,63.66,91.74
5448,459,6,1,3,63.97,85.53
5449,459,6,2,3,64.09,78.43
5450,459,6,3,3,64.12,82.89
5451,459,6,1,4,64.45,79.31
5452,459,6,2,4,64.51,84.49
5453,459,6,3,4,64.44,87.03
5454,460,6,1,1,53.83,83.33
5455,460,6,2,1,52.64,81.55
5456,460,6,1,2,51.38,90.81
5457,460,6,2,2,54.63,87.75
5458,460,6,3,2,51.34,93.94
5459,460,6,1,3,50.04,89.71
5460,460,6,2,3,50.61,79.42
5461,460,6,3,3,51.4,82.02
5462,460,6,1,4,50.46,89.4
5463,460,6,2,4,50.62,85.78
5464,460,6,3,4,54.6,90.87
5465,461,6,1,1,80.79,80.48
5466,461,6,2,1,81.15,89.11
5467,461,6,1,2,74.72,86.32
5468,461,6,2,2,77.54,80.02
5469,461,6,3,2,78.94,80.0
5470,461,6,1,3,74.09,86.22
5471,461,6,2,3,72.0,91.34
5472,461,6,3,3,71.66,86.62
5473,461,6,1,4,69.81,86.14
5474,461,6,2,4,71.18,87.03
5475,461,6,3,4,71.6,85.33
5476,462,6,1,1,78.96,84.3
5477,462,6,2,1,79.74,89.32
5478,462,6,1,2,79.29,88.25
5479,462,6,2,2,78.78,82.14
5480,462,6,3,2,77.11,84.01
5481,462,6,1,3,80.41,83.18
5482,462,6,2,3,80.77,89.54
5483,462,6,3,3,77.53,84.9
5484,462,6,1,4,80.54,82.65
5485,462,6,2,4,80.45,84.02
5486,462,6,3,4,78.88,82.98
5487,463,6,1,1,95.27,90.21
5488,463,6,2,1,93.59,98.24
5489,463,6,1,2,94.92,98.78
5490,463,6,2,2,95.41,96.44
5491,463,6,3,2,96.93,92.86
5492,463,6,1,3,97.02,95.51
5493,463,6,2,3,95.55,96.18
5494,463,6,3,3,97.54,94.6
5495,463,6,1,4,94.48,93.49
5496,463,6,2,4,94.73,91.23
5497,463,6,3,4,92.04,93.02
5498,464,6,1,1,63.49,87.86
5499,464,6,2,1,63.39,88.12
5500,464,6,1,2,63.98,86.5
5501,464,6,2,2,63.61,81.0
5502,464,6,3,2,63.59,78.83
5503,464,6,1,3,63.96,93.71
5504,464,6,2,3,64.44,88.34
5505,464,6,3,3,64.16,93.65
5506,464,6,1,4,64.82,93.44
5507,464,6,2,4,64.66,80.5
5508,464,6,3,4,64.48,83.29
5509,465,6,1,1,52.84,88.75
5510,465,6,2,1,53.72,81.08
5511,465,6,1,2,51.72,81.92
5512,465,6,2,2,51.51,86.12
5513,465,6,3,2,51.7,86.81
5514,465,6,1,3,53.27,93.68
5515,465,6,2,3,50.45,93.73
5516,465,6,3,3,50.92,87.2
5517,465,6,1,4,51.19,83.03
5518,465,6,2,4,51.22,78.97
5519,465,6,3,4,53.76,79.89
5520,466,6,1,1,82.64,87.73
5521,466,6,2,1,82.71,85.39
5522,466,6,1,2,74.3,88.44
5523,466,6,2,2,76.31,80.15
5524,466,6,3,2,74.48,81.94
5525,466,6,1,3,72.86,78.52
5526,466,6,2,3,72.76,80.67
5527,466,6,3,3,71.18,81.03
5528,466,6,1,4,73.95,79.84
5529,466,6,2,4,72.83,81.13
5530,466,6,3,4,69.46,90.64
5531,467,6,1,1,76.44,92.5
5532,467,6,2,1,80.22,87.68
5533,467,6,1,2,80.34,82.23
5534,467,6,2,2,78.68,80.95
5535,467,6,3,2,77.54,82.56
5536,467,6,1,3,82.16,90.57
5537,467,6,2,3,77.64,81.41
5538,467,6,3,3,79.36,90.14
5539,467,6,1,4,82.09,88.62
5540,467,6,2,4,81.53,78.08
5541,467,6,3,4,78.84,79.35
5542,468,6,1,1,94.05,95.62
5543,468,6,2,1,92.98,94.51
5544,468,6,1,2,93.42,95.81
5545,468,6,2,2,92.98,97.39
5546,468,6,3,2,93.74,98.09
5547,468,6,1,3,93.93,94.39
5548,468,6,2,3,96.39,98.1
5549,468,6,3,3,95.43,92.97
5550,468,6,1,4,92.38,92.97
5551,468,6,2,4,92.58,90.16
5552,468,6,3,4,95.84,93.07
5553,469,6,1,1,63.21,88.5
5554,469,6,2,1,63.18,79.55
5555,469,6,1,2,63.98,88.77
5556,469,6,2,2,63.87,88.34
5557,469,6,3,2,63.84,83.47
5558,469,6,1,3,64.33,89.7
5559,469,6,2,3,64.25,78.59
5560,469,6,3,3,63.98,91.84
5561,469,6,1,4,64.45,89.4
5562,469,6,2,4,64.33,87.13
5563,469,6,3,4,64.66,93.88
5564,470,6,1,1,51.36,92.2
5565,470,6,2,1,51.62,89.31
5566,470,6,1,2,52.83,93.41
5567,470,6,2,2,49.02,92.42
5568,470,6,3,2,52.54,90.58
5569,470,6,1,3,50.32,85.06
5570,470,6,2,3,52.74,82.74
5571,470,6,3,3,53.38,82.52
5572,470,6,1,4,52.5,79.34
5573,470,6,2,4,53.09,82.59
5574,470,6,3,4,51.48,86.99
5575,471,6,1,1,77.28,93.21
5576,471,6,2,1,82.08,85.22
5577,471,6,1,2,74.99,90.91
5578,471,6,2,2,79.89,82.17
5579,471,6,3,2,76.46,87.05
5580,471,6,1,3,71.61,93.38
5581,471,6,2,3,71.25,87.46
5582,471,6,3,3,72.73,93.9
5583,471,6,1,4,69.93,93.69
5584,471,6,2,4,69.14,89.96
5585,471,6,3,4,70.66,83.26
5586,472,6,1,1,80.3,85.26
5587,472,6,2,1,77.68,93.51
5588,472,6,1,2,80.59,82.69
5589,472,6,2,2,76.05,90.47
5590,472,6,3,2,78.72,82.66
5591,472,6,1,3,79.8,78.17
5592,472,6,2,3,82.79,80.07
5593,472,6,3,3,80.53,88.17
5594,472,6,1,4,79.43,81.73
5595,472,6,2,4,78.67,91.98
5596,472,6,3,4,82.09,88.16
5597,473,6,1,1,94.78,96.84
5598,473,6,2,1,94.44,96.08
5599,473,6,1,2,96.33,92.96
5600,473,6,2,2,97.44,93.75
5601,473,6,3,2,94.83,93.92
5602,473,6,1,3,92.95,97.32
5603,473,6,2,3,96.29,93.74
5604,473,6,3,3,96.55,95.49
5605,473,6,1,4,92.9,92.44
5606,473,6,2,4,92.81,91.16
5607,473,6,3,4,93.07,98.84
5608,474,6,1,1,63.19,82.66
5609,474,6,2,1,63.55,92.0
5610,474,6,1,2,63.73,78.13
5611,474,6,2,2,63.66,92.28
5612,474,6,3,2,63.79,88.38
5613,474,6,1,3,63.93,86.57
5614,474,6,2,3,64.06,87.85
5615,474,6,3,3,64.34,78.57
5616,474,6,1,4,64.44,82.07
5617,474,6,2,4,64.77,80.99
5618,474,6,3,4,64.74,92.08
5619,475,6,1,1,50.37,90.06
5620,475,6,2,1,51.9,91.2
5621,475,6,1,2,54.55,87.18
5622,475,6,2,2,52.94,92.97
5623,475,6,3,2,49.66,84.67
5624,475,6,1,3,49.74,88.79
5625,475,6,2,3,49.72,79.6
5626,475,6,3,3,54.44,83.27
5627,475,6,1,4,50.27,83.12
5628,475,6,2,4,53.53,86.33
5629,475,6,3,4,54.24,85.15
5630,476,6,1,1,81.36,85.37
5631,476,6,2,1,77.48,89.41
5632,476,6,1,2,77.06,92.87
5633,476,6,2,2,78.44,83.8
5634,476,6,3,2,74.45,83.11
5635,476,6,1,3,74.74,78.33
5636,476,6,2,3,73.72,92.68
5637,476,6,3,3,74.65,83.58
5638,476,6,1,4,70.34,88.27
5639,476,6,2,4,73.6,88.7
5640,476,6,3,4,71.89,82.84
5641,477,6,1,1,80.26,78.01
5642,477,6,2,1,80.89,81.24
5643,477,6,1,2,79.49,82.17
5644,477,6,2,2,79.01,92.48
5645,477,6,3,2,76.99,88.87
5646,477,6,1,3,77.63,84.8
5647,477,6,2,3,78.91,80.28
5648,477,6,3,3,77.2,80.76
5649,477,6,1,4,81.48,83.1
5650,477,6,2,4,78.71,83.91
5651,477,6,3,4,79.38,88.1
5652,478,6,1,1,92.5,93.17
5653,478,6,2,1,92.34,97.96
5654,478,6,1,2,95.31,97.99
5655,478,6,2,2,94.59,90.4
5656,478,6,3,2,95.98,98.37
5657,478,6,1,3,93.95,97.96
5658,478,6,2,3,95.68,94.59
5659,478,6,3,3,92.12,91.25
5660,478,6,1,4,94.72,98.16
5661,478,6,2,4,95.72,96.72
5662,478,6,3,4,92.93,98.18
5663,479,6,1,1,63.62,86.67
5664,479,6,2,1,63.59,91.39
5665,479,6,1,2,64.09,83.6
5666,479,6,2,2,63.94,93.96
5667,479,6,3,2,63.55,80.74
5668,479,6,1,3,64.26,78.33
5669,479,6,2,3,64.08,90.91
5670,479,6,3,3,64.1,88.7
5671,479,6,1,4,64.32,81.09
5672,479,6,2,4,64.32,85.57
5673,479,6,3,4,64.8,84.8
5674,480,6,1,1,53.3,78.16
5675,480,6,2,1,53.92,92.82
5676,480,6,1,2,50.98,92.83
5677,480,6,2,2,49.43,78.22
5678,480,6,3,2,53.95,86.77
5679,480,6,1,3,50.91,78.76
5680,480,6,2,3,51.48,79.85
5681,480,6,3,3,50.98,81.37
5682,480,6,1,4,54.55,80.24
5683,480,6,2,4,50.64,80.0
5684,480,6,3,4,52.21,79.35
